idea_id,entry_time_et,exit_time_et,direction,fill_count,net_pnl,setup_label,time_bucket,or_classification,entry_vs_or,first_completed_or_breakout,entry_vs_vwap,entry_vs_15m_ema9,rsi_regime,trend_state,volume_ratio_15m,prior_day_trend_direction,prior_day_zombie_proxy,minutes_to_15m_close_at_entry,mae_points,mfe_points,move_after_15m_points,move_after_30m_points
47,2025-12-11 09:44:16.017757-05:00,2025-12-11 09:59:46.095113-05:00,long,10,1172.1399999999999,pre_or_locked_trade,09:30-10:00,tight,below_or,none,below,unknown,unknown,unknown,,up,False,0.7330373833333332,45.37921348314558,159.12078651685442,-21.379213483145577,120.62078651685442
14,2025-11-20 11:06:59.381765-05:00,2025-11-20 12:00:17.118239-05:00,long,16,1104.9,discretionary_or_unclassified,11:00-12:00,normal,below_or,long,below,below,neutral,mixed,1.172301029413058,up,False,8.010303916666667,229.75624999999854,370.99375000000146,204.74375000000146,90.24375000000146
41,2025-12-08 10:15:08.815176-05:00,2025-12-08 14:01:13.947316-05:00,long,16,726.92,discretionary_or_unclassified,10:00-11:00,tight,below_or,short,below,below,neutral,downtrend_below_ema,1.4577266790355607,up,False,14.853080400000001,80.62771739130403,104.37228260869597,44.12228260869597,50.37228260869597
55,2025-12-23 09:56:46.159842-05:00,2025-12-23 12:50:40.169234-05:00,short,8,613.2199999999999,discretionary_or_unclassified,09:30-10:00,normal,above_or,none,above,above,bull_trend_zone,uptrend_above_ema,4.190104284769745,down,False,3.2306693,12.246527777777374,139.00347222222263,130.50347222222263,87.00347222222263
17,2025-11-21 11:41:57.420672-05:00,2025-11-21 13:56:57.633881-05:00,short,14,550.54,discretionary_or_unclassified,11:00-12:00,normal,above_or,short,above,above,neutral,uptrend_above_ema,0.9321653742048754,down,True,3.0429888000000003,74.2361111111095,299.0138888888905,170.7638888888905,108.2638888888905
117,2026-02-11 09:55:11.423520-05:00,2026-02-11 11:30:01.572367-05:00,short,2,400.52,discretionary_or_unclassified,09:30-10:00,normal,below_or,none,below,above,neutral,uptrend_above_ema,3.228538925101464,down,False,4.809608,83.875,254.375,75.625,232.875
111,2026-02-06 10:50:35.479641-05:00,2026-02-06 11:36:09.589570-05:00,short,9,364.74,discretionary_or_unclassified,10:00-11:00,wide,above_or,none,above,above,neutral,uptrend_above_ema,1.0847947154326238,down,False,9.40867265,14.28787878787989,214.4621212121201,79.96212121212011,37.21212121212011
79,2026-01-13 09:46:41.326614-05:00,2026-01-13 11:51:27.183536-05:00,short,4,342.03999999999996,discretionary_or_unclassified,09:30-10:00,normal,inside_or,none,below,below,neutral,mixed,4.819547003692133,up,True,13.311223100000001,52.25,156.5,9.25,65.0
140,2026-03-09 10:01:05.731506-04:00,2026-03-09 13:39:31.620449-04:00,short,11,314.9800000000001,discretionary_or_unclassified,10:00-11:00,normal,above_or,none,above,above,bear_trend_zone,mixed,1.8272279594651273,down,False,13.9044749,117.52806122448965,308.97193877551035,251.22193877551035,201.97193877551035
44,2025-12-10 09:57:57.944073-05:00,2025-12-10 11:09:29.502177-05:00,long,13,310.78000000000003,discretionary_or_unclassified,09:30-10:00,normal,below_or,none,below,below,neutral,downtrend_below_ema,3.922676983929558,up,False,2.03426545,14.88349514563015,113.61650485436985,100.11650485436985,86.61650485436985
179,2026-03-31 12:44:21.187059-04:00,2026-03-31 14:13:45.840906-04:00,short,7,306.82000000000005,discretionary_or_unclassified,12:00-13:30,tight,above_or,long,above,above,neutral,uptrend_above_ema,0.6886635861225727,down,True,0.64688235,88.17857142857247,91.82142857142753,14.321428571427532,-39.17857142857247
137,2026-03-04 09:31:01.366804-05:00,2026-03-04 15:07:33.096459-05:00,short,4,303.5999999999999,pre_or_locked_trade,09:30-10:00,normal,above_or,none,above,unknown,unknown,unknown,,up,False,13.977219933333334,91.95000000000073,311.5499999999993,244.04999999999927,153.04999999999927
30,2025-12-01 10:02:09.927206-05:00,2025-12-01 11:07:36.478314-05:00,short,7,291.38,ema_continuation_candidate,10:00-11:00,normal,above_or,long,above,near,neutral,downtrend_below_ema,3.23132514333615,up,True,12.834546566666667,32.25,121.25,31.0,66.25
22,2025-11-25 09:39:41.662333-05:00,2025-11-25 11:20:37.468240-05:00,short,11,288.90000000000003,pre_or_locked_trade,09:30-10:00,normal,inside_or,none,below,unknown,unknown,unknown,,up,True,5.305627783333334,70.79999999999927,200.70000000000073,56.20000000000073,31.450000000000728
70,2026-01-05 09:30:41.584305-05:00,2026-01-05 12:06:52.311272-05:00,short,11,283.09999999999997,pre_or_locked_trade,09:30-10:00,normal,inside_or,none,unknown,unknown,unknown,unknown,,down,False,14.30692825,54.96470588235388,114.53529411764612,29.035294117646117,56.78529411764612
67,2026-01-02 09:56:03.642855-05:00,2026-01-02 10:12:09.932646-05:00,short,1,282.52,discretionary_or_unclassified,09:30-10:00,normal,near_or_high,none,above,above,neutral,uptrend_above_ema,4.090778721841735,down,True,3.9392857500000003,44.0,116.75,79.25,237.5
74,2026-01-08 09:44:51.457624-05:00,2026-01-08 10:05:45.084658-05:00,long,5,271.3,pre_or_locked_trade,09:30-10:00,wide,inside_or,none,below,unknown,unknown,unknown,,up,False,0.14237293333333334,50.79999999999927,55.95000000000073,-16.799999999999272,56.95000000000073
125,2026-02-19 10:12:22.198450-05:00,2026-02-19 11:52:31.558851-05:00,short,2,259.52,ema_continuation_candidate,10:00-11:00,normal,above_or,none,above,near,neutral,downtrend_below_ema,2.4030427861223838,up,False,2.6300258333333333,45.25,114.75,35.25,-9.25
13,2025-11-20 09:43:58.357097-05:00,2025-11-20 10:58:30.553235-05:00,short,13,251.9,pre_or_locked_trade,09:30-10:00,normal,near_or_high,none,above,unknown,unknown,unknown,,up,False,1.0273817166666666,71.09999999999854,82.90000000000146,-38.849999999998545,35.400000000001455
138,2026-03-05 10:19:26.530576-05:00,2026-03-05 11:13:16.506398-05:00,short,3,248.27999999999997,discretionary_or_unclassified,10:00-11:00,normal,inside_or,long,below,below,neutral,mixed,2.2892813744076967,up,True,10.557823733333333,59.75,137.25,92.25,27.25
148,2026-03-12 09:51:49.843583-04:00,2026-03-12 10:30:06.985459-04:00,short,2,246.51999999999998,discretionary_or_unclassified,09:30-10:00,tight,below_or,none,below,below,bear_trend_zone,downtrend_below_ema,2.632348812813049,down,False,8.169273616666667,25.875,119.625,22.875,72.625
126,2026-02-20 10:19:17.789331-05:00,2026-02-20 12:05:48.696787-05:00,short,3,237.78,discretionary_or_unclassified,10:00-11:00,wide,above_or,none,above,above,neutral,uptrend_above_ema,2.9293141126108813,up,False,10.70351115,80.16666666666788,151.58333333333212,120.08333333333212,-15.66666666666788
3,2025-11-14 09:45:59.318167-05:00,2025-11-14 12:40:25.720767-05:00,short,6,237.57999999999998,ema_continuation_candidate,09:30-10:00,wide,above_or,none,above,near,bear_trend_zone,downtrend_below_ema,2.547769378675637,down,True,14.011363883333333,253.03125,221.46875,109.71875,109.46875
9,2025-11-18 09:59:02.632250-05:00,2025-11-18 11:13:04.108423-05:00,long,4,235.3,discretionary_or_unclassified,09:30-10:00,normal,below_or,none,below,below,bear_trend_zone,downtrend_below_ema,2.5806136268443134,down,False,0.9561291666666667,131.45000000000073,98.79999999999927,17.549999999999272,34.29999999999927
75,2026-01-09 10:30:11.675840-05:00,2026-01-09 10:44:11.632417-05:00,short,3,225.78,inverse_orb_candidate,10:00-11:00,wide,above_or,long,above,above,bull_trend_zone,uptrend_above_ema,2.22404562528859,down,False,14.805402666666668,23.0,95.0,78.25,33.25
68,2026-01-02 10:30:15.713787-05:00,2026-01-02 10:33:36.323736-05:00,long,1,219.52,discretionary_or_unclassified,10:00-11:00,normal,below_or,short,below,below,neutral,downtrend_below_ema,3.058592357122807,down,True,14.73810355,14.25,64.5,96.0,-122.5
121,2026-02-13 10:45:00.980024-05:00,2026-02-13 13:03:47.047578-05:00,short,5,214.08,inverse_orb_candidate,10:00-11:00,wide,above_or,long,above,above,neutral,mixed,1.5147378869941353,down,True,14.983666266666667,82.8125,190.9375,87.9375,76.4375
165,2026-03-25 09:50:12.733886-04:00,2026-03-25 13:51:15.404557-04:00,short,8,208.58,discretionary_or_unclassified,09:30-10:00,tight,below_or,none,below,above,neutral,uptrend_above_ema,2.404368585070189,down,False,9.787768566666667,123.25,108.75,-3.25,-82.75
108,2026-02-04 09:49:26.339423-05:00,2026-02-04 11:03:08.174913-05:00,short,2,204.01999999999998,discretionary_or_unclassified,09:30-10:00,normal,below_or,none,below,below,neutral,downtrend_below_ema,2.1778133283973795,down,True,10.561009616666666,154.125,142.875,66.375,21.375
164,2026-03-24 09:57:41.767244-04:00,2026-03-24 13:32:59.326345-04:00,short,5,201.08,discretionary_or_unclassified,09:30-10:00,wide,inside_or,none,above,below,bear_trend_zone,downtrend_below_ema,2.5025844305117753,down,False,2.3038792666666668,100.09375,119.40625,64.65625,47.65625
184,2026-04-06 10:01:03.670989-04:00,2026-04-06 10:04:57.842329-04:00,short,1,200.26,discretionary_or_unclassified,10:00-11:00,normal,above_or,long,above,above,bull_trend_zone,uptrend_above_ema,2.0704320017604414,up,True,13.93881685,11.5,111.75,24.25,8.25
12,2025-11-19 12:35:11.636672-05:00,2025-11-19 13:08:59.915179-05:00,long,6,197.56,orb_breakout_or_retest_candidate,12:00-13:30,normal,inside_or,long,below,below,neutral,downtrend_below_ema,0.9100631834366089,down,False,9.806055466666667,102.0,58.25,7.5,44.0
81,2026-01-14 10:00:18.046975-05:00,2026-01-14 10:12:55.647649-05:00,long,2,193.52,inverse_orb_candidate,10:00-11:00,wide,below_or,short,below,below,bear_trend_zone,downtrend_below_ema,2.5362704691647515,down,False,14.699217083333334,48.0,84.75,93.0,2.5
156,2026-03-19 11:10:56.061765-04:00,2026-03-19 13:33:31.683148-04:00,short,4,192.54,discretionary_or_unclassified,11:00-12:00,normal,above_or,long,above,above,bear_trend_zone,mixed,0.7815222375057314,down,True,4.06563725,-116.75,301.25,222.5,252.5
1,2025-11-13 09:41:55.866320-05:00,2025-11-13 09:53:10.472542-05:00,long,1,171.78,pre_or_locked_trade,09:30-10:00,wide,inside_or,none,below,unknown,unknown,unknown,,down,False,3.0688946666666665,66.25,40.75,46.75,79.25
178,2026-03-31 12:39:29.738130-04:00,2026-03-31 12:40:00.837701-04:00,long,1,171.52,orb_breakout_or_retest_candidate,12:00-13:30,tight,above_or,long,above,above,neutral,uptrend_above_ema,0.6886635861225727,down,True,5.504364499999999,15.75,198.25,144.0,149.25
6,2025-11-17 10:07:07.726037-05:00,2025-11-17 11:53:39.775179-05:00,short,6,170.56,inverse_orb_candidate,10:00-11:00,wide,inside_or,long,below,below,neutral,mixed,1.7520260117529851,up,False,7.8712327166666665,47.125,195.375,33.875,49.125
134,2026-02-27 12:57:13.346741-05:00,2026-02-27 15:27:20.053706-05:00,long,3,170.3,orb_breakout_or_retest_candidate,12:00-13:30,normal,inside_or,long,below,below,neutral,downtrend_below_ema,0.9811728664588136,down,False,2.7775543166666665,30.849999999998545,100.15000000000146,9.650000000001455,-22.099999999998545
82,2026-01-14 10:26:46.743905-05:00,2026-01-14 10:31:27.446127-05:00,short,1,167.26,orb_breakout_or_retest_candidate,10:00-11:00,wide,inside_or,short,above,below,neutral,downtrend_below_ema,2.394831115897115,down,False,3.2209349166666663,6.25,90.25,54.0,170.5
123,2026-02-17 09:53:59.546958-05:00,2026-02-17 12:12:26.812345-05:00,short,2,164.01999999999998,discretionary_or_unclassified,09:30-10:00,normal,inside_or,none,below,below,bear_trend_zone,downtrend_below_ema,2.6955223908217847,up,False,6.0075506999999995,178.125,169.125,85.375,75.375
200,2026-04-23 11:08:04.849126-04:00,2026-04-23 14:50:32.235410-04:00,short,14,159.14000000000001,discretionary_or_unclassified,11:00-12:00,normal,inside_or,long,below,below,neutral,mixed,1.3590225836984788,up,True,6.919181233333333,169.94642857142753,306.05357142857247,-159.69642857142753,-143.94642857142753
197,2026-04-21 10:25:10.142551-04:00,2026-04-21 10:58:44.328280-04:00,short,1,148.26,discretionary_or_unclassified,10:00-11:00,normal,inside_or,long,above,above,bull_trend_zone,uptrend_above_ema,2.2745030046083965,down,False,4.830957483333333,28.0,100.0,-1.5,44.25
132,2026-02-26 10:30:46.593621-05:00,2026-02-26 10:40:51.399837-05:00,long,1,138.26,discretionary_or_unclassified,10:00-11:00,tight,below_or,short,below,below,bear_trend_zone,downtrend_below_ema,4.104874643252898,up,True,14.22343965,43.0,92.75,110.75,113.75
27,2025-11-28 09:39:32.875381-05:00,2025-11-28 11:21:29.892457-05:00,short,5,136.84,pre_or_locked_trade,09:30-10:00,tight,inside_or,none,above,unknown,unknown,unknown,,up,False,5.452076983333333,28.277777777777374,79.22222222222263,26.472222222222626,33.222222222222626
171,2026-03-27 10:00:10.695454-04:00,2026-03-27 11:31:00.763969-04:00,long,2,135.02,discretionary_or_unclassified,10:00-11:00,normal,below_or,short,below,below,bear_trend_zone,downtrend_below_ema,2.1078887549771923,down,True,14.821742433333332,79.375,87.625,20.625,-35.125
167,2026-03-26 10:43:14.121860-04:00,2026-03-26 12:17:09.162305-04:00,short,4,121.04,discretionary_or_unclassified,10:00-11:00,tight,inside_or,long,below,below,bear_trend_zone,downtrend_below_ema,1.2595180860054034,down,False,1.7646356666666667,60.3125,83.1875,0.4375,-1.8125
195,2026-04-20 09:50:17.227233-04:00,2026-04-20 10:51:13.507284-04:00,short,3,119.28,discretionary_or_unclassified,09:30-10:00,normal,inside_or,none,below,below,neutral,downtrend_below_ema,2.500956136455228,up,False,9.71287945,51.5,140.5,-11.5,15.25
91,2026-01-21 11:55:03.087982-05:00,2026-01-21 14:27:44.639713-05:00,long,13,118.38000000000001,orb_breakout_or_retest_candidate,11:00-12:00,normal,above_or,long,below,below,neutral,downtrend_below_ema,1.8911234085356434,down,False,4.948533633333333,97.90384615384755,171.09615384615245,-40.90384615384755,-20.153846153847553
24,2025-11-26 09:30:34.230578-05:00,2025-11-26 09:52:12.441897-05:00,short,3,117.78,pre_or_locked_trade,09:30-10:00,tight,inside_or,none,unknown,unknown,unknown,unknown,,up,False,14.429490366666666,48.58333333333212,43.66666666666788,-12.08333333333212,84.16666666666788
124,2026-02-18 11:03:53.001946-05:00,2026-02-18 13:44:48.154161-05:00,short,1,111.26,discretionary_or_unclassified,11:00-12:00,tight,above_or,long,above,above,bull_trend_zone,uptrend_above_ema,0.8671152558372538,up,False,11.116634233333334,40.75,78.0,-1.0,-20.5
118,2026-02-12 09:55:01.363693-05:00,2026-02-12 10:01:21.779218-05:00,short,1,106.26,discretionary_or_unclassified,09:30-10:00,tight,below_or,none,below,below,neutral,mixed,2.7034435815723525,down,False,4.977271783333333,2.75,93.25,61.25,44.0
11,2025-11-19 10:01:52.772502-05:00,2025-11-19 11:24:59.720750-05:00,short,5,105.32000000000001,discretionary_or_unclassified,10:00-11:00,normal,above_or,long,above,above,neutral,uptrend_above_ema,1.7577146026743087,down,False,13.1204583,69.96428571428623,251.03571428571377,-59.964285714286234,-26.964285714286234
45,2025-12-10 13:18:53.667488-05:00,2025-12-10 15:52:01.034138-05:00,short,6,97.32000000000001,discretionary_or_unclassified,12:00-13:30,normal,above_or,short,above,above,neutral,uptrend_above_ema,0.4602940314221546,up,False,11.105541866666666,94.8928571428587,195.8571428571413,165.1071428571413,146.3571428571413
162,2026-03-23 10:36:26.322896-04:00,2026-03-23 12:25:24.223052-04:00,short,3,96.78,discretionary_or_unclassified,10:00-11:00,normal,inside_or,long,below,above,bull_trend_zone,uptrend_above_ema,4.121583364870375,flat,False,8.561285066666667,168.66666666666788,174.83333333333212,-81.66666666666788,-139.16666666666788
191,2026-04-10 09:47:22.479268-04:00,2026-04-10 10:10:02.272562-04:00,short,1,93.76,discretionary_or_unclassified,09:30-10:00,tight,inside_or,none,near,above,bull_trend_zone,uptrend_above_ema,2.2808249291174674,up,False,12.625345533333332,21.75,64.75,39.5,9.25
96,2026-01-27 10:05:07.299025-05:00,2026-01-27 13:02:28.443678-05:00,short,2,88.03999999999999,discretionary_or_unclassified,10:00-11:00,normal,above_or,long,above,above,bull_trend_zone,uptrend_above_ema,2.7871840949736213,up,False,9.878349583333334,50.375,34.625,-14.125,-15.125
194,2026-04-16 09:41:38.318596-04:00,2026-04-16 10:26:59.077911-04:00,short,1,85.76,pre_or_locked_trade,09:30-10:00,normal,inside_or,none,below,unknown,unknown,unknown,,up,True,3.361356733333333,24.5,105.25,68.0,26.5
73,2026-01-07 10:04:30.256596-05:00,2026-01-07 12:06:05.943602-05:00,short,7,85.32000000000001,discretionary_or_unclassified,10:00-11:00,normal,above_or,none,above,above,bull_trend_zone,uptrend_above_ema,2.102944801903011,up,True,10.495723400000001,100.82142857142753,77.67857142857247,49.92857142857247,4.178571428572468
86,2026-01-16 09:35:00.665283-05:00,2026-01-16 09:55:11.970973-05:00,short,2,83.52,pre_or_locked_trade,09:30-10:00,tight,inside_or,none,below,unknown,unknown,unknown,,down,True,9.988911949999999,47.875,81.625,15.125,84.625
127,2026-02-23 09:58:40.905914-05:00,2026-02-23 10:04:56.742427-05:00,short,1,80.76,discretionary_or_unclassified,09:30-10:00,normal,inside_or,none,below,below,neutral,downtrend_below_ema,2.7322112987405407,up,True,1.3182347666666667,45.0,62.0,35.75,37.5
51,2025-12-17 10:46:09.623144-05:00,2025-12-17 10:50:27.850306-05:00,long,2,79.02000000000001,discretionary_or_unclassified,10:00-11:00,normal,inside_or,short,above,above,neutral,mixed,1.5899836919353991,up,False,13.839614266666667,241.25,-183.75,-289.0,-317.75
153,2026-03-18 09:46:17.470060-04:00,2026-03-18 12:41:16.217407-04:00,short,2,73.52000000000001,discretionary_or_unclassified,09:30-10:00,tight,above_or,none,above,above,neutral,mixed,2.4895714052020286,up,False,13.708832333333334,-140.625,325.375,183.375,227.875
42,2025-12-09 12:04:06.941905-05:00,2025-12-09 14:08:28.637320-05:00,short,4,72.53999999999999,discretionary_or_unclassified,12:00-13:30,tight,above_or,long,above,above,neutral,uptrend_above_ema,0.8250126935690537,down,False,10.884301583333333,22.75,26.75,8.75,11.0
89,2026-01-20 10:01:20.785264-05:00,2026-01-20 11:17:10.332333-05:00,short,4,70.54,discretionary_or_unclassified,10:00-11:00,normal,inside_or,none,above,below,bear_trend_zone,downtrend_below_ema,3.391668587887625,up,False,13.653578933333334,80.0625,94.1875,72.4375,-12.3125
19,2025-11-24 09:43:58.618162-05:00,2025-11-24 15:50:03.868563-05:00,short,12,64.61999999999998,pre_or_locked_trade,09:30-10:00,wide,above_or,none,above,unknown,unknown,unknown,,up,False,1.0230306333333334,67.75675675675666,321.24324324324334,253.49324324324334,192.99324324324334
105,2026-02-02 10:16:20.427572-05:00,2026-02-02 11:16:05.272097-05:00,short,2,64.52,inverse_orb_candidate,10:00-11:00,wide,above_or,long,above,above,neutral,uptrend_above_ema,1.3241163035864438,down,False,13.659540466666666,51.5,57.5,-14.25,-5.0
129,2026-02-24 10:02:56.184700-05:00,2026-02-24 10:12:40.778365-05:00,long,1,64.26,discretionary_or_unclassified,10:00-11:00,normal,inside_or,none,above,above,neutral,uptrend_above_ema,2.553763865251698,down,False,12.063588333333334,32.25,55.75,4.5,152.0
25,2025-11-26 11:28:28.900353-05:00,2025-11-26 15:30:02.886112-05:00,short,6,60.56,discretionary_or_unclassified,11:00-12:00,tight,above_or,short,above,above,bull_trend_zone,uptrend_above_ema,1.045201273083646,up,False,1.5183274500000001,46.875,47.375,-42.875,-25.125
58,2025-12-26 09:45:25.940260-05:00,2025-12-26 09:49:46.291766-05:00,short,1,59.52,discretionary_or_unclassified,09:30-10:00,tight,near_or_high,none,above,above,bull_trend_zone,uptrend_above_ema,2.992024319682418,up,False,14.567662333333335,4.0,35.75,58.0,94.25
102,2026-01-29 10:30:25.310555-05:00,2026-01-29 11:12:05.437214-05:00,long,5,59.32000000000001,inverse_orb_candidate,10:00-11:00,wide,below_or,short,below,below,bear_trend_zone,downtrend_below_ema,2.3027742361776777,down,False,14.578157416666667,103.17857142857247,114.32142857142753,-5.678571428572468,-45.42857142857247
190,2026-04-09 12:17:24.183587-04:00,2026-04-09 12:33:04.301573-04:00,short,3,59.28,discretionary_or_unclassified,12:00-13:30,tight,above_or,short,above,above,bull_trend_zone,uptrend_above_ema,1.1560738972145765,down,False,12.596940216666667,25.41666666666788,23.33333333333212,14.33333333333212,45.33333333333212
193,2026-04-14 10:00:34.273271-04:00,2026-04-14 16:09:52.738386-04:00,short,10,57.95999999999995,discretionary_or_unclassified,10:00-11:00,normal,above_or,none,above,above,bull_trend_zone,uptrend_above_ema,1.9049549579585388,up,True,14.428778816666666,39.85326086956411,252.3967391304359,184.3967391304359,156.1467391304359
103,2026-01-30 09:38:25.473614-05:00,2026-01-30 09:46:21.165933-05:00,short,1,55.76,pre_or_locked_trade,09:30-10:00,normal,inside_or,none,above,unknown,unknown,unknown,,down,False,6.575439766666666,58.25,42.75,-5.75,2.5
49,2025-12-16 10:09:46.311164-05:00,2025-12-16 10:55:25.548117-05:00,short,1,51.52,discretionary_or_unclassified,10:00-11:00,normal,above_or,long,above,above,neutral,uptrend_above_ema,1.8028313382748626,down,True,5.228147266666666,-204.0,402.25,349.75,342.5
155,2026-03-19 11:06:32.959339-04:00,2026-03-19 11:10:02.758130-04:00,long,2,51.32000000000001,orb_breakout_or_retest_candidate,11:00-12:00,normal,above_or,long,above,above,bear_trend_zone,mixed,0.7815222375057314,down,True,8.450677683333334,232.96428571428623,-165.46428571428623,-275.96428571428623,-334.46428571428623
136,2026-03-03 10:00:36.743049-05:00,2026-03-03 12:05:07.453839-05:00,short,5,51.31999999999999,orb_breakout_or_retest_candidate,10:00-11:00,normal,inside_or,short,above,below,bear_trend_zone,downtrend_below_ema,2.7180797218070483,up,True,14.38761585,92.07142857142753,282.17857142857247,138.42857142857247,256.42857142857247
149,2026-03-13 09:45:09.274633-04:00,2026-03-13 09:58:02.371923-04:00,short,1,51.26,discretionary_or_unclassified,09:30-10:00,normal,inside_or,none,above,above,neutral,uptrend_above_ema,2.7572990411879976,down,True,14.845422783333333,39.0,45.25,14.0,106.25
144,2026-03-10 13:36:49.332421-04:00,2026-03-10 14:14:52.529646-04:00,short,2,50.52,discretionary_or_unclassified,13:30-15:00,tight,above_or,short,above,below,bull_trend_zone,mixed,0.6869547572442495,up,True,8.177792983333333,73.625,88.875,-62.875,-37.875
112,2026-02-06 13:32:12.993523-05:00,2026-02-06 14:17:12.905065-05:00,short,1,48.26,inverse_orb_candidate,13:30-15:00,wide,above_or,long,above,above,neutral,uptrend_above_ema,0.45449713884132825,down,False,12.783441283333334,18.5,27.0,-10.75,-4.25
110,2026-02-05 13:49:09.496477-05:00,2026-02-05 14:31:41.821811-05:00,short,2,46.52,orb_breakout_or_retest_candidate,13:30-15:00,wide,inside_or,short,below,below,neutral,downtrend_below_ema,0.49427074978903246,down,False,10.841725383333333,121.25,56.0,-8.5,-111.5
135,2026-03-02 10:27:43.996779-05:00,2026-03-02 13:51:14.577184-05:00,short,3,45.8,inverse_orb_candidate,10:00-11:00,wide,above_or,long,above,above,neutral,uptrend_above_ema,1.9498962046286292,up,True,2.26672035,71.29999999999927,163.20000000000073,83.45000000000073,78.95000000000073
31,2025-12-01 13:54:24.917903-05:00,2025-12-01 14:02:00.782017-05:00,short,1,45.26,discretionary_or_unclassified,13:30-15:00,normal,above_or,long,above,above,neutral,uptrend_above_ema,0.31276459159321196,up,True,5.584701616666666,10.0,25.25,36.0,76.5
104,2026-01-30 11:17:28.271564-05:00,2026-01-30 11:18:14.776680-05:00,short,1,41.76,orb_breakout_or_retest_candidate,11:00-12:00,normal,below_or,short,below,below,neutral,downtrend_below_ema,1.0689466454406402,down,False,12.528807266666666,9.5,27.0,-6.0,-5.5
133,2026-02-26 13:35:05.995992-05:00,2026-02-26 13:38:05.838640-05:00,long,1,41.26,discretionary_or_unclassified,13:30-15:00,tight,below_or,short,below,near,bear_trend_zone,downtrend_below_ema,0.4600486376681873,up,True,9.9000668,12.5,35.0,10.25,59.5
143,2026-03-10 10:55:50.113049-04:00,2026-03-10 11:34:58.767740-04:00,short,1,40.26,discretionary_or_unclassified,10:00-11:00,tight,above_or,short,above,above,bull_trend_zone,uptrend_above_ema,1.3541614763759748,up,True,4.1647825166666665,49.0,24.0,4.25,-19.0
139,2026-03-06 11:17:57.247233-05:00,2026-03-06 11:24:11.697987-05:00,short,1,38.76,discretionary_or_unclassified,11:00-12:00,tight,above_or,long,above,below,neutral,downtrend_below_ema,1.0842161781262523,up,False,12.04587945,40.75,28.25,-25.0,-55.0
199,2026-04-22 10:33:04.463592-04:00,2026-04-22 15:04:23.592520-04:00,short,7,38.32000000000001,discretionary_or_unclassified,10:00-11:00,tight,above_or,long,above,above,bull_trend_zone,uptrend_above_ema,1.310155461829495,down,False,11.9256068,57.92857142857247,51.82142857142753,9.071428571427532,37.57142857142753
100,2026-01-28 10:00:25.281679-05:00,2026-01-28 10:09:43.045863-05:00,short,1,35.76,discretionary_or_unclassified,10:00-11:00,tight,inside_or,none,near,above,bull_trend_zone,uptrend_above_ema,2.845349852636175,up,False,14.578638683333333,9.5,32.25,20.25,29.5
196,2026-04-20 13:01:44.577118-04:00,2026-04-20 15:03:42.451773-04:00,short,4,35.56,orb_breakout_or_retest_candidate,12:00-13:30,normal,below_or,short,above,above,neutral,mixed,0.3711522439145218,up,False,13.257048033333332,25.91666666666788,62.33333333333212,25.08333333333212,30.58333333333212
85,2026-01-15 09:55:36.631130-05:00,2026-01-15 09:57:24.128771-05:00,short,1,33.76,discretionary_or_unclassified,09:30-10:00,normal,inside_or,none,above,above,bull_trend_zone,uptrend_above_ema,2.660967206148633,down,False,4.389481166666667,10.75,38.25,46.5,43.0
59,2025-12-26 10:25:55.595369-05:00,2025-12-26 11:14:01.573218-05:00,long,2,33.519999999999996,discretionary_or_unclassified,10:00-11:00,tight,near_or_low,short,below,near,neutral,downtrend_below_ema,2.0314449304012046,up,False,4.073410516666667,12.75,41.5,15.25,26.75
181,2026-04-01 10:55:21.932472-04:00,2026-04-01 12:32:11.247890-04:00,short,3,32.28,discretionary_or_unclassified,10:00-11:00,normal,above_or,long,above,above,bull_trend_zone,uptrend_above_ema,1.5182391536394038,up,True,4.6344588,69.58333333333212,32.16666666666788,-3.8333333333321207,-6.083333333332121
38,2025-12-05 11:03:18.216427-05:00,2025-12-05 13:05:34.914069-05:00,long,3,31.28,orb_breakout_or_retest_candidate,11:00-12:00,normal,inside_or,long,below,near,neutral,uptrend_above_ema,2.1085961215822655,down,False,11.696392883333335,84.41666666666788,26.08333333333212,-36.66666666666788,-50.16666666666788
37,2025-12-05 10:06:10.190509-05:00,2025-12-05 10:47:21.990514-05:00,short,1,30.76,discretionary_or_unclassified,10:00-11:00,normal,above_or,long,above,above,bull_trend_zone,uptrend_above_ema,1.97776751888735,down,False,8.830158183333333,35.75,38.25,-17.25,-15.0
7,2025-11-17 13:58:16.361276-05:00,2025-11-17 14:57:29.636304-05:00,long,6,30.600000000000016,discretionary_or_unclassified,13:30-15:00,wide,below_or,long,below,below,neutral,downtrend_below_ema,0.5944335268804034,up,False,1.7273120666666666,66.07500000000073,89.17499999999927,59.17499999999927,12.674999999999272
87,2026-01-16 11:43:34.482257-05:00,2026-01-16 12:32:44.569276-05:00,short,2,30.520000000000003,orb_breakout_or_retest_candidate,11:00-12:00,tight,below_or,short,below,near,neutral,uptrend_above_ema,0.7145822938510333,down,True,1.4252957166666667,42.25,32.75,-7.5,1.0
182,2026-04-02 10:32:47.417127-04:00,2026-04-02 13:52:14.996677-04:00,short,2,28.02000000000001,discretionary_or_unclassified,10:00-11:00,normal,above_or,long,above,above,neutral,mixed,1.6800318410024728,up,False,12.20971455,208.75,110.25,-109.0,-48.75
131,2026-02-25 09:35:29.103516-05:00,2026-02-25 15:55:32.303620-05:00,short,4,26.339999999999954,pre_or_locked_trade,09:30-10:00,tight,above_or,none,above,unknown,unknown,unknown,,up,False,9.5149414,53.722222222222626,125.77777777777737,17.027777777777374,9.527777777777374
113,2026-02-09 10:59:29.018099-05:00,2026-02-09 15:37:47.240674-05:00,short,4,25.04000000000001,inverse_orb_candidate,10:00-11:00,wide,above_or,long,above,above,bull_trend_zone,uptrend_above_ema,1.2866457167031438,up,True,0.5163650166666667,63.75,59.75,33.75,9.25
39,2025-12-05 14:47:39.443075-05:00,2025-12-05 14:50:19.943512-05:00,long,1,23.26,orb_breakout_or_retest_candidate,13:30-15:00,normal,inside_or,long,below,below,neutral,downtrend_below_ema,0.41042405417293415,down,False,12.342615416666666,2.0,19.75,19.75,21.5
16,2025-11-21 10:55:18.597736-05:00,2025-11-21 11:16:50.935435-05:00,long,2,22.02,discretionary_or_unclassified,10:00-11:00,normal,below_or,short,below,below,bear_trend_zone,downtrend_below_ema,1.5122881044361614,down,True,4.690037733333333,141.875,21.875,-27.375,47.125
57,2025-12-24 10:09:18.634190-05:00,2025-12-24 10:18:42.671185-05:00,short,2,20.540000000000003,discretionary_or_unclassified,10:00-11:00,tight,near_or_high,none,above,above,bull_trend_zone,uptrend_above_ema,1.6264411402932948,up,True,5.689430166666667,8.5625,12.9375,22.9375,12.4375
169,2026-03-26 14:39:25.278026-04:00,2026-03-26 14:53:00.225408-04:00,long,1,19.26,discretionary_or_unclassified,13:30-15:00,tight,below_or,long,below,below,bear_trend_zone,downtrend_below_ema,0.5922147804385257,down,False,5.578699566666667,24.5,16.5,14.25,-37.0
150,2026-03-16 10:48:26.219151-04:00,2026-03-16 12:42:40.115811-04:00,short,2,19.02,discretionary_or_unclassified,10:00-11:00,tight,inside_or,long,below,above,neutral,uptrend_above_ema,1.1537553663898026,down,False,11.563014149999999,81.875,55.625,-11.375,-50.375
146,2026-03-11 10:24:38.002834-04:00,2026-03-11 13:47:35.663008-04:00,short,5,17.80000000000001,discretionary_or_unclassified,10:00-11:00,tight,below_or,none,below,below,neutral,mixed,2.0257029569116884,down,False,5.366619433333333,118.40000000000146,97.84999999999854,-36.900000000001455,-78.15000000000146
63,2025-12-30 10:13:56.620036-05:00,2025-12-30 10:15:21.468585-05:00,long,1,16.52,orb_breakout_or_retest_candidate,10:00-11:00,tight,inside_or,long,below,below,neutral,mixed,3.10277236723839,up,False,1.0563327333333334,10.0,15.75,1.5,-10.0
175,2026-03-30 12:24:37.707412-04:00,2026-03-30 12:27:14.015200-04:00,short,1,14.76,orb_breakout_or_retest_candidate,12:00-13:30,wide,below_or,short,below,below,neutral,downtrend_below_ema,0.8089667586703468,down,True,5.371543133333334,11.75,22.25,-13.0,7.75
172,2026-03-27 15:21:34.532885-04:00,2026-03-27 15:23:51.433036-04:00,long,1,13.26,discretionary_or_unclassified,15:00-16:00,normal,below_or,short,below,below,bear_trend_zone,downtrend_below_ema,0.7881542954245369,down,True,8.424451916666666,11.75,12.5,-2.25,-59.75
109,2026-02-04 12:39:53.408073-05:00,2026-02-04 12:41:15.428060-05:00,long,1,12.26,discretionary_or_unclassified,12:00-13:30,normal,below_or,short,below,below,bear_trend_zone,downtrend_below_ema,0.8959890331871873,down,True,5.10986545,23.0,25.0,23.25,0.25
76,2026-01-09 12:26:17.794338-05:00,2026-01-09 12:31:24.543157-05:00,short,1,10.76,inverse_orb_candidate,12:00-13:30,wide,above_or,long,above,above,bull_trend_zone,uptrend_above_ema,0.5011491723724177,down,False,3.7034276999999998,7.25,10.0,2.75,-11.75
61,2025-12-29 10:08:40.806606-05:00,2025-12-29 10:09:59.623207-05:00,short,1,10.26,discretionary_or_unclassified,10:00-11:00,wide,inside_or,none,below,below,bear_trend_zone,downtrend_below_ema,3.832679390835938,down,False,6.319889900000001,14.5,20.5,-34.25,-58.0
83,2026-01-14 12:01:38.402792-05:00,2026-01-14 12:02:24.601589-05:00,long,1,9.76,inverse_orb_candidate,12:00-13:30,wide,below_or,short,below,below,bear_trend_zone,downtrend_below_ema,1.1761950527378509,down,False,13.359953466666667,3.0,17.0,12.75,7.5
94,2026-01-23 10:20:16.571756-05:00,2026-01-23 12:42:16.129636-05:00,short,3,8.279999999999982,discretionary_or_unclassified,10:00-11:00,normal,above_or,long,above,above,neutral,uptrend_above_ema,2.0266702364034264,down,False,9.723804066666666,96.08333333333212,77.91666666666788,-24.58333333333212,-53.83333333333212
163,2026-03-23 15:32:25.236738-04:00,2026-03-23 15:36:49.542829-04:00,short,1,7.76,discretionary_or_unclassified,15:00-16:00,normal,inside_or,long,below,near,neutral,uptrend_above_ema,0.5806707455245864,flat,False,12.579387700000002,7.75,8.75,-22.0,76.0
66,2025-12-31 09:52:23.333375-05:00,2025-12-31 10:02:52.875299-05:00,long,2,7.039999999999999,discretionary_or_unclassified,09:30-10:00,tight,near_or_low,none,below,below,bear_trend_zone,downtrend_below_ema,3.686189636174071,down,False,7.6111104166666665,12.5,29.0,5.0,-20.0
198,2026-04-21 11:43:33.221070-04:00,2026-04-21 11:44:51.213441-04:00,long,1,4.76,orb_breakout_or_retest_candidate,11:00-12:00,normal,inside_or,long,below,below,neutral,downtrend_below_ema,1.7242527012406057,down,False,1.4463155,9.5,10.75,0.25,-0.75
192,2026-04-13 10:02:35.902811-04:00,2026-04-13 10:22:00.663667-04:00,short,1,3.76,discretionary_or_unclassified,10:00-11:00,tight,above_or,long,above,above,neutral,uptrend_above_ema,3.1541755269134515,down,False,12.401619816666665,36.5,51.5,42.0,2.5
106,2026-02-03 10:04:07.758503-05:00,2026-02-03 12:19:02.756507-05:00,long,4,3.059999999999988,inverse_orb_candidate,10:00-11:00,wide,below_or,short,below,below,bear_trend_zone,downtrend_below_ema,3.379292447102576,up,True,10.870691616666667,92.625,150.875,81.375,7.125
95,2026-01-26 09:58:40.779219-05:00,2026-01-26 15:54:50.308562-05:00,short,5,2.299999999999997,discretionary_or_unclassified,09:30-10:00,normal,above_or,none,above,above,neutral,uptrend_above_ema,2.934676112038098,up,False,1.3203463500000001,51.849999999998545,77.90000000000146,47.150000000001455,38.650000000001455
56,2025-12-23 15:49:04.569539-05:00,2025-12-23 15:50:17.308930-05:00,short,1,2.26,discretionary_or_unclassified,15:00-16:00,normal,above_or,long,above,above,bull_trend_zone,uptrend_above_ema,0.5342212563458428,down,False,10.923841016666668,10.0,5.75,-7.25,-7.25
107,2026-02-03 14:38:28.431381-05:00,2026-02-03 14:57:26.934019-05:00,long,1,2.26,inverse_orb_candidate,13:30-15:00,wide,below_or,short,below,below,bear_trend_zone,downtrend_below_ema,1.026066322366184,up,True,6.52614365,69.5,18.5,-44.0,-15.5
72,2026-01-06 15:17:30.523276-05:00,2026-01-06 15:24:13.022662-05:00,short,1,2.26,discretionary_or_unclassified,15:00-16:00,tight,above_or,long,above,above,bull_trend_zone,uptrend_above_ema,0.5163068415615018,down,False,12.491278733333333,3.5,6.5,2.5,-18.5
119,2026-02-12 12:01:36.779246-05:00,2026-02-12 12:16:05.003055-05:00,long,1,1.26,discretionary_or_unclassified,12:00-13:30,tight,below_or,short,below,below,bear_trend_zone,downtrend_below_ema,1.0135126590913779,down,False,13.387012566666668,7.5,64.25,28.75,29.25
116,2026-02-10 10:25:56.985680-05:00,2026-02-10 11:16:35.623077-05:00,short,1,1.26,discretionary_or_unclassified,10:00-11:00,normal,inside_or,none,above,above,neutral,uptrend_above_ema,2.439443768763519,up,False,4.050238666666667,56.75,34.25,-14.75,7.0
62,2025-12-29 13:01:18.006874-05:00,2025-12-29 13:01:40.507115-05:00,short,1,1.26,orb_breakout_or_retest_candidate,12:00-13:30,wide,inside_or,short,below,below,neutral,downtrend_below_ema,0.5520572327693265,down,False,13.699885433333332,5.25,1.75,-4.25,-14.25
36,2025-12-04 13:07:43.771385-05:00,2025-12-04 14:16:59.205690-05:00,short,1,0.26,discretionary_or_unclassified,12:00-13:30,normal,inside_or,none,below,below,neutral,mixed,0.424668390756653,up,False,7.2704769166666665,54.5,4.75,-29.5,-35.0
