row_id,symbol,contract,direction,entry_time_et,exit_time_et,entry_price,exit_price,size,gross_pnl,fees,net_pnl,source_position_size
1625258966,F.US.MNQ,MNQZ25,long,2025-11-13 09:41:55.866320-05:00,2025-11-13 09:53:10.472542-05:00,25347.0,25376.0,3,174.0,2.22,171.78,-3.0
1632544631,F.US.MNQ,MNQZ25,long,2025-11-14 08:38:31.346902-05:00,2025-11-14 08:48:02.811966-05:00,24682.5,24700.25,2,71.0,1.48,69.52,-2.0
1633651534,F.US.MNQ,MNQZ25,short,2025-11-14 09:45:59.318167-05:00,2025-11-14 10:01:16.072740-05:00,24844.0,24915.25,1,-142.5,0.74,-143.24,1.0
1633651535,F.US.MNQ,MNQZ25,short,2025-11-14 09:59:54.429684-05:00,2025-11-14 10:01:16.072766-05:00,24951.75,24915.25,3,219.0,2.22,216.78,3.0
1633808427,F.US.MNQ,MNQZ25,short,2025-11-14 10:06:39.013163-05:00,2025-11-14 10:08:02.195892-05:00,24957.0,24932.25,1,49.5,0.74,48.76,1.0
1634591969,F.US.MNQ,MNQZ25,short,2025-11-14 10:51:53.811590-05:00,2025-11-14 10:56:36.712194-05:00,25158.75,25104.0,1,109.5,0.74,108.76,1.0
1635347553,F.US.MNQ,MNQZ25,short,2025-11-14 12:05:04.281886-05:00,2025-11-14 12:26:39.808092-05:00,25240.75,25240.75,1,0.0,0.74,-0.74,1.0
1635435992,F.US.MNQ,MNQZ25,short,2025-11-14 12:40:10.568240-05:00,2025-11-14 12:40:25.720767-05:00,25268.0,25264.0,1,8.0,0.74,7.26,1.0
1638942208,F.US.MNQ,MNQZ25,short,2025-11-17 02:32:55.551185-05:00,2025-11-17 03:15:57.615470-05:00,25317.75,25333.0,1,-30.5,0.74,-31.24,1.0
1638942209,F.US.MNQ,MNQZ25,short,2025-11-17 03:15:04.273548-05:00,2025-11-17 03:15:57.615504-05:00,25337.5,25333.0,5,45.0,3.7,41.3,5.0
1639075687,F.US.MNQ,MNQZ25,short,2025-11-17 03:57:03.096410-05:00,2025-11-17 04:03:07.658811-05:00,25357.5,25312.0,1,91.0,0.74,90.26,1.0
1639817428,F.US.MNQ,MNQZ25,long,2025-11-17 07:36:06.928028-05:00,2025-11-17 08:16:27.502409-05:00,25158.5,25087.25,1,-142.5,0.74,-143.24,-1.0
1639817429,F.US.MNQ,MNQZ25,long,2025-11-17 08:11:39.581343-05:00,2025-11-17 08:16:27.502450-05:00,25070.5,25087.25,5,167.5,3.7,163.8,-5.0
1640490016,F.US.MNQ,MNQZ25,long,2025-11-17 08:18:23.632116-05:00,2025-11-17 09:35:14.826110-05:00,25109.25,25099.75,1,-19.0,0.74,-19.74,-1.0
1641293988,F.US.MNQ,MNQZ25,short,2025-11-17 10:07:07.726037-05:00,2025-11-17 10:07:52.889410-05:00,25133.75,25115.5,1,36.5,0.74,35.76,1.0
1641568016,F.US.MNQ,MNQZ25,short,2025-11-17 10:14:40.083149-05:00,2025-11-17 10:20:06.862334-05:00,25115.5,25063.25,1,104.5,0.74,103.76,1.0
1641641248,F.US.MNQ,MNQZ25,short,2025-11-17 10:23:36.484330-05:00,2025-11-17 10:24:11.186883-05:00,25115.75,25111.25,1,9.0,0.74,8.26,1.0
1642039902,F.US.MNQ,MNQZ25,short,2025-11-17 10:48:38.687607-05:00,2025-11-17 10:49:10.800656-05:00,25142.0,25137.5,1,9.0,0.74,8.26,1.0
1642787892,F.US.MNQ,MNQZ25,short,2025-11-17 11:46:05.312677-05:00,2025-11-17 11:47:37.144363-05:00,25148.0,25144.0,1,8.0,0.74,7.26,1.0
1642838435,F.US.MNQ,MNQZ25,short,2025-11-17 11:52:25.233332-05:00,2025-11-17 11:53:39.775179-05:00,25178.25,25174.25,1,8.0,0.74,7.26,1.0
1643911162,F.US.MNQ,MNQZ25,long,2025-11-17 13:58:16.361276-05:00,2025-11-17 14:01:06.618882-05:00,24901.5,24898.0,1,-7.0,0.74,-7.74,-1.0
1644003464,F.US.MNQ,MNQZ25,long,2025-11-17 14:02:07.467570-05:00,2025-11-17 14:12:10.443504-05:00,24897.25,24899.0,1,3.5,0.74,2.76,-1.0
1644277295,F.US.MNQ,MNQZ25,long,2025-11-17 14:14:22.352856-05:00,2025-11-17 14:45:05.109536-05:00,24883.5,24821.25,1,-124.5,0.74,-125.24,-1.0
1644277296,F.US.MNQ,MNQZ25,long,2025-11-17 14:39:02.346780-05:00,2025-11-17 14:45:05.109567-05:00,24807.0,24821.25,5,142.5,3.7,138.8,-5.0
1644300284,F.US.MNQ,MNQZ25,long,2025-11-17 14:47:16.854490-05:00,2025-11-17 14:47:32.020338-05:00,24777.0,24784.25,1,14.5,0.74,13.76,-1.0
1644367838,F.US.MNQ,MNQZ25,long,2025-11-17 14:57:21.553725-05:00,2025-11-17 14:57:29.636304-05:00,24766.5,24771.0,1,9.0,0.74,8.26,-1.0
1648080414,F.US.MNQ,MNQZ25,short,2025-11-18 07:00:28.630346-05:00,2025-11-18 07:00:59.461310-05:00,24784.75,24777.5,3,43.5,2.22,41.28,3.0
1648090208,F.US.MNQ,MNQZ25,short,2025-11-18 07:02:13.968877-05:00,2025-11-18 07:03:01.293513-05:00,24771.75,24748.5,1,46.5,0.74,45.76,1.0
1650081757,F.US.MNQ,MNQZ25,long,2025-11-18 09:59:02.632250-05:00,2025-11-18 10:08:34.290833-05:00,24545.0,24551.0,2,24.0,1.48,22.52,-2.0
1650402032,F.US.MNQ,MNQZ25,long,2025-11-18 10:09:58.006567-05:00,2025-11-18 10:21:16.429610-05:00,24544.5,24575.0,1,61.0,0.74,60.26,-1.0
1651191645,F.US.MNQ,MNQZ25,long,2025-11-18 11:06:31.356410-05:00,2025-11-18 11:07:50.373447-05:00,24408.75,24468.75,1,120.0,0.74,119.26,-1.0
1651269156,F.US.MNQ,MNQZ25,long,2025-11-18 11:12:52.687416-05:00,2025-11-18 11:13:04.108423-05:00,24514.0,24531.0,1,34.0,0.74,33.26,-1.0
1656492782,F.US.MNQ,MNQZ25,short,2025-11-19 05:48:50.676508-05:00,2025-11-19 07:11:23.369719-05:00,24677.75,24675.0,1,5.5,0.74,4.76,1.0
1658415597,F.US.MNQ,MNQZ25,short,2025-11-19 10:01:52.772502-05:00,2025-11-19 10:18:31.011463-05:00,24894.75,24950.25,1,-111.0,0.74,-111.74,1.0
1658415598,F.US.MNQ,MNQZ25,short,2025-11-19 10:17:32.279301-05:00,2025-11-19 10:18:31.011497-05:00,24973.5,24950.25,3,139.5,2.22,137.28,3.0
1658536607,F.US.MNQ,MNQZ25,short,2025-11-19 10:20:19.311403-05:00,2025-11-19 10:24:30.214020-05:00,24953.25,24947.5,1,11.5,0.74,10.76,1.0
1658655133,F.US.MNQ,MNQZ25,short,2025-11-19 10:30:27.770651-05:00,2025-11-19 10:31:22.167786-05:00,24961.25,24937.0,1,48.5,0.74,47.76,1.0
1659543232,F.US.MNQ,MNQZ25,short,2025-11-19 11:24:33.422310-05:00,2025-11-19 11:24:59.720750-05:00,24696.5,24685.5,1,22.0,0.74,21.26,1.0
1660429405,F.US.MNQ,MNQZ25,long,2025-11-19 12:35:11.636672-05:00,2025-11-19 12:42:56.981153-05:00,24569.0,24613.75,1,89.5,0.74,88.76,-1.0
1660491085,F.US.MNQ,MNQZ25,long,2025-11-19 12:45:50.336786-05:00,2025-11-19 12:48:12.234696-05:00,24581.25,24600.5,1,38.5,0.74,37.76,-1.0
1660511047,F.US.MNQ,MNQZ25,long,2025-11-19 12:49:05.970380-05:00,2025-11-19 12:50:52.503714-05:00,24611.25,24613.0,1,3.5,0.74,2.76,-1.0
1660601396,F.US.MNQ,MNQZ25,long,2025-11-19 12:57:09.228275-05:00,2025-11-19 13:02:49.755215-05:00,24646.25,24648.5,1,4.5,0.74,3.76,-1.0
1660651919,F.US.MNQ,MNQZ25,long,2025-11-19 13:07:44.432477-05:00,2025-11-19 13:08:38.196626-05:00,24616.25,24642.5,1,52.5,0.74,51.76,-1.0
1660653741,F.US.MNQ,MNQZ25,long,2025-11-19 13:08:51.798163-05:00,2025-11-19 13:08:59.915179-05:00,24636.0,24642.75,1,13.5,0.74,12.76,-1.0
1665909292,F.US.MNQ,MNQZ25,short,2025-11-20 09:43:58.357097-05:00,2025-11-20 09:45:02.020179-05:00,25231.0,25218.0,1,26.0,0.74,25.26,1.0
1666372271,F.US.MNQ,MNQZ25,short,2025-11-20 09:56:27.880897-05:00,2025-11-20 10:02:51.894166-05:00,25278.0,25271.0,1,14.0,0.74,13.26,1.0
1666432338,F.US.MNQ,MNQZ25,short,2025-11-20 10:04:41.177300-05:00,2025-11-20 10:05:32.762233-05:00,25280.5,25228.5,1,104.0,0.74,103.26,1.0
1666539485,F.US.MNQ,MNQZ25,short,2025-11-20 10:07:43.018365-05:00,2025-11-20 10:09:08.795118-05:00,25200.5,25196.25,1,8.5,0.74,7.76,1.0
1666664879,F.US.MNQ,MNQZ25,short,2025-11-20 10:09:43.792770-05:00,2025-11-20 10:14:36.220874-05:00,25192.75,25174.5,1,36.5,0.74,35.76,1.0
1666909123,F.US.MNQ,MNQZ25,short,2025-11-20 10:16:31.920071-05:00,2025-11-20 10:25:20.601430-05:00,25161.0,25231.25,1,-140.5,0.74,-141.24,1.0
1666909124,F.US.MNQ,MNQZ25,short,2025-11-20 10:18:23.907700-05:00,2025-11-20 10:25:20.601506-05:00,25230.0,25231.25,1,-2.5,0.74,-3.24,1.0
1667257843,F.US.MNQ,MNQZ25,short,2025-11-20 10:26:14.124286-05:00,2025-11-20 10:46:22.078475-05:00,25239.25,25271.25,1,-64.0,0.74,-64.74,1.0
1667257845,F.US.MNQ,MNQZ25,short,2025-11-20 10:44:43.162307-05:00,2025-11-20 10:46:22.078505-05:00,25302.5,25271.25,3,187.5,2.22,185.28,3.0
1667325788,F.US.MNQ,MNQZ25,short,2025-11-20 10:46:36.697513-05:00,2025-11-20 10:49:50.079478-05:00,25272.75,25236.25,1,73.0,0.74,72.26,1.0
1667360652,F.US.MNQ,MNQZ25,short,2025-11-20 10:51:13.316157-05:00,2025-11-20 10:52:04.245466-05:00,25224.0,25222.0,1,4.0,0.74,3.26,1.0
1667428074,F.US.MNQ,MNQZ25,short,2025-11-20 10:55:38.252930-05:00,2025-11-20 10:56:01.930465-05:00,25185.75,25180.75,1,10.0,0.74,9.26,1.0
1667477158,F.US.MNQ,MNQZ25,short,2025-11-20 10:58:05.042490-05:00,2025-11-20 10:58:30.553235-05:00,25180.5,25177.25,1,6.5,0.74,5.76,1.0
1667653771,F.US.MNQ,MNQZ25,long,2025-11-20 11:06:59.381765-05:00,2025-11-20 11:07:29.185644-05:00,25104.5,25090.25,1,-28.5,0.74,-29.24,-1.0
1667732823,F.US.MNQ,MNQZ25,long,2025-11-20 11:07:54.885847-05:00,2025-11-20 11:11:59.403837-05:00,25079.5,25063.5,1,-32.0,0.74,-32.74,-1.0
1667732824,F.US.MNQ,MNQZ25,long,2025-11-20 11:10:32.263618-05:00,2025-11-20 11:11:59.403885-05:00,25051.0,25063.5,3,75.0,2.22,72.78,-3.0
1667909190,F.US.MNQ,MNQZ25,long,2025-11-20 11:14:37.960763-05:00,2025-11-20 11:20:05.844067-05:00,25013.75,24959.25,1,-109.0,0.74,-109.74,-1.0
1667909191,F.US.MNQ,MNQZ25,long,2025-11-20 11:19:05.051933-05:00,2025-11-20 11:20:05.844103-05:00,24931.5,24959.25,5,277.5,3.7,273.8,-5.0
1667937725,F.US.MNQ,MNQZ25,long,2025-11-20 11:21:37.493271-05:00,2025-11-20 11:21:55.466176-05:00,24959.5,24951.0,1,-17.0,0.74,-17.74,-1.0
1667986604,F.US.MNQ,MNQZ25,long,2025-11-20 11:22:23.438035-05:00,2025-11-20 11:24:38.773377-05:00,24925.75,24912.5,1,-26.5,0.74,-27.24,-1.0
1668042548,F.US.MNQ,MNQZ25,long,2025-11-20 11:26:05.452187-05:00,2025-11-20 11:27:38.184321-05:00,24943.0,24964.25,1,42.5,0.74,41.76,-1.0
1668128182,F.US.MNQ,MNQZ25,long,2025-11-20 11:31:46.720347-05:00,2025-11-20 11:32:06.514529-05:00,24861.75,24867.25,1,11.0,0.74,10.26,-1.0
1668271111,F.US.MNQ,MNQZ25,long,2025-11-20 11:41:01.161519-05:00,2025-11-20 11:41:13.134196-05:00,24767.5,24775.0,1,15.0,0.74,14.26,-1.0
1668347825,F.US.MNQ,MNQZ25,long,2025-11-20 11:45:20.124535-05:00,2025-11-20 11:45:40.575602-05:00,24748.75,24756.75,1,16.0,0.74,15.26,-1.0
1668375549,F.US.MNQ,MNQZ25,long,2025-11-20 11:47:21.841755-05:00,2025-11-20 11:47:39.769005-05:00,24716.5,24736.5,1,40.0,0.74,39.26,-1.0
1668441712,F.US.MNQ,MNQZ25,long,2025-11-20 11:50:48.973545-05:00,2025-11-20 11:52:16.535134-05:00,24762.25,24764.0,1,3.5,0.74,2.76,-1.0
1668587432,F.US.MNQ,MNQZ25,long,2025-11-20 11:53:35.717520-05:00,2025-11-20 12:00:17.118206-05:00,24742.0,24590.5,1,-303.0,0.74,-303.74,-1.0
1668587437,F.US.MNQ,MNQZ25,long,2025-11-20 11:55:04.838778-05:00,2025-11-20 12:00:17.118232-05:00,24646.75,24590.5,5,-562.5,3.7,-566.2,-5.0
1668587439,F.US.MNQ,MNQZ25,long,2025-11-20 11:59:17.279367-05:00,2025-11-20 12:00:17.118239-05:00,24532.75,24590.5,15,1732.5,11.1,1721.4,-15.0
1673263251,F.US.MNQ,MNQZ25,long,2025-11-21 05:07:15.389389-05:00,2025-11-21 05:08:26.779791-05:00,23945.75,23959.25,1,27.0,0.74,26.26,-1.0
1673344974,F.US.MNQ,MNQZ25,long,2025-11-21 05:17:14.358278-05:00,2025-11-21 05:31:55.472156-05:00,23956.0,23957.5,1,3.0,0.74,2.26,-1.0
1676225520,F.US.MNQ,MNQZ25,long,2025-11-21 10:55:18.597736-05:00,2025-11-21 10:55:28.963292-05:00,24084.25,24089.0,1,9.5,0.74,8.76,-1.0
1676489248,F.US.MNQ,MNQZ25,long,2025-11-21 11:16:27.892898-05:00,2025-11-21 11:16:50.935435-05:00,24068.5,24075.5,1,14.0,0.74,13.26,-1.0
1676781972,F.US.MNQ,MNQZ25,short,2025-11-21 11:41:57.420672-05:00,2025-11-21 11:42:58.879025-05:00,24220.5,24220.5,1,0.0,0.74,-0.74,1.0
1676792316,F.US.MNQ,MNQZ25,short,2025-11-21 11:43:56.224688-05:00,2025-11-21 11:44:46.917709-05:00,24219.5,24214.25,1,10.5,0.74,9.76,1.0
1676970425,F.US.MNQ,MNQZ25,short,2025-11-21 11:59:10.293023-05:00,2025-11-21 12:00:12.737640-05:00,24358.5,24351.5,1,14.0,0.74,13.26,1.0
1677404755,F.US.MNQ,MNQZ25,short,2025-11-21 12:22:25.413231-05:00,2025-11-21 13:01:08.348577-05:00,24337.75,24332.0,1,11.5,0.74,10.76,1.0
1677698895,F.US.MNQ,MNQZ25,short,2025-11-21 13:39:38.836478-05:00,2025-11-21 13:39:40.818097-05:00,24369.25,24367.0,1,4.5,0.74,3.76,1.0
1677774133,F.US.MNQ,MNQZ25,short,2025-11-21 13:42:30.673594-05:00,2025-11-21 13:49:36.782121-05:00,24360.0,24496.25,1,-272.5,0.74,-273.24,1.0
1677774134,F.US.MNQ,MNQZ25,short,2025-11-21 13:42:33.313992-05:00,2025-11-21 13:49:36.782191-05:00,24360.5,24496.25,1,-271.5,0.74,-272.24,1.0
1677774135,F.US.MNQ,MNQZ25,short,2025-11-21 13:48:42.127411-05:00,2025-11-21 13:49:36.782200-05:00,24487.5,24496.25,5,-87.5,3.7,-91.2,5.0
1677774136,F.US.MNQ,MNQZ25,short,2025-11-21 13:48:53.145658-05:00,2025-11-21 13:49:36.782206-05:00,24501.25,24496.25,15,150.0,11.1,138.9,15.0
1677774137,F.US.MNQ,MNQZ25,short,2025-11-21 13:49:07.667632-05:00,2025-11-21 13:49:36.782214-05:00,24505.75,24496.25,10,190.0,7.4,182.6,10.0
1677774138,F.US.MNQ,MNQZ25,short,2025-11-21 13:49:12.914936-05:00,2025-11-21 13:49:36.782220-05:00,24520.0,24496.25,10,475.0,7.4,467.6,10.0
1677774139,F.US.MNQ,MNQZ25,short,2025-11-21 13:49:17.608198-05:00,2025-11-21 13:49:36.782225-05:00,24529.5,24496.25,5,332.5,3.7,328.8,5.0
1677792839,F.US.MNQ,MNQZ25,short,2025-11-21 13:51:05.240701-05:00,2025-11-21 13:51:41.413857-05:00,24536.5,24530.75,1,11.5,0.74,10.76,1.0
1677832782,F.US.MNQ,MNQZ25,short,2025-11-21 13:56:25.621562-05:00,2025-11-21 13:56:57.633881-05:00,24499.5,24488.25,1,22.5,0.74,21.76,1.0
1681356843,F.US.MNQ,MNQZ25,short,2025-11-24 06:57:06.340117-05:00,2025-11-24 07:10:37.121982-05:00,24449.0,24445.0,1,8.0,0.74,7.26,1.0
1682399184,F.US.MNQ,MNQZ25,short,2025-11-24 09:43:58.618162-05:00,2025-11-24 09:44:45.136145-05:00,24652.75,24615.25,1,75.0,0.74,74.26,1.0
1682527226,F.US.MNQ,MNQZ25,short,2025-11-24 09:48:48.684427-05:00,2025-11-24 09:49:34.856799-05:00,24670.0,24631.0,1,78.0,0.74,77.26,1.0
1683064096,F.US.MNQ,MNQZ25,short,2025-11-24 10:00:35.356267-05:00,2025-11-24 10:11:16.008830-05:00,24703.0,24673.5,1,59.0,0.74,58.26,1.0
1683768385,F.US.MNQ,MNQZ25,short,2025-11-24 10:57:12.900811-05:00,2025-11-24 10:59:12.507711-05:00,24789.5,24780.25,1,18.5,0.74,17.76,1.0
1684872275,F.US.MNQ,MNQZ25,short,2025-11-24 11:00:05.860855-05:00,2025-11-24 12:55:09.752447-05:00,24784.5,24925.75,1,-282.5,0.74,-283.24,1.0
1684872276,F.US.MNQ,MNQZ25,short,2025-11-24 11:09:50.053259-05:00,2025-11-24 12:55:09.752486-05:00,24857.5,24925.75,1,-136.5,0.74,-137.24,1.0
1684872278,F.US.MNQ,MNQZ25,short,2025-11-24 12:38:28.495111-05:00,2025-11-24 12:55:09.752493-05:00,24900.75,24925.75,5,-250.0,3.7,-253.7,5.0
1684872279,F.US.MNQ,MNQZ25,short,2025-11-24 12:54:18.083822-05:00,2025-11-24 12:55:09.752500-05:00,24934.0,24925.75,4,66.0,2.96,63.04,4.0
1684872280,F.US.MNQ,MNQZ25,short,2025-11-24 12:54:19.797189-05:00,2025-11-24 12:55:09.752506-05:00,24935.25,24925.75,5,95.0,3.7,91.3,5.0
1684872281,F.US.MNQ,MNQZ25,short,2025-11-24 12:54:23.352625-05:00,2025-11-24 12:55:09.752512-05:00,24937.5,24925.75,15,352.5,11.1,341.4,15.0
1686079637,F.US.MNQ,MNQZ25,short,2025-11-24 12:55:14.194764-05:00,2025-11-24 15:50:03.868528-05:00,24923.0,24937.0,1,-28.0,0.74,-28.74,1.0
1686079638,F.US.MNQ,MNQZ25,short,2025-11-24 15:44:33.462511-05:00,2025-11-24 15:50:03.868563-05:00,24959.5,24937.0,1,45.0,0.74,44.26,1.0
1688310414,F.US.MNQ,MNQZ25,short,2025-11-25 03:08:21.399178-05:00,2025-11-25 03:46:02.269255-05:00,24905.25,24901.5,1,7.5,0.74,6.76,1.0
1688658379,F.US.MNQ,MNQZ25,short,2025-11-25 05:50:09.167781-05:00,2025-11-25 05:51:31.199477-05:00,24874.25,24871.0,1,6.5,0.74,5.76,1.0
1688685242,F.US.MNQ,MNQZ25,short,2025-11-25 06:02:58.728530-05:00,2025-11-25 06:04:07.221412-05:00,24877.5,24877.0,1,1.0,0.74,0.26,1.0
1689902809,F.US.MNQ,MNQZ25,short,2025-11-25 09:39:41.662333-05:00,2025-11-25 09:40:07.503817-05:00,24844.75,24823.75,1,42.0,0.74,41.26,1.0
1690291497,F.US.MNQ,MNQZ25,short,2025-11-25 09:45:51.362278-05:00,2025-11-25 09:49:49.516955-05:00,24684.25,24637.5,1,93.5,0.74,92.76,1.0
1690688670,F.US.MNQ,MNQZ25,short,2025-11-25 09:54:34.505087-05:00,2025-11-25 10:02:50.326879-05:00,24731.0,24699.75,1,62.5,0.74,61.76,1.0
1691567849,F.US.MNQ,MNQZ25,short,2025-11-25 10:11:36.143454-05:00,2025-11-25 10:49:14.818482-05:00,24708.5,24823.25,1,-229.5,0.74,-230.24,1.0
1691567850,F.US.MNQ,MNQZ25,short,2025-11-25 10:30:20.755916-05:00,2025-11-25 10:49:14.818508-05:00,24806.5,24823.25,1,-33.5,0.74,-34.24,1.0
1691567851,F.US.MNQ,MNQZ25,short,2025-11-25 10:45:04.639962-05:00,2025-11-25 10:49:14.818516-05:00,24849.75,24823.25,5,265.0,3.7,261.3,5.0
1691629545,F.US.MNQ,MNQZ25,short,2025-11-25 10:49:20.374317-05:00,2025-11-25 10:51:46.203217-05:00,24815.5,24762.25,1,106.5,0.74,105.76,1.0
1691669357,F.US.MNQ,MNQZ25,short,2025-11-25 10:53:22.062379-05:00,2025-11-25 10:54:06.261433-05:00,24796.0,24782.75,1,26.5,0.74,25.76,1.0
1691793877,F.US.MNQ,MNQZ25,short,2025-11-25 11:01:25.412963-05:00,2025-11-25 11:02:54.360713-05:00,24801.25,24793.75,1,15.0,0.74,14.26,1.0
1691930199,F.US.MNQ,MNQZ25,short,2025-11-25 11:12:34.515719-05:00,2025-11-25 11:15:09.837720-05:00,24804.75,24780.5,1,48.5,0.74,47.76,1.0
1691996809,F.US.MNQ,MNQZ25,short,2025-11-25 11:17:02.400971-05:00,2025-11-25 11:20:37.468240-05:00,24799.25,24847.5,1,-96.5,0.74,-97.24,1.0
1695786769,F.US.MNQ,MNQZ25,short,2025-11-26 03:02:00.571026-05:00,2025-11-26 03:11:12.180169-05:00,25204.0,25187.5,1,33.0,0.74,32.26,1.0
1696000842,F.US.MNQ,MNQZ25,short,2025-11-26 04:20:09.928745-05:00,2025-11-26 04:21:14.722639-05:00,25156.25,25143.0,1,26.5,0.74,25.76,1.0
1697443674,F.US.MNQ,MNQZ25,short,2025-11-26 09:30:34.230578-05:00,2025-11-26 09:39:22.208118-05:00,25214.5,25206.5,1,16.0,0.74,15.26,1.0
1697549197,F.US.MNQ,MNQZ25,short,2025-11-26 09:41:12.636877-05:00,2025-11-26 09:42:37.562501-05:00,25223.75,25203.5,1,40.5,0.74,39.76,1.0
1697813214,F.US.MNQ,MNQZ25,short,2025-11-26 09:51:27.786616-05:00,2025-11-26 09:52:12.441897-05:00,25260.5,25228.75,1,63.5,0.74,62.76,1.0
1698582090,F.US.MNQ,MNQZ25,short,2025-11-26 11:28:28.900353-05:00,2025-11-26 11:30:05.399430-05:00,25333.75,25326.5,1,14.5,0.74,13.76,1.0
1698972011,F.US.MNQ,MNQZ25,short,2025-11-26 11:32:05.032822-05:00,2025-11-26 12:09:09.466482-05:00,25327.25,25318.75,1,17.0,0.74,16.26,1.0
1699522518,F.US.MNQ,MNQZ25,short,2025-11-26 13:18:11.425712-05:00,2025-11-26 13:19:30.894248-05:00,25321.0,25314.5,1,13.0,0.74,12.26,1.0
1699641891,F.US.MNQ,MNQZ25,short,2025-11-26 13:32:28.544128-05:00,2025-11-26 13:33:15.808860-05:00,25321.25,25316.0,1,10.5,0.74,9.76,1.0
1700143942,F.US.MNQ,MNQZ25,short,2025-11-26 14:44:49.735066-05:00,2025-11-26 14:51:20.179072-05:00,25320.0,25318.0,1,4.0,0.74,3.26,1.0
1700308873,F.US.MNQ,MNQZ25,short,2025-11-26 15:20:55.477595-05:00,2025-11-26 15:30:02.886112-05:00,25348.5,25345.5,1,6.0,0.74,5.26,1.0
1702198123,F.US.MNQ,MNQZ25,long,2025-11-27 07:48:59.524395-05:00,2025-11-27 07:49:32.976174-05:00,25298.75,25301.25,1,5.0,0.74,4.26,-1.0
1703872525,F.US.MNQ,MNQZ25,short,2025-11-28 09:39:32.875381-05:00,2025-11-28 09:41:00.690222-05:00,25375.0,25351.5,1,47.0,0.74,46.26,1.0
1704270208,F.US.MNQ,MNQZ25,short,2025-11-28 09:55:11.933288-05:00,2025-11-28 10:11:43.841173-05:00,25378.75,25369.5,1,18.5,0.74,17.76,1.0
1704884383,F.US.MNQ,MNQZ25,short,2025-11-28 10:30:11.316229-05:00,2025-11-28 11:21:29.892406-05:00,25364.5,25412.25,1,-95.5,0.74,-96.24,1.0
1704884384,F.US.MNQ,MNQZ25,short,2025-11-28 10:51:11.917464-05:00,2025-11-28 11:21:29.892448-05:00,25411.5,25412.25,1,-1.5,0.74,-2.24,1.0
1704884385,F.US.MNQ,MNQZ25,short,2025-11-28 11:09:33.322494-05:00,2025-11-28 11:21:29.892457-05:00,25429.75,25412.25,5,175.0,3.7,171.3,5.0
1708470851,F.US.MNQ,MNQZ25,short,2025-12-01 02:22:19.086110-05:00,2025-12-01 04:38:38.901037-05:00,25241.0,25295.75,1,-109.5,0.74,-110.24,1.0
1708470852,F.US.MNQ,MNQZ25,short,2025-12-01 03:15:55.554597-05:00,2025-12-01 04:38:38.901073-05:00,25316.0,25295.75,3,121.5,2.22,119.28,3.0
1708698833,F.US.MNQ,MNQZ25,short,2025-12-01 06:17:02.889006-05:00,2025-12-01 06:18:08.035583-05:00,25306.0,25303.25,1,5.5,0.74,4.76,1.0
1710451451,F.US.MNQ,MNQZ25,short,2025-12-01 10:02:09.927206-05:00,2025-12-01 10:03:34.043525-05:00,25365.5,25355.5,1,20.0,0.74,19.26,1.0
1710843888,F.US.MNQ,MNQZ25,short,2025-12-01 10:09:21.204384-05:00,2025-12-01 10:22:01.762658-05:00,25359.0,25344.75,1,28.5,0.74,27.76,1.0
1711111029,F.US.MNQ,MNQZ25,short,2025-12-01 10:25:01.918509-05:00,2025-12-01 10:35:27.843748-05:00,25330.0,25276.5,1,107.0,0.74,106.26,1.0
1711619848,F.US.MNQ,MNQZ25,short,2025-12-01 10:37:43.282116-05:00,2025-12-01 11:06:09.925498-05:00,25314.25,25394.25,1,-160.0,0.74,-160.74,1.0
1711619849,F.US.MNQ,MNQZ25,short,2025-12-01 10:56:45.776891-05:00,2025-12-01 11:06:09.925530-05:00,25405.25,25394.25,3,66.0,2.22,63.78,3.0
1711619850,F.US.MNQ,MNQZ25,short,2025-12-01 10:59:53.025368-05:00,2025-12-01 11:06:09.925538-05:00,25412.75,25394.25,5,185.0,3.7,181.3,5.0
1711655694,F.US.MNQ,MNQZ25,short,2025-12-01 11:06:12.747570-05:00,2025-12-01 11:07:36.478314-05:00,25389.25,25362.0,1,54.5,0.74,53.76,1.0
1713197748,F.US.MNQ,MNQZ25,short,2025-12-01 13:54:24.917903-05:00,2025-12-01 14:02:00.782017-05:00,25483.0,25460.0,1,46.0,0.74,45.26,1.0
1716896324,F.US.MNQ,MNQZ25,short,2025-12-02 05:54:42.301528-05:00,2025-12-02 06:04:26.869339-05:00,25493.0,25480.0,1,26.0,0.74,25.26,1.0
1717351779,F.US.MNQ,MNQZ25,short,2025-12-02 08:31:13.002964-05:00,2025-12-02 08:32:27.203675-05:00,25488.25,25486.25,1,4.0,0.74,3.26,1.0
1718496374,F.US.MNQ,MNQZ25,short,2025-12-02 09:31:04.433210-05:00,2025-12-02 09:53:44.967691-05:00,25476.0,25570.0,1,-188.0,0.74,-188.74,1.0
1718496375,F.US.MNQ,MNQZ25,short,2025-12-02 09:36:35.126863-05:00,2025-12-02 09:53:44.967726-05:00,25574.5,25570.0,1,9.0,0.74,8.26,1.0
1718496376,F.US.MNQ,MNQZ25,short,2025-12-02 09:52:03.295216-05:00,2025-12-02 09:53:44.967733-05:00,25595.25,25570.0,5,252.5,3.7,248.8,5.0
1719442389,F.US.MNQ,MNQZ25,short,2025-12-02 09:53:47.936018-05:00,2025-12-02 10:30:05.578349-05:00,25567.25,25569.0,1,-3.5,0.74,-4.24,1.0
1719442390,F.US.MNQ,MNQZ25,short,2025-12-02 09:59:19.492873-05:00,2025-12-02 10:30:05.578374-05:00,25604.0,25569.0,1,70.0,0.74,69.26,1.0
1719576720,F.US.MNQ,MNQZ25,short,2025-12-02 10:31:06.359598-05:00,2025-12-02 10:34:07.918675-05:00,25563.75,25542.5,1,42.5,0.74,41.76,1.0
1719687915,F.US.MNQ,MNQZ25,short,2025-12-02 10:36:21.895595-05:00,2025-12-02 10:39:26.802087-05:00,25560.25,25559.5,1,1.5,0.74,0.76,1.0
1720085935,F.US.MNQ,MNQZ25,short,2025-12-02 10:58:01.387804-05:00,2025-12-02 11:00:06.784248-05:00,25647.75,25621.25,1,53.0,0.74,52.26,1.0
1720297690,F.US.MNQ,MNQZ25,short,2025-12-02 11:07:17.372165-05:00,2025-12-02 11:10:15.084531-05:00,25604.5,25603.0,1,3.0,0.74,2.26,1.0
1720347987,F.US.MNQ,MNQZ25,short,2025-12-02 11:11:31.543884-05:00,2025-12-02 11:12:33.918515-05:00,25573.25,25564.5,1,17.5,0.74,16.76,1.0
1720478011,F.US.MNQ,MNQZ25,short,2025-12-02 11:15:47.200583-05:00,2025-12-02 11:19:23.488861-05:00,25534.25,25517.5,1,33.5,0.74,32.76,1.0
1725793987,F.US.MNQ,MNQZ25,short,2025-12-03 08:19:47.674997-05:00,2025-12-03 08:20:47.007993-05:00,25655.0,25641.25,1,27.5,0.74,26.76,1.0
1726159395,F.US.MNQ,MNQZ25,short,2025-12-03 09:06:46.797450-05:00,2025-12-03 09:07:25.038575-05:00,25521.25,25491.5,1,59.5,0.74,58.76,1.0
1727719522,F.US.MNQ,MNQZ25,short,2025-12-03 10:06:51.426632-05:00,2025-12-03 10:15:51.744256-05:00,25534.75,25517.5,1,34.5,0.74,33.76,1.0
1728030282,F.US.MNQ,MNQZ25,short,2025-12-03 10:19:33.348562-05:00,2025-12-03 10:29:07.188141-05:00,25529.25,25542.5,1,-26.5,0.74,-27.24,1.0
1728030283,F.US.MNQ,MNQZ25,short,2025-12-03 10:27:46.181467-05:00,2025-12-03 10:29:07.188171-05:00,25547.5,25542.5,3,30.0,2.22,27.78,3.0
1728089468,F.US.MNQ,MNQZ25,short,2025-12-03 10:29:11.727900-05:00,2025-12-03 10:32:02.513393-05:00,25530.5,25514.75,1,31.5,0.74,30.76,1.0
1728411084,F.US.MNQ,MNQZ25,short,2025-12-03 10:41:40.434090-05:00,2025-12-03 10:45:18.022558-05:00,25573.0,25589.0,1,-32.0,0.74,-32.74,1.0
1728411085,F.US.MNQ,MNQZ25,short,2025-12-03 10:44:28.580012-05:00,2025-12-03 10:45:18.022586-05:00,25597.75,25589.0,3,52.5,2.22,50.28,3.0
1728833741,F.US.MNQ,MNQZ25,short,2025-12-03 10:55:45.585038-05:00,2025-12-03 11:11:10.031591-05:00,25567.75,25534.25,1,67.0,0.74,66.26,1.0
1729032893,F.US.MNQ,MNQZ25,short,2025-12-03 11:21:49.560020-05:00,2025-12-03 11:22:54.936490-05:00,25569.75,25550.5,1,38.5,0.74,37.76,1.0
1729324295,F.US.MNQ,MNQZ25,short,2025-12-03 11:27:31.295824-05:00,2025-12-03 11:46:00.779326-05:00,25557.0,25595.0,1,-76.0,0.74,-76.74,1.0
1729324299,F.US.MNQ,MNQZ25,short,2025-12-03 11:35:05.015172-05:00,2025-12-03 11:46:00.779369-05:00,25611.25,25595.0,4,130.0,2.96,127.04,4.0
1734371914,F.US.MNQ,MNQZ25,short,2025-12-04 09:13:10.079791-05:00,2025-12-04 09:17:40.897097-05:00,25729.5,25706.75,1,45.5,0.74,44.76,1.0
1734799780,F.US.MNQ,MNQZ25,short,2025-12-04 09:19:13.645251-05:00,2025-12-04 09:36:33.822804-05:00,25704.0,25631.75,1,144.5,0.74,143.76,1.0
1734845463,F.US.MNQ,MNQZ25,short,2025-12-04 09:36:56.957191-05:00,2025-12-04 09:37:38.754094-05:00,25630.25,25606.5,1,47.5,0.74,46.76,1.0
1735402464,F.US.MNQ,MNQZ25,short,2025-12-04 09:52:25.784937-05:00,2025-12-04 09:57:52.580299-05:00,25567.25,25556.75,1,21.0,0.74,20.26,1.0
1736502292,F.US.MNQ,MNQZ25,short,2025-12-04 10:46:03.322199-05:00,2025-12-04 10:47:47.412428-05:00,25628.25,25594.25,1,68.0,0.74,67.26,1.0
1738642256,F.US.MNQ,MNQZ25,short,2025-12-04 13:07:43.771385-05:00,2025-12-04 14:16:59.205690-05:00,25579.0,25578.5,1,1.0,0.74,0.26,1.0
1744169294,F.US.MNQ,MNQZ25,short,2025-12-05 10:06:10.190509-05:00,2025-12-05 10:47:21.990514-05:00,25832.0,25816.25,1,31.5,0.74,30.76,1.0
1744578685,F.US.MNQ,MNQZ25,long,2025-12-05 11:03:18.216427-05:00,2025-12-05 11:06:30.741325-05:00,25747.0,25753.5,1,13.0,0.74,12.26,-1.0
1745301379,F.US.MNQ,MNQZ25,long,2025-12-05 11:25:29.170312-05:00,2025-12-05 11:54:54.617966-05:00,25730.25,25736.5,1,12.5,0.74,11.76,-1.0
1745885567,F.US.MNQ,MNQZ25,long,2025-12-05 13:01:11.413790-05:00,2025-12-05 13:05:34.914069-05:00,25729.0,25733.0,1,8.0,0.74,7.26,-1.0
1746545906,F.US.MNQ,MNQZ25,long,2025-12-05 14:47:39.443075-05:00,2025-12-05 14:50:19.943512-05:00,25706.25,25718.25,1,24.0,0.74,23.26,-1.0
1749893373,F.US.MNQ,MNQZ25,short,2025-12-08 08:32:20.643908-05:00,2025-12-08 09:15:44.439102-05:00,25785.5,25809.5,1,-48.0,0.74,-48.74,1.0
1749893374,F.US.MNQ,MNQZ25,short,2025-12-08 08:54:51.338802-05:00,2025-12-08 09:15:44.439129-05:00,25809.0,25809.5,2,-2.0,1.48,-3.48,2.0
1749893375,F.US.MNQ,MNQZ25,short,2025-12-08 09:14:50.190948-05:00,2025-12-08 09:15:44.439138-05:00,25819.25,25809.5,4,78.0,2.96,75.04,4.0
1750334578,F.US.MNQ,MNQZ25,short,2025-12-08 09:38:14.576150-05:00,2025-12-08 09:38:38.128242-05:00,25816.0,25812.75,1,6.5,0.74,5.76,1.0
1750394122,F.US.MNQ,MNQZ25,short,2025-12-08 09:39:38.875464-05:00,2025-12-08 09:40:17.030061-05:00,25812.25,25799.75,1,25.0,0.74,24.26,1.0
1750573602,F.US.MNQ,MNQZ25,short,2025-12-08 09:43:31.117013-05:00,2025-12-08 09:45:25.571714-05:00,25802.75,25798.25,1,9.0,0.74,8.26,1.0
1751448680,F.US.MNQ,MNQZ25,long,2025-12-08 10:15:08.815176-05:00,2025-12-08 10:17:41.072216-05:00,25735.5,25743.25,1,15.5,0.74,14.76,-1.0
1751850790,F.US.MNQ,MNQZ25,long,2025-12-08 10:21:53.984760-05:00,2025-12-08 10:32:51.747707-05:00,25724.0,25708.25,1,-31.5,0.74,-32.24,-1.0
1751850791,F.US.MNQ,MNQZ25,long,2025-12-08 10:25:40.099094-05:00,2025-12-08 10:32:51.747726-05:00,25689.0,25708.25,3,115.5,2.22,113.28,-3.0
1752394841,F.US.MNQ,MNQZ25,long,2025-12-08 10:35:57.794773-05:00,2025-12-08 11:02:10.017242-05:00,25719.5,25645.75,1,-147.5,0.74,-148.24,-1.0
1752394843,F.US.MNQ,MNQZ25,long,2025-12-08 10:55:16.612862-05:00,2025-12-08 11:02:10.017250-05:00,25672.75,25645.75,5,-270.0,3.7,-273.7,-5.0
1752394844,F.US.MNQ,MNQZ25,long,2025-12-08 11:00:35.383399-05:00,2025-12-08 11:02:10.017258-05:00,25650.75,25645.75,15,-150.0,11.1,-161.1,-15.0
1752394845,F.US.MNQ,MNQZ25,long,2025-12-08 11:01:51.887177-05:00,2025-12-08 11:02:10.017264-05:00,25636.25,25645.75,15,285.0,11.1,273.9,-15.0
1752394846,F.US.MNQ,MNQZ25,long,2025-12-08 11:01:55.272005-05:00,2025-12-08 11:02:10.017270-05:00,25635.75,25645.75,15,300.0,11.1,288.9,-15.0
1752394847,F.US.MNQ,MNQZ25,long,2025-12-08 11:01:56.231242-05:00,2025-12-08 11:02:10.017277-05:00,25635.5,25645.75,15,307.5,11.1,296.4,-15.0
1752394848,F.US.MNQ,MNQZ25,long,2025-12-08 11:01:59.031641-05:00,2025-12-08 11:02:10.017282-05:00,25633.75,25645.75,15,360.0,11.1,348.9,-15.0
1752847370,F.US.MNQ,MNQZ25,long,2025-12-08 11:21:51.631049-05:00,2025-12-08 11:31:19.236450-05:00,25657.0,25658.75,1,3.5,0.74,2.76,-1.0
1752984636,F.US.MNQ,MNQZ25,long,2025-12-08 11:31:50.433757-05:00,2025-12-08 11:45:08.882136-05:00,25651.0,25653.5,1,5.0,0.74,4.26,-1.0
1753496198,F.US.MNQ,MNQZ25,long,2025-12-08 11:55:43.522915-05:00,2025-12-08 12:32:28.805412-05:00,25642.5,25623.5,1,-38.0,0.74,-38.74,-1.0
1753538204,F.US.MNQ,MNQZ25,long,2025-12-08 12:35:33.405046-05:00,2025-12-08 12:39:28.349945-05:00,25621.75,25624.0,1,4.5,0.74,3.76,-1.0
1753675584,F.US.MNQ,MNQZ25,long,2025-12-08 12:42:11.602662-05:00,2025-12-08 12:53:14.338465-05:00,25636.75,25644.5,1,15.5,0.74,14.76,-1.0
1754363115,F.US.MNQ,MNQZ25,long,2025-12-08 13:58:20.446395-05:00,2025-12-08 14:01:13.947316-05:00,25584.0,25594.0,1,20.0,0.74,19.26,-1.0
1761132450,F.US.MNQ,MNQZ25,short,2025-12-09 12:04:06.941905-05:00,2025-12-09 12:18:55.195514-05:00,25725.0,25716.25,1,17.5,0.74,16.76,1.0
1761386003,F.US.MNQ,MNQZ25,short,2025-12-09 12:40:13.773831-05:00,2025-12-09 12:43:37.926350-05:00,25710.0,25704.25,1,11.5,0.74,10.76,1.0
1761849870,F.US.MNQ,MNQZ25,short,2025-12-09 13:35:06.558378-05:00,2025-12-09 13:45:39.929349-05:00,25717.0,25697.75,1,38.5,0.74,37.76,1.0
1762039865,F.US.MNQ,MNQZ25,short,2025-12-09 14:03:19.529431-05:00,2025-12-09 14:08:28.637320-05:00,25711.0,25707.0,1,8.0,0.74,7.26,1.0
1764572127,F.US.MNQ,MNQZ25,short,2025-12-10 02:44:52.880053-05:00,2025-12-10 04:24:55.446221-05:00,25725.25,25709.75,1,31.0,0.74,30.26,1.0
1766548693,F.US.MNQ,MNQZ25,long,2025-12-10 09:57:57.944073-05:00,2025-12-10 10:04:29.534920-05:00,25613.5,25626.25,1,25.5,0.74,24.76,-1.0
1767367712,F.US.MNQ,MNQZ25,long,2025-12-10 10:29:19.138690-05:00,2025-12-10 10:50:43.252707-05:00,25637.25,25612.75,1,-49.0,0.74,-49.74,-1.0
1767367713,F.US.MNQ,MNQZ25,long,2025-12-10 10:46:50.799040-05:00,2025-12-10 10:50:43.252738-05:00,25585.5,25612.75,1,54.5,0.74,53.76,-1.0
1767623122,F.US.MNQ,MNQZ25,long,2025-12-10 10:51:30.704675-05:00,2025-12-10 11:03:56.903428-05:00,25615.25,25542.5,1,-145.5,0.74,-146.24,-1.0
1767623123,F.US.MNQ,MNQZ25,long,2025-12-10 10:54:31.403433-05:00,2025-12-10 11:03:56.903503-05:00,25583.0,25542.5,3,-243.0,2.22,-245.22,-3.0
1767623124,F.US.MNQ,MNQZ25,long,2025-12-10 10:58:47.306923-05:00,2025-12-10 11:03:56.903512-05:00,25562.0,25542.5,5,-195.0,3.7,-198.7,-5.0
1767623125,F.US.MNQ,MNQZ25,long,2025-12-10 11:02:41.652204-05:00,2025-12-10 11:03:56.903520-05:00,25538.0,25542.5,15,135.0,11.1,123.9,-15.0
1767623126,F.US.MNQ,MNQZ25,long,2025-12-10 11:02:43.705340-05:00,2025-12-10 11:03:56.903527-05:00,25537.75,25542.5,15,142.5,11.1,131.4,-15.0
1767623127,F.US.MNQ,MNQZ25,long,2025-12-10 11:02:45.654926-05:00,2025-12-10 11:03:56.903533-05:00,25540.25,25542.5,15,67.5,11.1,56.4,-15.0
1767623128,F.US.MNQ,MNQZ25,long,2025-12-10 11:02:55.103766-05:00,2025-12-10 11:03:56.903539-05:00,25536.75,25542.5,15,172.5,11.1,161.4,-15.0
1767623129,F.US.MNQ,MNQZ25,long,2025-12-10 11:02:57.251857-05:00,2025-12-10 11:03:56.903545-05:00,25537.0,25542.5,15,165.0,11.1,153.9,-15.0
1767623130,F.US.MNQ,MNQZ25,long,2025-12-10 11:03:16.750896-05:00,2025-12-10 11:03:56.903551-05:00,25536.0,25542.5,15,195.0,11.1,183.9,-15.0
1767712053,F.US.MNQ,MNQZ25,long,2025-12-10 11:04:17.652060-05:00,2025-12-10 11:09:29.502177-05:00,25546.0,25577.0,1,62.0,0.74,61.26,-1.0
1768788462,F.US.MNQ,MNQZ25,short,2025-12-10 13:18:53.667488-05:00,2025-12-10 13:21:00.767688-05:00,25639.0,25631.75,1,14.5,0.74,13.76,1.0
1769359883,F.US.MNQ,MNQZ25,short,2025-12-10 14:09:54.934202-05:00,2025-12-10 14:11:53.114114-05:00,25725.5,25700.0,1,51.0,0.74,50.26,1.0
1770169193,F.US.MNQ,MNQZ25,short,2025-12-10 14:52:42.042283-05:00,2025-12-10 15:01:05.858965-05:00,25752.75,25794.25,1,-83.0,0.74,-83.74,1.0
1770169194,F.US.MNQ,MNQZ25,short,2025-12-10 14:59:14.755944-05:00,2025-12-10 15:01:05.858990-05:00,25827.5,25794.25,2,133.0,1.48,131.52,2.0
1770552239,F.US.MNQ,MNQZ25,short,2025-12-10 15:02:39.158644-05:00,2025-12-10 15:48:10.179853-05:00,25810.0,25833.5,1,-47.0,0.74,-47.74,1.0
1770582153,F.US.MNQ,MNQZ25,short,2025-12-10 15:51:08.334483-05:00,2025-12-10 15:52:01.034138-05:00,25841.75,25824.75,1,34.0,0.74,33.26,1.0
1773634027,F.US.MNQ,MNQZ25,short,2025-12-11 07:42:12.849607-05:00,2025-12-11 08:01:50.598162-05:00,25689.0,25690.5,1,-3.0,0.74,-3.74,1.0
1773634028,F.US.MNQ,MNQZ25,short,2025-12-11 07:58:28.497602-05:00,2025-12-11 08:01:50.598193-05:00,25697.0,25690.5,3,39.0,2.22,36.78,3.0
1774957845,F.US.MNQ,MNQZ25,long,2025-12-11 09:44:16.017757-05:00,2025-12-11 09:55:04.886266-05:00,25583.0,25443.75,1,-278.5,0.74,-279.24,-1.0
1774957846,F.US.MNQ,MNQZ25,long,2025-12-11 09:49:59.490424-05:00,2025-12-11 09:55:04.886274-05:00,25489.5,25443.75,3,-274.5,2.22,-276.72,-3.0
1774957847,F.US.MNQ,MNQZ25,long,2025-12-11 09:54:23.791221-05:00,2025-12-11 09:55:04.886281-05:00,25445.75,25443.75,5,-20.0,3.7,-23.7,-5.0
1774957848,F.US.MNQ,MNQZ25,long,2025-12-11 09:54:38.438504-05:00,2025-12-11 09:55:04.886287-05:00,25435.5,25443.75,15,247.5,11.1,236.4,-15.0
1774957849,F.US.MNQ,MNQZ25,long,2025-12-11 09:54:40.545001-05:00,2025-12-11 09:55:04.886294-05:00,25432.5,25443.75,15,337.5,11.1,326.4,-15.0
1774957850,F.US.MNQ,MNQZ25,long,2025-12-11 09:54:55.791985-05:00,2025-12-11 09:55:04.886299-05:00,25432.0,25443.75,15,352.5,11.1,341.4,-15.0
1774957851,F.US.MNQ,MNQZ25,long,2025-12-11 09:54:57.537843-05:00,2025-12-11 09:55:04.886304-05:00,25431.75,25443.75,15,360.0,11.1,348.9,-15.0
1774957852,F.US.MNQ,MNQZ25,long,2025-12-11 09:54:59.739951-05:00,2025-12-11 09:55:04.886310-05:00,25432.75,25443.75,15,330.0,11.1,318.9,-15.0
1775095116,F.US.MNQ,MNQZ25,long,2025-12-11 09:57:52.102886-05:00,2025-12-11 09:59:46.095105-05:00,25414.25,25423.0,1,17.5,0.74,16.76,-1.0
1775095117,F.US.MNQ,MNQZ25,long,2025-12-11 09:59:28.517728-05:00,2025-12-11 09:59:46.095113-05:00,25402.25,25423.0,4,166.0,2.96,163.04,-4.0
1786707204,F.US.MNQ,MNQZ25,long,2025-12-14 18:45:00.551849-05:00,2025-12-14 19:07:28.545459-05:00,25181.5,25207.0,2,102.0,1.48,100.52,-2.0
1797819757,F.US.MNQ,MNQH26,short,2025-12-16 10:09:46.311164-05:00,2025-12-16 10:55:25.548117-05:00,25338.75,25325.5,2,53.0,1.48,51.52,2.0
1798630528,F.US.MNQ,MNQH26,short,2025-12-16 18:52:32.545909-05:00,2025-12-16 18:57:12.943159-05:00,25323.0,25321.0,2,8.0,1.48,6.52,2.0
1803104982,F.US.MNQ,MNQH26,long,2025-12-17 10:46:09.623144-05:00,2025-12-17 10:48:41.979176-05:00,25114.25,25152.0,1,75.5,0.74,74.76,-1.0
1803138222,F.US.MNQ,MNQH26,long,2025-12-17 10:46:09.623144-05:00,2025-12-17 10:50:27.850306-05:00,25114.25,25116.75,1,5.0,0.74,4.26,-1.0
1817698045,F.US.MNQ,MNQH26,short,2025-12-19 09:45:31.157860-05:00,2025-12-19 10:00:08.854128-05:00,25548.5,25596.25,2,-191.0,1.48,-192.48,2.0
1817898211,F.US.MNQ,MNQH26,short,2025-12-19 10:01:12.288365-05:00,2025-12-19 10:09:30.911730-05:00,25572.25,25559.5,2,51.0,1.48,49.52,2.0
1818247877,F.US.MNQ,MNQH26,short,2025-12-19 10:12:48.561562-05:00,2025-12-19 10:28:18.123784-05:00,25535.5,25489.0,1,93.0,0.74,92.26,1.0
1819017405,F.US.MNQ,MNQH26,long,2025-12-19 11:15:54.571990-05:00,2025-12-19 11:16:21.971204-05:00,25527.75,25533.0,2,21.0,1.48,19.52,-2.0
1819264660,F.US.MNQ,MNQH26,short,2025-12-19 11:30:39.515479-05:00,2025-12-19 11:45:05.714969-05:00,25555.5,25537.75,2,71.0,1.48,69.52,2.0
1832063931,F.US.MNQ,MNQH26,short,2025-12-23 09:56:46.159842-05:00,2025-12-23 12:01:59.575092-05:00,25689.25,25761.75,1,-145.0,0.74,-145.74,1.0
1832063932,F.US.MNQ,MNQH26,short,2025-12-23 10:57:03.639314-05:00,2025-12-23 12:01:59.575100-05:00,25729.25,25761.75,1,-65.0,0.74,-65.74,1.0
1832063933,F.US.MNQ,MNQH26,short,2025-12-23 11:43:36.666839-05:00,2025-12-23 12:01:59.575106-05:00,25750.5,25761.75,5,-112.5,3.7,-116.2,5.0
1832063934,F.US.MNQ,MNQH26,short,2025-12-23 11:43:37.467656-05:00,2025-12-23 12:01:59.575112-05:00,25750.25,25761.75,5,-115.0,3.7,-118.7,5.0
1832063935,F.US.MNQ,MNQH26,short,2025-12-23 11:52:48.915244-05:00,2025-12-23 12:01:59.575118-05:00,25767.75,25761.75,15,180.0,11.1,168.9,15.0
1832063936,F.US.MNQ,MNQH26,short,2025-12-23 11:52:50.015028-05:00,2025-12-23 12:01:59.575123-05:00,25768.25,25761.75,15,195.0,11.1,183.9,15.0
1832063937,F.US.MNQ,MNQH26,short,2025-12-23 11:54:29.615139-05:00,2025-12-23 12:01:59.575129-05:00,25774.0,25761.75,29,710.5,21.46,689.04,29.0
1832306205,F.US.MNQ,MNQH26,short,2025-12-23 12:41:41.986969-05:00,2025-12-23 12:50:40.169234-05:00,25762.0,25752.75,1,18.5,0.74,17.76,1.0
1832938290,F.US.MNQ,MNQH26,short,2025-12-23 15:49:04.569539-05:00,2025-12-23 15:50:17.308930-05:00,25803.75,25802.25,1,3.0,0.74,2.26,1.0
1835757396,F.US.MNQ,MNQH26,short,2025-12-24 10:09:18.634190-05:00,2025-12-24 10:18:42.671161-05:00,25820.25,25829.5,1,-18.5,0.74,-19.24,1.0
1835757398,F.US.MNQ,MNQH26,short,2025-12-24 10:17:32.823091-05:00,2025-12-24 10:18:42.671185-05:00,25836.5,25829.5,3,42.0,2.22,39.78,3.0
1838996502,F.US.MNQ,MNQH26,short,2025-12-26 09:45:25.940260-05:00,2025-12-26 09:49:46.291766-05:00,25931.0,25915.75,2,61.0,1.48,59.52,2.0
1839641965,F.US.MNQ,MNQH26,long,2025-12-26 10:25:55.595369-05:00,2025-12-26 10:31:23.043527-05:00,25869.5,25886.0,1,33.0,0.74,32.26,-1.0
1840025349,F.US.MNQ,MNQH26,long,2025-12-26 10:25:55.595369-05:00,2025-12-26 11:14:01.573218-05:00,25869.5,25870.5,1,2.0,0.74,1.26,-1.0
1844248916,F.US.MNQ,MNQH26,long,2025-12-29 08:51:26.738952-05:00,2025-12-29 08:56:46.738267-05:00,25668.0,25691.5,3,141.0,2.22,138.78,-3.0
1844327053,F.US.MNQ,MNQH26,long,2025-12-29 09:08:13.490440-05:00,2025-12-29 09:09:05.988101-05:00,25683.5,25684.0,15,15.0,11.1,3.9000000000000004,-15.0
1844348965,F.US.MNQ,MNQH26,long,2025-12-29 09:12:35.787427-05:00,2025-12-29 09:13:45.487750-05:00,25686.75,25687.25,10,10.0,7.4,2.5999999999999996,-10.0
1845292944,F.US.MNQ,MNQH26,short,2025-12-29 10:08:40.806606-05:00,2025-12-29 10:09:59.623207-05:00,25690.5,25685.0,1,11.0,0.74,10.26,1.0
1846751439,F.US.MNQ,MNQH26,short,2025-12-29 13:01:18.006874-05:00,2025-12-29 13:01:40.507115-05:00,25688.25,25687.25,1,2.0,0.74,1.26,1.0
1851364331,F.US.MNQ,MNQH26,long,2025-12-30 10:13:56.620036-05:00,2025-12-30 10:15:21.468585-05:00,25693.5,25698.0,2,18.0,1.48,16.52,-2.0
1852522900,F.US.MNQ,MNQH26,long,2025-12-30 12:09:14.661275-05:00,2025-12-30 12:10:12.124228-05:00,25720.25,25720.5,1,0.5,0.74,-0.24,-1.0
1856470250,F.US.MNQ,MNQH26,short,2025-12-31 08:51:31.258403-05:00,2025-12-31 09:25:47.571765-05:00,25695.25,25693.0,3,13.5,2.22,11.28,3.0
1857173940,F.US.MNQ,MNQH26,long,2025-12-31 09:52:23.333375-05:00,2025-12-31 10:02:52.875272-05:00,25627.5,25607.75,1,-39.5,0.74,-40.24,-1.0
1857173941,F.US.MNQ,MNQH26,long,2025-12-31 10:02:07.678489-05:00,2025-12-31 10:02:52.875299-05:00,25599.5,25607.75,3,49.5,2.22,47.28,-3.0
1863239242,F.US.MNQ,MNQH26,short,2026-01-02 09:56:03.642855-05:00,2026-01-02 10:12:09.932646-05:00,25736.0,25665.0,2,284.0,1.48,282.52,2.0
1863658751,F.US.MNQ,MNQH26,long,2026-01-02 10:30:15.713787-05:00,2026-01-02 10:33:36.323736-05:00,25482.5,25537.75,2,221.0,1.48,219.52,-2.0
1868624046,F.US.MNQ,MNQH26,short,2026-01-05 05:58:25.054944-05:00,2026-01-05 06:09:43.852514-05:00,25552.75,25547.25,10,110.0,7.4,102.6,10.0
1869517976,F.US.MNQ,MNQH26,short,2026-01-05 09:30:41.584305-05:00,2026-01-05 09:32:26.844967-05:00,25652.0,25599.75,5,522.5,3.7,518.8,5.0
1870676105,F.US.MNQ,MNQH26,short,2026-01-05 09:36:21.280454-05:00,2026-01-05 10:16:57.591130-05:00,25553.0,25651.5,1,-197.0,0.74,-197.74,1.0
1870676106,F.US.MNQ,MNQH26,short,2026-01-05 10:15:26.192831-05:00,2026-01-05 10:16:57.591154-05:00,25636.25,25651.5,5,-152.5,3.7,-156.2,5.0
1870676107,F.US.MNQ,MNQH26,short,2026-01-05 10:16:29.242090-05:00,2026-01-05 10:16:57.591163-05:00,25649.5,25651.5,15,-60.0,11.1,-71.1,15.0
1870676108,F.US.MNQ,MNQH26,short,2026-01-05 10:16:29.894834-05:00,2026-01-05 10:16:57.591169-05:00,25650.0,25651.5,15,-45.0,11.1,-56.1,15.0
1870676109,F.US.MNQ,MNQH26,short,2026-01-05 10:16:41.939750-05:00,2026-01-05 10:16:57.591177-05:00,25654.5,25651.5,15,90.0,11.1,78.9,15.0
1870676110,F.US.MNQ,MNQH26,short,2026-01-05 10:16:42.091724-05:00,2026-01-05 10:16:57.591183-05:00,25654.5,25651.5,15,90.0,11.1,78.9,15.0
1870993039,F.US.MNQ,MNQH26,short,2026-01-05 10:17:06.790371-05:00,2026-01-05 10:36:19.206327-05:00,25646.75,25667.75,3,-126.0,2.22,-128.22,3.0
1870993040,F.US.MNQ,MNQH26,short,2026-01-05 10:30:15.408689-05:00,2026-01-05 10:36:19.206337-05:00,25678.5,25667.75,5,107.5,3.7,103.8,5.0
1870993041,F.US.MNQ,MNQH26,short,2026-01-05 10:30:15.860594-05:00,2026-01-05 10:36:19.206344-05:00,25678.25,25667.75,5,105.0,3.7,101.3,5.0
1872066048,F.US.MNQ,MNQH26,short,2026-01-05 10:37:41.757800-05:00,2026-01-05 12:06:52.311272-05:00,25662.25,25656.5,1,11.5,0.74,10.76,1.0
1876257472,F.US.MNQ,MNQH26,short,2026-01-06 07:02:16.575364-05:00,2026-01-06 07:05:05.222924-05:00,25599.25,25599.25,2,0.0,1.48,-1.48,2.0
1876257473,F.US.MNQ,MNQH26,short,2026-01-06 07:02:16.674170-05:00,2026-01-06 07:05:05.222954-05:00,25599.5,25599.25,2,1.0,1.48,-0.48,2.0
1876415244,F.US.MNQ,MNQH26,short,2026-01-06 07:05:10.973429-05:00,2026-01-06 08:08:26.627501-05:00,25598.25,25634.25,1,-72.0,0.74,-72.74,1.0
1876415245,F.US.MNQ,MNQH26,short,2026-01-06 07:46:23.342174-05:00,2026-01-06 08:08:26.627557-05:00,25635.25,25634.25,3,6.0,2.22,3.78,3.0
1876415246,F.US.MNQ,MNQH26,short,2026-01-06 07:57:30.649503-05:00,2026-01-06 08:08:26.627565-05:00,25642.75,25634.25,5,85.0,3.7,81.3,5.0
1876502541,F.US.MNQ,MNQH26,short,2026-01-06 08:11:23.129268-05:00,2026-01-06 08:27:26.131239-05:00,25626.25,25623.5,1,5.5,0.74,4.76,1.0
1878784698,F.US.MNQ,MNQH26,short,2026-01-06 09:50:21.071491-05:00,2026-01-06 10:46:31.099086-05:00,25718.25,25714.25,1,8.0,0.74,7.26,1.0
1878784699,F.US.MNQ,MNQH26,short,2026-01-06 09:51:38.022981-05:00,2026-01-06 10:46:31.099120-05:00,25748.0,25714.25,1,67.5,0.74,66.76,1.0
1880943677,F.US.MNQ,MNQH26,short,2026-01-06 15:17:30.523276-05:00,2026-01-06 15:24:13.022662-05:00,25815.5,25814.0,1,3.0,0.74,2.26,1.0
1886315361,F.US.MNQ,MNQH26,short,2026-01-07 10:04:30.256596-05:00,2026-01-07 10:39:24.994605-05:00,25837.5,25838.25,1,-1.5,0.74,-2.24,1.0
1886315362,F.US.MNQ,MNQH26,short,2026-01-07 10:35:18.700894-05:00,2026-01-07 10:39:24.994638-05:00,25888.5,25838.25,1,100.5,0.74,99.76,1.0
1886318749,F.US.MNQ,MNQH26,short,2026-01-07 10:35:18.700894-05:00,2026-01-07 10:39:29.296542-05:00,25888.5,25843.25,1,90.5,0.74,89.76,1.0
1886349735,F.US.MNQ,MNQH26,short,2026-01-07 10:40:15.634759-05:00,2026-01-07 10:40:27.226872-05:00,25853.75,25865.25,1,-23.0,0.74,-23.74,1.0
1886441605,F.US.MNQ,MNQH26,short,2026-01-07 10:42:24.007330-05:00,2026-01-07 10:45:09.906108-05:00,25858.5,25855.75,1,5.5,0.74,4.76,1.0
1887123664,F.US.MNQ,MNQH26,short,2026-01-07 11:21:26.865518-05:00,2026-01-07 11:43:54.343447-05:00,25910.75,25939.0,1,-56.5,0.74,-57.24,1.0
1887328006,F.US.MNQ,MNQH26,short,2026-01-07 11:59:58.838987-05:00,2026-01-07 12:06:05.943602-05:00,25969.25,25981.75,1,-25.0,0.74,-25.74,1.0
1892891507,F.US.MNQ,MNQH26,long,2026-01-08 09:44:51.457624-05:00,2026-01-08 09:47:04.491473-05:00,25624.0,25660.0,1,72.0,0.74,71.26,-1.0
1892904639,F.US.MNQ,MNQH26,long,2026-01-08 09:44:51.457624-05:00,2026-01-08 09:47:15.260036-05:00,25624.0,25668.25,1,88.5,0.74,87.76,-1.0
1893011798,F.US.MNQ,MNQH26,long,2026-01-08 09:44:51.457624-05:00,2026-01-08 09:51:13.699772-05:00,25624.0,25627.0,1,6.0,0.74,5.26,-1.0
1893079715,F.US.MNQ,MNQH26,long,2026-01-08 09:52:09.158347-05:00,2026-01-08 09:53:42.445764-05:00,25637.0,25638.75,1,3.5,0.74,2.76,-1.0
1893417390,F.US.MNQ,MNQH26,long,2026-01-08 10:00:04.794596-05:00,2026-01-08 10:05:45.084658-05:00,25592.5,25645.0,1,105.0,0.74,104.26,-1.0
1901518517,F.US.MNQ,MNQH26,short,2026-01-09 10:30:11.675840-05:00,2026-01-09 10:31:00.264461-05:00,25852.5,25847.0,1,11.0,0.74,10.26,1.0
1901669884,F.US.MNQ,MNQH26,short,2026-01-09 10:37:13.163154-05:00,2026-01-09 10:41:08.061416-05:00,25857.75,25820.25,1,75.0,0.74,74.26,1.0
1901729325,F.US.MNQ,MNQH26,short,2026-01-09 10:37:13.163154-05:00,2026-01-09 10:44:11.632417-05:00,25857.75,25786.75,1,142.0,0.74,141.26,1.0
1902737965,F.US.MNQ,MNQH26,short,2026-01-09 12:26:17.794338-05:00,2026-01-09 12:31:24.543157-05:00,25915.25,25909.5,1,11.5,0.74,10.76,1.0
1906779351,F.US.MNQ,MNQH26,long,2026-01-12 04:11:12.348892-05:00,2026-01-12 05:32:33.306734-05:00,25696.75,25713.75,1,34.0,0.74,33.26,-1.0
1908074776,F.US.MNQ,MNQH26,short,2026-01-12 09:39:15.763764-05:00,2026-01-12 09:45:45.261782-05:00,25880.5,25838.75,1,83.5,0.74,82.76,1.0
1910416732,F.US.MNQ,MNQH26,short,2026-01-12 09:54:19.019192-05:00,2026-01-12 12:46:00.793315-05:00,25907.0,25963.25,1,-112.5,0.74,-113.24,1.0
1910416733,F.US.MNQ,MNQH26,short,2026-01-12 11:56:34.362759-05:00,2026-01-12 12:46:00.793324-05:00,25966.0,25963.25,1,5.5,0.74,4.76,1.0
1910889396,F.US.MNQ,MNQH26,short,2026-01-12 13:39:44.297471-05:00,2026-01-12 14:00:58.247501-05:00,25984.25,25972.75,1,23.0,0.74,22.26,1.0
1911385732,F.US.MNQ,MNQH26,short,2026-01-12 15:23:04.612010-05:00,2026-01-12 15:30:14.809918-05:00,25987.25,25986.75,2,2.0,1.48,0.52,2.0
1916152809,F.US.MNQ,MNQH26,short,2026-01-13 09:46:41.326614-05:00,2026-01-13 09:57:54.878253-05:00,25987.75,25966.5,1,42.5,0.74,41.76,1.0
1916894896,F.US.MNQ,MNQH26,short,2026-01-13 09:46:41.326614-05:00,2026-01-13 10:26:01.532145-05:00,25987.75,25836.25,1,303.0,0.74,302.26,1.0
1917860302,F.US.MNQ,MNQH26,short,2026-01-13 11:26:40.549961-05:00,2026-01-13 11:27:24.091390-05:00,25896.0,25869.25,1,53.5,0.74,52.76,1.0
1918139327,F.US.MNQ,MNQH26,short,2026-01-13 11:47:24.379657-05:00,2026-01-13 11:51:27.183536-05:00,25978.5,26005.5,1,-54.0,0.74,-54.74,1.0
1922637019,F.US.MNQ,MNQH26,long,2026-01-14 05:30:11.597256-05:00,2026-01-14 06:24:15.399305-05:00,25769.5,25754.0,1,-31.0,0.74,-31.74,-1.0
1922637383,F.US.MNQ,MNQH26,long,2026-01-14 06:01:25.342837-05:00,2026-01-14 06:24:25.544895-05:00,25723.75,25755.25,1,63.0,0.74,62.26,-1.0
1924943170,F.US.MNQ,MNQH26,long,2026-01-14 10:00:18.046975-05:00,2026-01-14 10:11:54.975694-05:00,25581.0,25625.0,1,88.0,0.74,87.26,-1.0
1924983183,F.US.MNQ,MNQH26,long,2026-01-14 10:00:18.046975-05:00,2026-01-14 10:12:55.647649-05:00,25581.0,25634.5,1,107.0,0.74,106.26,-1.0
1925383052,F.US.MNQ,MNQH26,short,2026-01-14 10:26:46.743905-05:00,2026-01-14 10:31:27.446127-05:00,25663.5,25579.5,1,168.0,0.74,167.26,1.0
1926650379,F.US.MNQ,MNQH26,long,2026-01-14 12:01:38.402792-05:00,2026-01-14 12:02:24.601589-05:00,25463.25,25468.5,1,10.5,0.74,9.76,-1.0
1931364141,F.US.MNQ,MNQH26,short,2026-01-15 06:56:29.183833-05:00,2026-01-15 07:00:05.581482-05:00,25841.75,25838.25,2,14.0,1.48,12.52,2.0
1933157876,F.US.MNQ,MNQH26,short,2026-01-15 09:55:36.631130-05:00,2026-01-15 09:57:24.128771-05:00,25907.5,25890.25,1,34.5,0.74,33.76,1.0
1940760563,F.US.MNQ,MNQH26,short,2026-01-16 09:35:00.665283-05:00,2026-01-16 09:41:18.511878-05:00,25865.5,25842.75,1,45.5,0.74,44.76,1.0
1941183053,F.US.MNQ,MNQH26,short,2026-01-16 09:53:26.555237-05:00,2026-01-16 09:55:11.970973-05:00,25799.75,25780.0,1,39.5,0.74,38.76,1.0
1943293632,F.US.MNQ,MNQH26,short,2026-01-16 11:43:34.482257-05:00,2026-01-16 11:55:26.183166-05:00,25736.5,25722.25,1,28.5,0.74,27.76,1.0
1943586536,F.US.MNQ,MNQH26,short,2026-01-16 12:32:06.964718-05:00,2026-01-16 12:32:44.569276-05:00,25685.5,25683.75,1,3.5,0.74,2.76,1.0
1952427025,F.US.MNQ,MNQH26,long,2026-01-20 03:10:33.673799-05:00,2026-01-20 03:39:45.623526-05:00,25264.5,25177.25,1,-174.5,0.74,-175.24,-1.0
1952427026,F.US.MNQ,MNQH26,long,2026-01-20 03:31:07.431694-05:00,2026-01-20 03:39:45.623556-05:00,25223.0,25177.25,3,-274.5,2.22,-276.72,-3.0
1952427027,F.US.MNQ,MNQH26,long,2026-01-20 03:39:21.829553-05:00,2026-01-20 03:39:45.623563-05:00,25173.0,25177.25,5,42.5,3.7,38.8,-5.0
1952427028,F.US.MNQ,MNQH26,long,2026-01-20 03:39:28.230374-05:00,2026-01-20 03:39:45.623567-05:00,25170.0,25177.25,15,217.5,11.1,206.4,-15.0
1952427029,F.US.MNQ,MNQH26,long,2026-01-20 03:39:28.426913-05:00,2026-01-20 03:39:45.623572-05:00,25170.0,25177.25,15,217.5,11.1,206.4,-15.0
1952764292,F.US.MNQ,MNQH26,long,2026-01-20 03:59:18.482082-05:00,2026-01-20 05:19:20.331450-05:00,25202.25,25170.25,1,-64.0,0.74,-64.74,-1.0
1952764293,F.US.MNQ,MNQH26,long,2026-01-20 04:31:00.472954-05:00,2026-01-20 05:19:20.331477-05:00,25136.25,25170.25,1,68.0,0.74,67.26,-1.0
1952776201,F.US.MNQ,MNQH26,long,2026-01-20 05:19:59.732400-05:00,2026-01-20 05:23:32.176170-05:00,25173.75,25178.5,1,9.5,0.74,8.76,-1.0
1954810102,F.US.MNQ,MNQH26,short,2026-01-20 10:01:20.785264-05:00,2026-01-20 10:02:59.932664-05:00,25308.75,25293.25,1,31.0,0.74,30.26,1.0
1955220491,F.US.MNQ,MNQH26,short,2026-01-20 10:22:11.336327-05:00,2026-01-20 10:22:31.986106-05:00,25334.75,25325.0,1,19.5,0.74,18.76,1.0
1955727313,F.US.MNQ,MNQH26,short,2026-01-20 10:48:16.983676-05:00,2026-01-20 10:50:52.683975-05:00,25352.0,25345.0,1,14.0,0.74,13.26,1.0
1956130291,F.US.MNQ,MNQH26,short,2026-01-20 11:15:04.882403-05:00,2026-01-20 11:17:10.332333-05:00,25397.25,25392.75,1,9.0,0.74,8.26,1.0
1964023908,F.US.MNQ,MNQH26,short,2026-01-21 10:05:49.068050-05:00,2026-01-21 10:33:14.065136-05:00,25319.75,25412.25,1,-185.0,0.74,-185.74,1.0
1964023909,F.US.MNQ,MNQH26,short,2026-01-21 10:16:15.319964-05:00,2026-01-21 10:33:14.065141-05:00,25351.25,25412.25,1,-122.0,0.74,-122.74,1.0
1964295948,F.US.MNQ,MNQH26,short,2026-01-21 10:40:46.457678-05:00,2026-01-21 10:51:33.219524-05:00,25440.25,25484.5,2,-177.0,1.48,-178.48,2.0
1964820360,F.US.MNQ,MNQH26,short,2026-01-21 10:56:32.109647-05:00,2026-01-21 11:31:05.237076-05:00,25466.25,25440.0,1,52.5,0.74,51.76,1.0
1964820361,F.US.MNQ,MNQH26,short,2026-01-21 10:59:23.661173-05:00,2026-01-21 11:31:05.237099-05:00,25473.0,25440.0,1,66.0,0.74,65.26,1.0
1964974534,F.US.MNQ,MNQH26,short,2026-01-21 10:59:23.661173-05:00,2026-01-21 11:40:14.656520-05:00,25473.0,25340.75,1,264.5,0.74,263.76,1.0
1965238679,F.US.MNQ,MNQH26,long,2026-01-21 11:55:03.087982-05:00,2026-01-21 11:58:39.139974-05:00,25265.0,25229.75,1,-70.5,0.74,-71.24,-1.0
1965293685,F.US.MNQ,MNQH26,long,2026-01-21 12:00:43.488467-05:00,2026-01-21 12:03:19.537292-05:00,25240.5,25245.5,1,10.0,0.74,9.26,-1.0
1965550016,F.US.MNQ,MNQH26,long,2026-01-21 12:21:18.487374-05:00,2026-01-21 12:23:58.692377-05:00,25196.75,25214.75,1,36.0,0.74,35.26,-1.0
1965551895,F.US.MNQ,MNQH26,long,2026-01-21 12:21:18.487374-05:00,2026-01-21 12:24:11.394318-05:00,25196.75,25209.0,1,24.5,0.74,23.76,-1.0
1966000938,F.US.MNQ,MNQH26,long,2026-01-21 13:11:33.240962-05:00,2026-01-21 13:15:04.442341-05:00,25226.25,25235.5,1,18.5,0.74,17.76,-1.0
1966093141,F.US.MNQ,MNQH26,long,2026-01-21 13:21:03.212406-05:00,2026-01-21 13:27:42.802374-05:00,25210.5,25219.0,1,17.0,0.74,16.26,-1.0
1966170682,F.US.MNQ,MNQH26,long,2026-01-21 13:37:34.246723-05:00,2026-01-21 13:39:23.498940-05:00,25217.25,25226.75,1,19.0,0.74,18.26,-1.0
1966308108,F.US.MNQ,MNQH26,long,2026-01-21 13:59:04.051698-05:00,2026-01-21 13:59:31.802702-05:00,25280.75,25281.0,1,0.5,0.74,-0.24,-1.0
1966316322,F.US.MNQ,MNQH26,long,2026-01-21 14:00:18.862210-05:00,2026-01-21 14:01:13.950009-05:00,25281.0,25280.5,1,-1.0,0.74,-1.74,-1.0
1966362783,F.US.MNQ,MNQH26,long,2026-01-21 14:06:55.903720-05:00,2026-01-21 14:07:23.501957-05:00,25249.25,25252.75,1,7.0,0.74,6.26,-1.0
1966397155,F.US.MNQ,MNQH26,long,2026-01-21 14:11:49.049833-05:00,2026-01-21 14:13:57.998606-05:00,25246.0,25247.0,1,2.0,0.74,1.26,-1.0
1966426206,F.US.MNQ,MNQH26,long,2026-01-21 14:16:37.402761-05:00,2026-01-21 14:19:28.447173-05:00,25251.0,25257.0,1,12.0,0.74,11.26,-1.0
1966479145,F.US.MNQ,MNQH26,long,2026-01-21 14:25:10.399219-05:00,2026-01-21 14:27:44.639713-05:00,25267.5,25294.0,1,53.0,0.74,52.26,-1.0
1969964323,F.US.MNQ,MNQH26,short,2026-01-22 03:52:36.503577-05:00,2026-01-22 06:44:54.987272-05:00,25700.0,25677.75,1,44.5,0.74,43.76,1.0
1973309831,F.US.MNQ,MNQH26,short,2026-01-22 10:56:25.628149-05:00,2026-01-22 11:21:24.381886-05:00,25606.75,25671.25,1,-129.0,0.74,-129.74,1.0
1973602380,F.US.MNQ,MNQH26,short,2026-01-22 11:35:17.983365-05:00,2026-01-22 11:52:04.440274-05:00,25662.5,25696.25,1,-67.5,0.74,-68.24,1.0
1974260204,F.US.MNQ,MNQH26,short,2026-01-22 12:26:06.380219-05:00,2026-01-22 13:03:03.766122-05:00,25672.75,25687.5,1,-29.5,0.74,-30.24,1.0
1974260205,F.US.MNQ,MNQH26,short,2026-01-22 12:32:17.510107-05:00,2026-01-22 13:03:03.766127-05:00,25694.75,25687.5,1,14.5,0.74,13.76,1.0
1974260206,F.US.MNQ,MNQH26,short,2026-01-22 12:58:06.633129-05:00,2026-01-22 13:03:03.766131-05:00,25717.0,25687.5,3,177.0,2.22,174.78,3.0
1980782053,F.US.MNQ,MNQH26,short,2026-01-23 10:20:16.571756-05:00,2026-01-23 10:23:20.081186-05:00,25685.0,25755.5,1,-141.0,0.74,-141.74,1.0
1982668666,F.US.MNQ,MNQH26,short,2026-01-23 10:25:27.523344-05:00,2026-01-23 12:42:16.129632-05:00,25750.75,25743.75,1,14.0,0.74,13.26,1.0
1982668667,F.US.MNQ,MNQH26,short,2026-01-23 10:49:39.668608-05:00,2026-01-23 12:42:16.129636-05:00,25812.5,25743.75,1,137.5,0.74,136.76,1.0
1989909722,F.US.MNQ,MNQH26,short,2026-01-26 09:58:40.779219-05:00,2026-01-26 10:13:14.938551-05:00,25845.75,25825.25,1,41.0,0.74,40.26,1.0
1991344516,F.US.MNQ,MNQH26,short,2026-01-26 10:28:04.841030-05:00,2026-01-26 11:32:00.994850-05:00,25859.5,25923.25,1,-127.5,0.74,-128.24,1.0
1991344518,F.US.MNQ,MNQH26,short,2026-01-26 11:01:09.487971-05:00,2026-01-26 11:32:00.994873-05:00,25885.25,25923.25,1,-76.0,0.74,-76.74,1.0
1992330838,F.US.MNQ,MNQH26,short,2026-01-26 11:34:14.287941-05:00,2026-01-26 13:15:22.491088-05:00,25907.0,25877.5,1,59.0,0.74,58.26,1.0
1993589945,F.US.MNQ,MNQH26,short,2026-01-26 11:34:14.287941-05:00,2026-01-26 15:54:50.308562-05:00,25907.0,25852.25,1,109.5,0.74,108.76,1.0
2001300134,F.US.MNQ,MNQH26,short,2026-01-27 10:05:07.299025-05:00,2026-01-27 13:02:28.443652-05:00,26042.75,26045.25,2,-10.0,1.48,-11.48,2.0
2001300135,F.US.MNQ,MNQH26,short,2026-01-27 10:10:16.594979-05:00,2026-01-27 13:02:28.443678-05:00,26070.5,26045.25,2,101.0,1.48,99.52,2.0
2002657093,F.US.MNQ,MNQH26,short,2026-01-27 18:03:40.512699-05:00,2026-01-27 18:05:38.912067-05:00,26145.25,26134.0,1,22.5,0.74,21.76,1.0
2005109558,F.US.MNQ,MNQH26,short,2026-01-28 03:12:05.932827-05:00,2026-01-28 03:16:08.279273-05:00,26306.5,26302.25,1,8.5,0.74,7.76,1.0
2005588719,F.US.MNQ,MNQH26,short,2026-01-28 06:10:53.682917-05:00,2026-01-28 06:12:49.975112-05:00,26308.75,26297.5,1,22.5,0.74,21.76,1.0
2007648730,F.US.MNQ,MNQH26,short,2026-01-28 10:00:25.281679-05:00,2026-01-28 10:09:43.045863-05:00,26256.0,26237.75,1,36.5,0.74,35.76,1.0
2009752439,F.US.MNQ,MNQH26,long,2026-01-28 12:31:02.865287-05:00,2026-01-28 12:33:50.192384-05:00,26123.25,26114.0,1,-18.5,0.74,-19.24,-1.0
2009907721,F.US.MNQ,MNQH26,long,2026-01-28 12:52:43.417238-05:00,2026-01-28 12:53:07.747117-05:00,26139.25,26144.75,1,11.0,0.74,10.26,-1.0
2017833562,F.US.MNQ,MNQH26,long,2026-01-29 10:30:25.310555-05:00,2026-01-29 10:31:35.360637-05:00,25730.75,25732.0,1,2.5,0.74,1.76,-1.0
2018012393,F.US.MNQ,MNQH26,long,2026-01-29 10:35:57.547210-05:00,2026-01-29 10:40:03.908612-05:00,25695.25,25644.75,1,-101.0,0.74,-101.74,-1.0
2018012394,F.US.MNQ,MNQH26,long,2026-01-29 10:36:36.999798-05:00,2026-01-29 10:40:03.908616-05:00,25668.75,25644.75,1,-48.0,0.74,-48.74,-1.0
2018552715,F.US.MNQ,MNQH26,long,2026-01-29 10:40:33.644467-05:00,2026-01-29 11:12:05.437183-05:00,25636.5,25621.25,1,-30.5,0.74,-31.24,-1.0
2018552716,F.US.MNQ,MNQH26,long,2026-01-29 10:50:12.057518-05:00,2026-01-29 11:12:05.437214-05:00,25581.0,25621.25,3,241.5,2.22,239.28,-3.0
2025907312,F.US.MNQ,MNQH26,short,2026-01-30 09:38:25.473614-05:00,2026-01-30 09:46:21.165933-05:00,25881.0,25852.75,1,56.5,0.74,55.76,1.0
2027749890,F.US.MNQ,MNQH26,short,2026-01-30 11:17:28.271564-05:00,2026-01-30 11:18:14.776680-05:00,25805.75,25784.5,1,42.5,0.74,41.76,1.0
2037273573,F.US.MNQ,MNQH26,short,2026-02-02 10:16:20.427572-05:00,2026-02-02 10:57:03.727972-05:00,25860.75,25830.75,1,60.0,0.74,59.26,1.0
2037546068,F.US.MNQ,MNQH26,short,2026-02-02 10:16:20.427572-05:00,2026-02-02 11:16:05.272097-05:00,25860.75,25857.75,1,6.0,0.74,5.26,1.0
2046113918,F.US.MNQ,MNQH26,long,2026-02-03 10:04:07.758503-05:00,2026-02-03 10:13:06.144186-05:00,25636.5,25546.25,1,-180.5,0.74,-181.24,-1.0
2047054937,F.US.MNQ,MNQH26,long,2026-02-03 10:15:41.657187-05:00,2026-02-03 10:58:55.225201-05:00,25551.25,25606.25,1,110.0,0.74,109.26,-1.0
2048104967,F.US.MNQ,MNQH26,long,2026-02-03 11:27:53.108036-05:00,2026-02-03 12:19:02.756502-05:00,25520.0,25453.25,1,-133.5,0.74,-134.24,-1.0
2048104968,F.US.MNQ,MNQH26,long,2026-02-03 12:15:58.057812-05:00,2026-02-03 12:19:02.756507-05:00,25418.0,25453.25,3,211.5,2.22,209.28,-3.0
2049597682,F.US.MNQ,MNQH26,long,2026-02-03 14:38:28.431381-05:00,2026-02-03 14:57:26.934019-05:00,25303.75,25305.25,1,3.0,0.74,2.26,-1.0
2055632556,F.US.MNQ,MNQH26,short,2026-02-04 09:49:26.339423-05:00,2026-02-04 09:56:28.399142-05:00,25340.0,25250.75,1,178.5,0.74,177.76,1.0
2057326568,F.US.MNQ,MNQH26,short,2026-02-04 11:02:21.510410-05:00,2026-02-04 11:03:08.174913-05:00,25090.25,25076.75,1,27.0,0.74,26.26,1.0
2058675635,F.US.MNQ,MNQH26,long,2026-02-04 12:39:53.408073-05:00,2026-02-04 12:41:15.428060-05:00,24821.75,24828.25,1,13.0,0.74,12.26,-1.0
2069244920,F.US.MNQ,MNQH26,short,2026-02-05 13:49:09.496477-05:00,2026-02-05 13:50:32.647673-05:00,24697.0,24683.75,1,26.5,0.74,25.76,1.0
2069560314,F.US.MNQ,MNQH26,short,2026-02-05 14:30:16.873518-05:00,2026-02-05 14:31:41.821811-05:00,24738.5,24727.75,1,21.5,0.74,20.76,1.0
2077415910,F.US.MNQ,MNQH26,short,2026-02-06 10:50:35.479641-05:00,2026-02-06 11:36:09.589541-05:00,24872.75,25032.25,1,-319.0,0.74,-319.74,1.0
2077415911,F.US.MNQ,MNQH26,short,2026-02-06 11:15:12.090807-05:00,2026-02-06 11:36:09.589546-05:00,24998.0,25032.25,3,-205.5,2.22,-207.72,3.0
2077415912,F.US.MNQ,MNQH26,short,2026-02-06 11:34:36.089780-05:00,2026-02-06 11:36:09.589549-05:00,25028.0,25032.25,10,-85.0,7.4,-92.4,10.0
2077415913,F.US.MNQ,MNQH26,short,2026-02-06 11:34:45.189172-05:00,2026-02-06 11:36:09.589553-05:00,25031.75,25032.25,10,-10.0,7.4,-17.4,10.0
2077415914,F.US.MNQ,MNQH26,short,2026-02-06 11:35:34.490056-05:00,2026-02-06 11:36:09.589556-05:00,25039.25,25032.25,15,210.0,11.1,198.9,15.0
2077415915,F.US.MNQ,MNQH26,short,2026-02-06 11:35:34.641766-05:00,2026-02-06 11:36:09.589560-05:00,25039.5,25032.25,15,217.5,11.1,206.4,15.0
2077415916,F.US.MNQ,MNQH26,short,2026-02-06 11:35:34.790734-05:00,2026-02-06 11:36:09.589563-05:00,25039.5,25032.25,15,217.5,11.1,206.4,15.0
2077415917,F.US.MNQ,MNQH26,short,2026-02-06 11:35:34.937015-05:00,2026-02-06 11:36:09.589566-05:00,25039.5,25032.25,15,217.5,11.1,206.4,15.0
2077415918,F.US.MNQ,MNQH26,short,2026-02-06 11:35:35.092367-05:00,2026-02-06 11:36:09.589570-05:00,25038.75,25032.25,15,195.0,11.1,183.9,15.0
2078501775,F.US.MNQ,MNQH26,short,2026-02-06 13:32:12.993523-05:00,2026-02-06 14:17:12.905065-05:00,25092.0,25067.5,1,49.0,0.74,48.26,1.0
2085419587,F.US.MNQ,MNQH26,short,2026-02-09 10:59:29.018099-05:00,2026-02-09 11:45:14.088939-05:00,25317.5,25373.25,1,-111.5,0.74,-112.24,1.0
2085419588,F.US.MNQ,MNQH26,short,2026-02-09 11:30:31.665003-05:00,2026-02-09 11:45:14.088943-05:00,25358.0,25373.25,1,-30.5,0.74,-31.24,1.0
2086955100,F.US.MNQ,MNQH26,short,2026-02-09 12:31:53.867085-05:00,2026-02-09 15:37:47.240668-05:00,25381.75,25350.25,1,63.0,0.74,62.26,1.0
2086955101,F.US.MNQ,MNQH26,short,2026-02-09 15:14:23.230830-05:00,2026-02-09 15:37:47.240674-05:00,25403.75,25350.25,1,107.0,0.74,106.26,1.0
2089725534,F.US.MNQ,MNQH26,short,2026-02-10 04:31:27.394525-05:00,2026-02-10 05:04:13.168800-05:00,25395.5,25344.5,1,102.0,0.74,101.26,1.0
2090166660,F.US.MNQ,MNQH26,short,2026-02-10 07:55:07.182249-05:00,2026-02-10 07:59:31.727450-05:00,25345.0,25339.75,1,10.5,0.74,9.76,1.0
2093252571,F.US.MNQ,MNQH26,short,2026-02-10 10:25:56.985680-05:00,2026-02-10 11:16:35.623077-05:00,25382.0,25381.0,1,2.0,0.74,1.26,1.0
2100351602,F.US.MNQ,MNQH26,short,2026-02-11 09:55:11.423520-05:00,2026-02-11 10:10:44.422137-05:00,25385.5,25234.25,1,302.5,0.74,301.76,1.0
2101866820,F.US.MNQ,MNQH26,short,2026-02-11 11:19:31.682241-05:00,2026-02-11 11:30:01.572367-05:00,25239.25,25189.5,1,99.5,0.74,98.76,1.0
2107978757,F.US.MNQ,MNQH26,short,2026-02-12 09:55:01.363693-05:00,2026-02-12 10:01:21.779218-05:00,25271.5,25218.0,1,107.0,0.74,106.26,1.0
2110412169,F.US.MNQ,MNQH26,long,2026-02-12 12:01:36.779246-05:00,2026-02-12 12:16:05.003055-05:00,24839.5,24840.5,1,2.0,0.74,1.26,-1.0
2118398089,F.US.MNQ,MNQH26,long,2026-02-13 10:41:38.674383-05:00,2026-02-13 10:45:00.980019-05:00,24825.0,24777.0,1,-96.0,0.74,-96.74,-1.0
2118827561,F.US.MNQ,MNQH26,short,2026-02-13 10:45:00.980024-05:00,2026-02-13 11:12:24.875029-05:00,24777.0,24819.5,1,-85.0,0.74,-85.74,1.0
2118827562,F.US.MNQ,MNQH26,short,2026-02-13 11:06:37.491911-05:00,2026-02-13 11:12:24.875034-05:00,24868.75,24819.5,2,197.0,1.48,195.52,2.0
2119776824,F.US.MNQ,MNQH26,short,2026-02-13 11:50:15.322676-05:00,2026-02-13 12:54:45.310054-05:00,24867.75,24951.25,1,-167.0,0.74,-167.74,1.0
2119776825,F.US.MNQ,MNQH26,short,2026-02-13 12:42:16.640376-05:00,2026-02-13 12:54:45.310060-05:00,24987.75,24951.25,3,219.0,2.22,216.78,3.0
2119852905,F.US.MNQ,MNQH26,short,2026-02-13 12:55:40.613434-05:00,2026-02-13 13:03:47.047578-05:00,24944.0,24916.0,1,56.0,0.74,55.26,1.0
2123654056,F.US.MNQ,MNQH26,short,2026-02-16 03:29:23.122559-05:00,2026-02-16 06:06:14.872003-05:00,24871.0,24864.25,1,13.5,0.74,12.76,1.0
2132482760,F.US.MNQ,MNQH26,short,2026-02-17 09:53:59.546958-05:00,2026-02-17 10:33:53.602832-05:00,24526.75,24457.75,1,138.0,0.74,137.26,1.0
2133777086,F.US.MNQ,MNQH26,short,2026-02-17 11:33:38.864793-05:00,2026-02-17 12:12:26.812345-05:00,24710.0,24696.25,1,27.5,0.74,26.76,1.0
2143128600,F.US.MNQ,MNQH26,short,2026-02-18 11:03:53.001946-05:00,2026-02-18 13:44:48.154161-05:00,25087.75,25031.75,1,112.0,0.74,111.26,1.0
2150695516,F.US.MNQ,MNQH26,short,2026-02-19 10:12:22.198450-05:00,2026-02-19 11:09:12.562533-05:00,24891.5,24890.75,1,1.5,0.74,0.76,1.0
2151329410,F.US.MNQ,MNQH26,short,2026-02-19 11:21:14.456878-05:00,2026-02-19 11:52:31.558851-05:00,24941.5,24811.75,1,259.5,0.74,258.76,1.0
2159142420,F.US.MNQ,MNQH26,short,2026-02-20 10:19:17.789331-05:00,2026-02-20 10:36:42.066591-05:00,24979.25,24978.0,1,2.5,0.74,1.76,1.0
2159849254,F.US.MNQ,MNQH26,short,2026-02-20 11:06:05.784686-05:00,2026-02-20 11:23:14.050559-05:00,25105.5,25012.0,1,187.0,0.74,186.26,1.0
2160299741,F.US.MNQ,MNQH26,short,2026-02-20 12:00:56.971284-05:00,2026-02-20 12:05:48.696787-05:00,25094.0,25068.75,1,50.5,0.74,49.76,1.0
2167175854,F.US.MNQ,MNQH26,short,2026-02-23 09:58:40.905914-05:00,2026-02-23 10:04:56.742427-05:00,24907.75,24867.0,1,81.5,0.74,80.76,1.0
2171574329,F.US.MNQ,MNQH26,short,2026-02-23 18:44:46.978032-05:00,2026-02-23 18:49:47.688171-05:00,24810.5,24803.25,1,14.5,0.74,13.76,1.0
2176395035,F.US.MNQ,MNQH26,long,2026-02-24 10:02:56.184700-05:00,2026-02-24 10:12:40.778365-05:00,24867.0,24899.5,1,65.0,0.74,64.26,-1.0
2178124771,F.US.MNQ,MNQH26,short,2026-02-24 11:43:01.473556-05:00,2026-02-24 12:18:27.053359-05:00,24984.0,25057.0,1,-146.0,0.74,-146.74,1.0
2178124772,F.US.MNQ,MNQH26,short,2026-02-24 12:11:53.206777-05:00,2026-02-24 12:18:27.053364-05:00,25071.75,25057.0,4,118.0,2.96,115.04,4.0
2178312385,F.US.MNQ,MNQH26,short,2026-02-24 12:21:29.556765-05:00,2026-02-24 12:45:23.247377-05:00,25053.5,25037.5,1,32.0,0.74,31.26,1.0
2184374928,F.US.MNQ,MNQH26,short,2026-02-25 09:35:29.103516-05:00,2026-02-25 10:20:06.614348-05:00,25230.75,25296.75,1,-132.0,0.74,-132.74,1.0
2184374929,F.US.MNQ,MNQH26,short,2026-02-25 10:03:06.813814-05:00,2026-02-25 10:20:06.614354-05:00,25342.25,25296.75,3,273.0,2.22,270.78,3.0
2187164196,F.US.MNQ,MNQH26,short,2026-02-25 10:20:24.463804-05:00,2026-02-25 15:55:32.303614-05:00,25296.75,25376.75,1,-160.0,0.74,-160.74,1.0
2187164197,F.US.MNQ,MNQH26,short,2026-02-25 15:49:30.753552-05:00,2026-02-25 15:55:32.303620-05:00,25383.25,25376.75,4,52.0,2.96,49.04,4.0
2192579093,F.US.MNQ,MNQH26,long,2026-02-26 10:30:46.593621-05:00,2026-02-26 10:40:51.399837-05:00,24905.0,24974.5,1,139.0,0.74,138.26,-1.0
2194224922,F.US.MNQ,MNQH26,long,2026-02-26 13:35:05.995992-05:00,2026-02-26 13:38:05.838640-05:00,24971.0,24992.0,1,42.0,0.74,41.26,-1.0
2202228561,F.US.MNQ,MNQH26,long,2026-02-27 12:57:13.346741-05:00,2026-02-27 15:00:46.351999-05:00,24948.75,24903.75,1,-90.0,0.74,-90.74,-1.0
2202228562,F.US.MNQ,MNQH26,long,2026-02-27 14:44:05.862766-05:00,2026-02-27 15:00:46.352004-05:00,24885.0,24903.75,3,112.5,2.22,110.28,-3.0
2202384122,F.US.MNQ,MNQH26,long,2026-02-27 15:08:07.857274-05:00,2026-02-27 15:27:20.053706-05:00,24918.0,24993.75,1,151.5,0.74,150.76,-1.0
2209988159,F.US.MNQ,MNQH26,short,2026-03-02 10:27:43.996779-05:00,2026-03-02 11:41:59.176687-05:00,24891.0,25003.25,1,-224.5,0.74,-225.24,1.0
2210936030,F.US.MNQ,MNQH26,short,2026-03-02 11:50:29.896258-05:00,2026-03-02 13:51:14.577160-05:00,25005.25,24999.5,2,23.0,1.48,21.52,2.0
2210936031,F.US.MNQ,MNQH26,short,2026-03-02 12:16:00.634842-05:00,2026-03-02 13:51:14.577184-05:00,25062.25,24999.5,2,251.0,1.48,249.52,2.0
2217814760,F.US.MNQ,MNQH26,short,2026-03-03 10:00:36.743049-05:00,2026-03-03 10:12:23.156012-05:00,24553.0,24551.75,1,2.5,0.74,1.76,1.0
2218557563,F.US.MNQ,MNQH26,short,2026-03-03 10:41:24.102029-05:00,2026-03-03 10:48:09.054460-05:00,24453.5,24440.5,1,26.0,0.74,25.26,1.0
2219380812,F.US.MNQ,MNQH26,short,2026-03-03 11:32:05.145113-05:00,2026-03-03 11:48:14.021081-05:00,24579.25,24682.0,1,-205.5,0.74,-206.24,1.0
2219380813,F.US.MNQ,MNQH26,short,2026-03-03 11:46:53.404083-05:00,2026-03-03 11:48:14.021123-05:00,24720.75,24682.0,3,232.5,2.22,230.28,3.0
2219531755,F.US.MNQ,MNQH26,short,2026-03-03 11:50:07.842915-05:00,2026-03-03 12:05:07.453839-05:00,24682.5,24682.0,1,1.0,0.74,0.26,1.0
2227219077,F.US.MNQ,MNQH26,short,2026-03-04 09:31:01.366804-05:00,2026-03-04 10:41:18.226040-05:00,24931.0,25070.0,1,-278.0,0.74,-278.74,1.0
2227219078,F.US.MNQ,MNQH26,short,2026-03-04 10:31:29.226419-05:00,2026-03-04 10:41:18.226067-05:00,25125.5,25070.0,5,555.0,3.7,551.3,5.0
2229239216,F.US.MNQ,MNQH26,short,2026-03-04 10:42:21.422025-05:00,2026-03-04 15:07:33.096455-05:00,25071.0,25168.75,1,-195.5,0.74,-196.24,1.0
2229239218,F.US.MNQ,MNQH26,short,2026-03-04 13:50:51.317562-05:00,2026-03-04 15:07:33.096459-05:00,25207.0,25168.75,3,229.5,2.22,227.28,3.0
2235130787,F.US.MNQ,MNQH26,short,2026-03-05 10:19:26.530576-05:00,2026-03-05 10:37:12.800805-05:00,25105.0,25005.0,1,200.0,0.74,199.26,1.0
2235404504,F.US.MNQ,MNQH26,short,2026-03-05 10:45:38.094169-05:00,2026-03-05 10:53:46.821301-05:00,25046.0,25091.5,1,-91.0,0.74,-91.74,1.0
2235678073,F.US.MNQ,MNQH26,short,2026-03-05 11:02:46.203905-05:00,2026-03-05 11:13:16.506398-05:00,25052.25,24981.5,1,141.5,0.74,140.76,1.0
2243830962,F.US.MNQ,MNQH26,short,2026-03-06 11:17:57.247233-05:00,2026-03-06 11:24:11.697987-05:00,24819.25,24799.5,1,39.5,0.74,38.76,1.0
2252049036,F.US.MNQ,MNQH26,short,2026-03-09 10:01:05.731506-04:00,2026-03-09 11:30:09.696698-04:00,24376.5,24630.75,1,-508.5,0.74,-509.24,1.0
2252049037,F.US.MNQ,MNQH26,short,2026-03-09 10:51:35.008720-04:00,2026-03-09 11:30:09.696704-04:00,24563.0,24630.75,3,-406.5,2.22,-408.72,3.0
2252049038,F.US.MNQ,MNQH26,short,2026-03-09 11:13:28.937371-04:00,2026-03-09 11:30:09.696711-04:00,24605.5,24630.75,8,-404.0,5.92,-409.92,8.0
2252049039,F.US.MNQ,MNQH26,short,2026-03-09 11:25:39.844017-04:00,2026-03-09 11:30:09.696717-04:00,24635.25,24630.75,15,135.0,11.1,123.9,15.0
2252049040,F.US.MNQ,MNQH26,short,2026-03-09 11:25:41.390358-04:00,2026-03-09 11:30:09.696721-04:00,24636.75,24630.75,15,180.0,11.1,168.9,15.0
2252049042,F.US.MNQ,MNQH26,short,2026-03-09 11:25:45.061773-04:00,2026-03-09 11:30:09.696727-04:00,24635.25,24630.75,15,135.0,11.1,123.9,15.0
2252049043,F.US.MNQ,MNQH26,short,2026-03-09 11:27:19.849189-04:00,2026-03-09 11:30:09.696730-04:00,24645.75,24630.75,10,300.0,7.4,292.6,10.0
2252049044,F.US.MNQ,MNQH26,short,2026-03-09 11:27:20.054095-04:00,2026-03-09 11:30:09.696736-04:00,24645.5,24630.75,10,295.0,7.4,287.6,10.0
2252049045,F.US.MNQ,MNQH26,short,2026-03-09 11:27:20.147394-04:00,2026-03-09 11:30:09.696740-04:00,24645.75,24630.75,10,300.0,7.4,292.6,10.0
2252049046,F.US.MNQ,MNQH26,short,2026-03-09 11:27:20.297867-04:00,2026-03-09 11:30:09.696746-04:00,24646.0,24630.75,10,305.0,7.4,297.6,10.0
2253003705,F.US.MNQ,MNQH26,short,2026-03-09 11:30:26.738159-04:00,2026-03-09 13:39:31.620449-04:00,24634.0,24605.75,1,56.5,0.74,55.76,1.0
2256673126,F.US.MNQ,MNQH26,short,2026-03-09 18:24:23.908309-04:00,2026-03-10 04:58:34.800788-04:00,24891.75,25083.5,1,-383.5,0.74,-384.24,1.0
2256673127,F.US.MNQ,MNQH26,short,2026-03-10 03:24:00.249388-04:00,2026-03-10 04:58:34.800814-04:00,25032.25,25083.5,1,-102.5,0.74,-103.24,1.0
2256673128,F.US.MNQ,MNQH26,short,2026-03-10 03:29:52.648818-04:00,2026-03-10 04:58:34.800820-04:00,25061.75,25083.5,1,-43.5,0.74,-44.24,1.0
2256673129,F.US.MNQ,MNQH26,short,2026-03-10 04:08:42.549412-04:00,2026-03-10 04:58:34.800824-04:00,25134.0,25083.5,7,707.0,5.18,701.82,7.0
2257010710,F.US.MNQ,MNQH26,short,2026-03-10 04:58:40.400080-04:00,2026-03-10 07:14:45.951731-04:00,25085.0,25011.25,1,147.5,0.74,146.76,1.0
2259967270,F.US.MNQ,MNQH26,short,2026-03-10 10:55:50.113049-04:00,2026-03-10 11:34:58.767740-04:00,25133.0,25112.5,1,41.0,0.74,40.26,1.0
2261262083,F.US.MNQ,MNQH26,short,2026-03-10 13:36:49.332421-04:00,2026-03-10 14:13:46.330166-04:00,25140.0,25159.5,1,-39.0,0.74,-39.74,1.0
2261295317,F.US.MNQ,MNQH26,short,2026-03-10 14:14:24.529908-04:00,2026-03-10 14:14:52.529646-04:00,25089.25,25043.75,1,91.0,0.74,90.26,1.0
2264218988,F.US.MNQ,MNQH26,short,2026-03-11 04:27:47.743037-04:00,2026-03-11 04:45:28.393648-04:00,25006.75,24993.75,1,26.0,0.74,25.26,1.0
2266932243,F.US.MNQ,MNQH26,short,2026-03-11 10:24:38.002834-04:00,2026-03-11 10:34:10.043235-04:00,25025.75,24970.25,1,111.0,0.74,110.26,1.0
2267955603,F.US.MNQ,MNQH26,short,2026-03-11 11:32:12.992418-04:00,2026-03-11 11:46:46.401992-04:00,24918.0,24916.75,1,2.5,0.74,1.76,1.0
2268715203,F.US.MNQ,MNQH26,short,2026-03-11 13:11:14.492898-04:00,2026-03-11 13:30:31.700235-04:00,25002.75,25015.0,1,-24.5,0.74,-25.24,1.0
2268740975,F.US.MNQ,MNQH26,short,2026-03-11 13:31:19.448689-04:00,2026-03-11 13:34:54.045795-04:00,25000.0,24998.0,1,4.0,0.74,3.26,1.0
2268880637,F.US.MNQ,MNQH26,short,2026-03-11 13:43:56.592671-04:00,2026-03-11 13:47:35.663008-04:00,24911.5,24947.25,1,-71.5,0.74,-72.24,1.0
2269917705,F.US.MNQ,MNQH26,short,2026-03-11 18:31:03.086904-04:00,2026-03-11 18:39:25.033288-04:00,24864.5,24825.5,1,78.0,0.74,77.26,1.0
2273735465,F.US.MNQ,MNQH26,short,2026-03-12 09:51:49.843583-04:00,2026-03-12 09:52:18.393173-04:00,24734.5,24722.0,1,25.0,0.74,24.26,1.0
2274528342,F.US.MNQ,MNQH26,short,2026-03-12 10:04:13.388115-04:00,2026-03-12 10:30:06.985459-04:00,24730.75,24619.25,1,223.0,0.74,222.26,1.0
2281418600,F.US.MNQ,MNQH26,short,2026-03-13 09:45:09.274633-04:00,2026-03-13 09:58:02.371923-04:00,24766.0,24740.0,1,52.0,0.74,51.26,1.0
2290034169,F.US.MNQ,MNQH26,short,2026-03-16 10:48:26.219151-04:00,2026-03-16 10:50:29.722570-04:00,24638.25,24630.25,1,16.0,0.74,15.26,1.0
2291270799,F.US.MNQ,MNQH26,short,2026-03-16 12:09:40.964207-04:00,2026-03-16 12:42:40.115811-04:00,24677.5,24675.25,1,4.5,0.74,3.76,1.0
2299854163,F.US.MNQ,MNQM26,short,2026-03-17 08:36:46.683215-04:00,2026-03-17 16:01:45.408147-04:00,24923.75,25017.25,1,-187.0,0.74,-187.74,1.0
2299854164,F.US.MNQ,MNQM26,short,2026-03-17 09:20:08.427187-04:00,2026-03-17 16:01:45.408152-04:00,25000.5,25017.25,1,-33.5,0.74,-34.24,1.0
2299854165,F.US.MNQ,MNQM26,short,2026-03-17 15:56:59.853443-04:00,2026-03-17 16:01:45.408156-04:00,25008.25,25017.25,3,-54.0,2.22,-56.22,3.0
2299854166,F.US.MNQ,MNQM26,short,2026-03-17 16:00:04.803048-04:00,2026-03-17 16:01:45.408160-04:00,25013.0,25017.25,5,-42.5,3.7,-46.2,5.0
2299854167,F.US.MNQ,MNQM26,short,2026-03-17 16:00:47.659271-04:00,2026-03-17 16:01:45.408164-04:00,25019.5,25017.25,10,45.0,7.4,37.6,10.0
2299854168,F.US.MNQ,MNQM26,short,2026-03-17 16:01:02.104910-04:00,2026-03-17 16:01:45.408167-04:00,25021.25,25017.25,10,80.0,7.4,72.6,10.0
2299854169,F.US.MNQ,MNQM26,short,2026-03-17 16:01:18.405892-04:00,2026-03-17 16:01:45.408171-04:00,25021.5,25017.25,15,127.5,11.1,116.4,15.0
2299854170,F.US.MNQ,MNQM26,short,2026-03-17 16:01:22.101849-04:00,2026-03-17 16:01:45.408174-04:00,25023.25,25017.25,15,180.0,11.1,168.9,15.0
2302122003,F.US.MNQ,MNQM26,short,2026-03-18 04:02:20.530272-04:00,2026-03-18 07:00:51.682152-04:00,25165.75,25152.25,1,27.0,0.74,26.26,1.0
2303755920,F.US.MNQ,MNQM26,short,2026-03-18 09:46:17.470060-04:00,2026-03-18 09:58:25.635344-04:00,24955.25,24953.5,1,3.5,0.74,2.76,1.0
2305670498,F.US.MNQ,MNQM26,short,2026-03-18 11:01:54.550243-04:00,2026-03-18 12:41:16.217407-04:00,24885.0,24849.25,1,71.5,0.74,70.76,1.0
2312990223,F.US.MNQ,MNQM26,short,2026-03-19 10:10:11.960194-04:00,2026-03-19 11:06:32.959332-04:00,24478.5,24559.0,1,-161.0,0.74,-161.74,1.0
2313048593,F.US.MNQ,MNQM26,long,2026-03-19 11:06:32.959339-04:00,2026-03-19 11:10:02.758122-04:00,24559.0,24533.75,2,-101.0,1.48,-102.48,-2.0
2313048594,F.US.MNQ,MNQM26,long,2026-03-19 11:09:15.616489-04:00,2026-03-19 11:10:02.758130-04:00,24518.0,24533.75,5,157.5,3.7,153.8,-5.0
2313223865,F.US.MNQ,MNQM26,short,2026-03-19 11:10:56.061765-04:00,2026-03-19 11:24:38.807841-04:00,24525.25,24466.25,1,118.0,0.74,117.26,1.0
2313320888,F.US.MNQ,MNQM26,short,2026-03-19 11:27:20.257572-04:00,2026-03-19 11:32:04.057866-04:00,24448.75,24433.75,1,30.0,0.74,29.26,1.0
2314036142,F.US.MNQ,MNQM26,short,2026-03-19 12:51:05.228103-04:00,2026-03-19 12:53:00.127326-04:00,24451.25,24431.25,1,40.0,0.74,39.26,1.0
2314325076,F.US.MNQ,MNQM26,short,2026-03-19 13:32:34.631018-04:00,2026-03-19 13:33:31.683148-04:00,24445.75,24442.0,1,7.5,0.74,6.76,1.0
2321327431,F.US.MNQ,MNQM26,long,2026-03-20 10:05:07.715155-04:00,2026-03-20 12:06:21.135641-04:00,24309.0,24335.5,1,53.0,0.74,52.26,-1.0
2321545851,F.US.MNQ,MNQM26,short,2026-03-20 12:30:15.137757-04:00,2026-03-20 12:31:31.873542-04:00,24295.5,24270.5,1,50.0,0.74,49.26,1.0
2322079593,F.US.MNQ,MNQM26,long,2026-03-20 13:38:35.797004-04:00,2026-03-20 13:42:21.842675-04:00,24178.5,24185.75,1,14.5,0.74,13.76,-1.0
2323867048,F.US.MNQ,MNQM26,short,2026-03-22 18:34:50.185300-04:00,2026-03-22 19:45:42.244614-04:00,24049.5,24012.75,1,73.5,0.74,72.76,1.0
2326752236,F.US.MNQ,MNQM26,short,2026-03-23 07:10:44.207389-04:00,2026-03-23 07:20:55.564326-04:00,24586.0,24564.75,1,42.5,0.74,41.76,1.0
2328680090,F.US.MNQ,MNQM26,short,2026-03-23 10:36:26.322896-04:00,2026-03-23 10:37:01.973113-04:00,24627.5,24606.5,1,42.0,0.74,41.26,1.0
2329442381,F.US.MNQ,MNQM26,short,2026-03-23 11:37:45.363747-04:00,2026-03-23 11:39:16.731094-04:00,24555.0,24541.25,1,27.5,0.74,26.76,1.0
2329891786,F.US.MNQ,MNQM26,short,2026-03-23 12:25:08.728151-04:00,2026-03-23 12:25:24.223052-04:00,24378.5,24363.75,1,29.5,0.74,28.76,1.0
2331018988,F.US.MNQ,MNQM26,short,2026-03-23 15:32:25.236738-04:00,2026-03-23 15:36:49.542829-04:00,24475.25,24471.0,1,8.5,0.74,7.76,1.0
2337614997,F.US.MNQ,MNQM26,short,2026-03-24 09:57:41.767244-04:00,2026-03-24 11:32:49.646667-04:00,24202.5,24305.5,1,-206.0,0.74,-206.74,1.0
2337614998,F.US.MNQ,MNQM26,short,2026-03-24 11:30:44.996417-04:00,2026-03-24 11:32:49.646686-04:00,24342.75,24305.5,4,298.0,2.96,295.04,4.0
2338362991,F.US.MNQ,MNQM26,short,2026-03-24 11:32:58.797877-04:00,2026-03-24 12:55:41.019672-04:00,24312.5,24266.25,1,92.5,0.74,91.76,1.0
2338550932,F.US.MNQ,MNQM26,short,2026-03-24 13:10:13.489953-04:00,2026-03-24 13:16:22.531088-04:00,24180.5,24171.0,1,19.0,0.74,18.26,1.0
2338663625,F.US.MNQ,MNQM26,short,2026-03-24 13:32:50.326080-04:00,2026-03-24 13:32:59.326345-04:00,24210.75,24209.0,1,3.5,0.74,2.76,1.0
2344185527,F.US.MNQ,MNQM26,short,2026-03-25 09:50:12.733886-04:00,2026-03-25 09:59:59.733906-04:00,24415.75,24368.0,1,95.5,0.74,94.76,1.0
2344551317,F.US.MNQ,MNQM26,short,2026-03-25 10:06:35.036795-04:00,2026-03-25 10:14:58.355387-04:00,24418.25,24460.75,1,-85.0,0.74,-85.74,1.0
2345478609,F.US.MNQ,MNQM26,short,2026-03-25 10:20:20.085862-04:00,2026-03-25 11:16:45.445077-04:00,24453.25,24330.75,1,245.0,0.74,244.26,1.0
2345844210,F.US.MNQ,MNQM26,short,2026-03-25 11:23:20.439187-04:00,2026-03-25 11:42:22.243489-04:00,24359.25,24369.25,1,-20.0,0.74,-20.74,1.0
2345865121,F.US.MNQ,MNQM26,short,2026-03-25 11:43:56.732404-04:00,2026-03-25 11:44:07.462112-04:00,24346.25,24355.75,1,-19.0,0.74,-19.74,1.0
2345915680,F.US.MNQ,MNQM26,short,2026-03-25 11:47:13.633558-04:00,2026-03-25 11:49:49.438881-04:00,24349.75,24365.25,1,-31.0,0.74,-31.74,1.0
2346517058,F.US.MNQ,MNQM26,short,2026-03-25 13:05:28.103302-04:00,2026-03-25 13:05:52.002169-04:00,24393.25,24384.25,1,18.0,0.74,17.26,1.0
2346829741,F.US.MNQ,MNQM26,short,2026-03-25 13:50:59.303889-04:00,2026-03-25 13:51:15.404557-04:00,24432.25,24426.75,1,11.0,0.74,10.26,1.0
2350151222,F.US.MNQ,MNQM26,short,2026-03-26 04:29:45.642976-04:00,2026-03-26 04:38:02.259718-04:00,24193.5,24189.5,1,8.0,0.74,7.26,1.0
2352798179,F.US.MNQ,MNQM26,short,2026-03-26 10:43:14.121860-04:00,2026-03-26 10:44:22.762377-04:00,24145.75,24123.25,1,45.0,0.74,44.26,1.0
2352965950,F.US.MNQ,MNQM26,short,2026-03-26 10:49:32.564356-04:00,2026-03-26 10:54:01.166429-04:00,24097.75,24082.75,1,30.0,0.74,29.26,1.0
2353291149,F.US.MNQ,MNQM26,short,2026-03-26 11:08:44.163054-04:00,2026-03-26 11:17:25.367162-04:00,24092.0,24083.0,1,18.0,0.74,17.26,1.0
2353853580,F.US.MNQ,MNQM26,short,2026-03-26 12:11:47.819596-04:00,2026-03-26 12:17:09.162305-04:00,24066.25,24050.75,1,31.0,0.74,30.26,1.0
2354854108,F.US.MNQ,MNQM26,short,2026-03-26 14:16:03.132140-04:00,2026-03-26 14:16:40.832911-04:00,23868.5,23867.5,1,2.0,0.74,1.26,1.0
2354949152,F.US.MNQ,MNQM26,short,2026-03-26 14:30:17.174024-04:00,2026-03-26 14:30:51.280800-04:00,23850.5,23860.75,1,-20.5,0.74,-21.24,1.0
2355083222,F.US.MNQ,MNQM26,long,2026-03-26 14:39:25.278026-04:00,2026-03-26 14:53:00.225408-04:00,23873.5,23883.5,1,20.0,0.74,19.26,-1.0
2357787770,F.US.MNQ,MNQM26,short,2026-03-27 04:13:09.685936-04:00,2026-03-27 04:18:06.687446-04:00,23840.5,23815.0,1,51.0,0.74,50.26,1.0
2360044851,F.US.MNQ,MNQM26,long,2026-03-27 10:00:10.695454-04:00,2026-03-27 10:12:40.032911-04:00,23484.75,23532.75,1,96.0,0.74,95.26,-1.0
2361177841,F.US.MNQ,MNQM26,long,2026-03-27 11:30:39.214920-04:00,2026-03-27 11:31:00.763969-04:00,23551.5,23571.75,1,40.5,0.74,39.76,-1.0
2362704667,F.US.MNQ,MNQM26,long,2026-03-27 15:21:34.532885-04:00,2026-03-27 15:23:51.433036-04:00,23338.25,23345.25,1,14.0,0.74,13.26,-1.0
2364865824,F.US.MNQ,MNQM26,long,2026-03-29 18:07:04.772800-04:00,2026-03-29 23:08:40.095680-04:00,23160.75,23285.75,1,250.0,0.74,249.26,-1.0
2365993203,F.US.MNQ,MNQM26,short,2026-03-30 03:30:07.898734-04:00,2026-03-30 06:43:42.908396-04:00,23384.25,23382.75,1,3.0,0.74,2.26,1.0
2369334997,F.US.MNQ,MNQM26,short,2026-03-30 12:24:37.707412-04:00,2026-03-30 12:27:14.015200-04:00,23295.5,23287.75,1,15.5,0.74,14.76,1.0
2374003490,F.US.MNQ,MNQM26,short,2026-03-31 06:44:04.638398-04:00,2026-03-31 07:49:09.278562-04:00,23246.25,23348.0,1,-203.5,0.74,-204.24,1.0
2374003491,F.US.MNQ,MNQM26,short,2026-03-31 07:44:25.826110-04:00,2026-03-31 07:49:09.278582-04:00,23374.5,23348.0,4,212.0,2.96,209.04,4.0
2374091693,F.US.MNQ,MNQM26,short,2026-03-31 07:51:43.876987-04:00,2026-03-31 08:12:50.037215-04:00,23342.75,23336.5,1,12.5,0.74,11.76,1.0
2375983595,F.US.MNQ,MNQM26,short,2026-03-31 10:35:09.691052-04:00,2026-03-31 10:38:54.991978-04:00,23566.25,23512.0,1,108.5,0.74,107.76,1.0
2376444758,F.US.MNQ,MNQM26,short,2026-03-31 11:02:25.289385-04:00,2026-03-31 11:06:12.096944-04:00,23453.5,23496.25,1,-85.5,0.74,-86.24,1.0
2376930391,F.US.MNQ,MNQM26,short,2026-03-31 11:21:23.878427-04:00,2026-03-31 11:51:32.543903-04:00,23499.5,23497.0,1,5.0,0.74,4.26,1.0
2377010538,F.US.MNQ,MNQM26,short,2026-03-31 11:56:33.792785-04:00,2026-03-31 12:00:26.746006-04:00,23479.75,23444.5,1,70.5,0.74,69.76,1.0
2377315072,F.US.MNQ,MNQM26,short,2026-03-31 12:04:28.990684-04:00,2026-03-31 12:38:23.571033-04:00,23479.5,23597.75,1,-236.5,0.74,-237.24,1.0
2377315074,F.US.MNQ,MNQM26,short,2026-03-31 12:37:28.087016-04:00,2026-03-31 12:38:23.571037-04:00,23568.75,23597.75,3,-174.0,2.22,-176.22,3.0
2377334032,F.US.MNQ,MNQM26,short,2026-03-31 12:38:31.589536-04:00,2026-03-31 12:39:29.738122-04:00,23597.0,23625.0,3,-168.0,2.22,-170.22,3.0
2377349008,F.US.MNQ,MNQM26,long,2026-03-31 12:39:29.738130-04:00,2026-03-31 12:40:00.837701-04:00,23625.0,23668.25,2,173.0,1.48,171.52,-2.0
2377479049,F.US.MNQ,MNQM26,short,2026-03-31 12:44:21.187059-04:00,2026-03-31 12:47:29.147542-04:00,23791.0,23742.5,1,97.0,0.74,96.26,1.0
2377537854,F.US.MNQ,MNQM26,short,2026-03-31 12:51:56.087061-04:00,2026-03-31 12:52:57.040162-04:00,23766.5,23728.75,1,75.5,0.74,74.76,1.0
2377673635,F.US.MNQ,MNQM26,short,2026-03-31 13:05:25.337644-04:00,2026-03-31 13:10:43.843949-04:00,23818.0,23784.5,1,67.0,0.74,66.26,1.0
2377873535,F.US.MNQ,MNQM26,short,2026-03-31 13:13:14.937946-04:00,2026-03-31 13:38:50.789572-04:00,23801.0,23765.25,1,71.5,0.74,70.76,1.0
2377894838,F.US.MNQ,MNQM26,short,2026-03-31 13:41:11.188500-04:00,2026-03-31 13:41:51.037954-04:00,23795.75,23790.25,1,11.0,0.74,10.26,1.0
2377975577,F.US.MNQ,MNQM26,short,2026-03-31 13:56:39.096657-04:00,2026-03-31 13:57:33.697031-04:00,23762.0,23758.0,1,8.0,0.74,7.26,1.0
2378062284,F.US.MNQ,MNQM26,short,2026-03-31 14:04:41.438006-04:00,2026-03-31 14:13:45.840906-04:00,23789.25,23798.25,1,-18.0,0.74,-18.74,1.0
2381933661,F.US.MNQ,MNQM26,short,2026-04-01 08:07:58.045041-04:00,2026-04-01 08:10:59.063789-04:00,24184.25,24175.0,5,92.5,3.7,88.8,5.0
2381978331,F.US.MNQ,MNQM26,short,2026-04-01 08:17:17.418212-04:00,2026-04-01 08:21:24.829221-04:00,24165.25,24155.25,10,200.0,7.4,192.6,10.0
2384975959,F.US.MNQ,MNQM26,short,2026-04-01 10:55:21.932472-04:00,2026-04-01 11:30:26.435150-04:00,24245.0,24239.0,1,12.0,0.74,11.26,1.0
2384983138,F.US.MNQ,MNQM26,short,2026-04-01 10:55:21.932472-04:00,2026-04-01 11:30:51.033361-04:00,24245.0,24233.0,1,24.0,0.74,23.26,1.0
2385594007,F.US.MNQ,MNQM26,short,2026-04-01 12:31:50.446393-04:00,2026-04-01 12:32:11.247890-04:00,24296.5,24297.25,1,-1.5,0.74,-2.24,1.0
2393247887,F.US.MNQ,MNQM26,short,2026-04-02 10:32:47.417127-04:00,2026-04-02 10:33:57.455568-04:00,23981.0,24025.5,1,-89.0,0.74,-89.74,1.0
2395100829,F.US.MNQ,MNQM26,short,2026-04-02 12:00:44.549710-04:00,2026-04-02 13:52:14.996677-04:00,24137.0,24077.75,1,118.5,0.74,117.76,1.0
2400955282,F.US.MNQ,MNQM26,short,2026-04-06 04:39:21.662613-04:00,2026-04-06 06:30:04.617021-04:00,24383.5,24338.0,1,91.0,0.74,90.26,1.0
2401019705,F.US.MNQ,MNQM26,short,2026-04-06 06:48:10.813108-04:00,2026-04-06 07:00:05.363692-04:00,24315.75,24310.5,1,10.5,0.74,9.76,1.0
2402548907,F.US.MNQ,MNQM26,short,2026-04-06 10:01:03.670989-04:00,2026-04-06 10:04:57.842329-04:00,24392.0,24291.5,1,201.0,0.74,200.26,1.0
2409068497,F.US.MNQ,MNQM26,short,2026-04-07 06:28:12.707337-04:00,2026-04-07 07:30:45.407458-04:00,24337.25,24225.75,1,223.0,0.74,222.26,1.0
2412436413,F.US.MNQ,MNQM26,short,2026-04-07 11:51:23.887394-04:00,2026-04-07 12:02:45.421773-04:00,24064.0,24164.75,1,-201.5,0.74,-202.24,1.0
2412859815,F.US.MNQ,MNQM26,short,2026-04-07 12:15:14.034901-04:00,2026-04-07 13:00:24.631111-04:00,24150.0,24196.5,1,-93.0,0.74,-93.74,1.0
2412859816,F.US.MNQ,MNQM26,short,2026-04-07 12:46:11.828861-04:00,2026-04-07 13:00:24.631119-04:00,24217.0,24196.5,3,123.0,2.22,120.78,3.0
2412961187,F.US.MNQ,MNQM26,short,2026-04-07 13:16:23.828328-04:00,2026-04-07 13:17:05.878830-04:00,24203.75,24193.0,1,21.5,0.74,20.76,1.0
2412992341,F.US.MNQ,MNQM26,short,2026-04-07 13:20:49.229182-04:00,2026-04-07 13:21:32.627339-04:00,24180.25,24175.0,1,10.5,0.74,9.76,1.0
2413063939,F.US.MNQ,MNQM26,short,2026-04-07 13:22:47.179477-04:00,2026-04-07 13:32:44.579797-04:00,24179.75,24213.5,1,-67.5,0.74,-68.24,1.0
2414976666,F.US.MNQ,MNQM26,short,2026-04-07 18:40:26.151957-04:00,2026-04-07 19:25:41.685611-04:00,24829.75,25079.75,1,-500.0,0.74,-500.74,1.0
2414976667,F.US.MNQ,MNQM26,short,2026-04-07 19:16:04.184627-04:00,2026-04-07 19:25:41.685630-04:00,24974.5,25079.75,3,-631.5,2.22,-633.72,3.0
2414976668,F.US.MNQ,MNQM26,short,2026-04-07 19:24:39.435603-04:00,2026-04-07 19:25:41.685636-04:00,25058.5,25079.75,1,-42.5,0.74,-43.24,1.0
2414978292,F.US.MNQ,MNQM26,short,2026-04-07 19:24:39.435603-04:00,2026-04-07 19:25:47.216422-04:00,25058.5,25074.75,9,-292.5,6.66,-299.16,9.0
2414978293,F.US.MNQ,MNQM26,short,2026-04-07 19:25:37.733581-04:00,2026-04-07 19:25:47.216426-04:00,25084.25,25074.75,10,190.0,7.4,182.6,10.0
2414978294,F.US.MNQ,MNQM26,short,2026-04-07 19:25:38.933110-04:00,2026-04-07 19:25:47.216429-04:00,25085.0,25074.75,10,205.0,7.4,197.6,10.0
2414978295,F.US.MNQ,MNQM26,short,2026-04-07 19:25:40.132369-04:00,2026-04-07 19:25:47.216433-04:00,25081.0,25074.75,10,125.0,7.4,117.6,10.0
2414993991,F.US.MNQ,MNQM26,short,2026-04-07 19:25:53.651305-04:00,2026-04-07 19:27:15.383086-04:00,25076.0,25064.0,5,120.0,3.7,116.3,5.0
2415002356,F.US.MNQ,MNQM26,short,2026-04-07 19:25:53.651305-04:00,2026-04-07 19:28:13.785010-04:00,25076.0,25055.5,5,205.0,3.7,201.3,5.0
2415018245,F.US.MNQ,MNQM26,short,2026-04-07 19:25:53.651305-04:00,2026-04-07 19:30:23.384740-04:00,25076.0,25046.5,2,118.0,1.48,116.52,2.0
2415048900,F.US.MNQ,MNQM26,short,2026-04-07 19:25:53.651305-04:00,2026-04-07 19:35:07.185113-04:00,25076.0,25034.5,2,166.0,1.48,164.52,2.0
2416160078,F.US.MNQ,MNQM26,short,2026-04-07 19:25:53.651305-04:00,2026-04-07 23:24:16.818460-04:00,25076.0,25093.25,1,-34.5,0.74,-35.24,1.0
2416160079,F.US.MNQ,MNQM26,short,2026-04-07 20:51:12.053831-04:00,2026-04-07 23:24:16.818464-04:00,25095.25,25093.25,1,4.0,0.74,3.26,1.0
2416160080,F.US.MNQ,MNQM26,short,2026-04-07 21:50:51.464497-04:00,2026-04-07 23:24:16.818467-04:00,25102.25,25093.25,1,18.0,0.74,17.26,1.0
2416160081,F.US.MNQ,MNQM26,short,2026-04-07 21:50:58.213336-04:00,2026-04-07 23:24:16.818471-04:00,25103.25,25093.25,1,20.0,0.74,19.26,1.0
2416160082,F.US.MNQ,MNQM26,short,2026-04-07 22:02:10.062358-04:00,2026-04-07 23:24:16.818475-04:00,25108.25,25093.25,1,30.0,0.74,29.26,1.0
2416160083,F.US.MNQ,MNQM26,short,2026-04-07 22:37:53.108597-04:00,2026-04-07 23:24:16.818479-04:00,25107.5,25093.25,1,28.5,0.74,27.76,1.0
2416160084,F.US.MNQ,MNQM26,short,2026-04-07 22:50:41.706237-04:00,2026-04-07 23:24:16.818482-04:00,25108.5,25093.25,5,152.5,3.7,148.8,5.0
2416160085,F.US.MNQ,MNQM26,short,2026-04-07 22:59:36.855872-04:00,2026-04-07 23:24:16.818486-04:00,25110.75,25093.25,5,175.0,3.7,171.3,5.0
2417932830,F.US.MNQ,MNQM26,short,2026-04-08 04:39:09.122328-04:00,2026-04-08 09:23:48.143369-04:00,25170.0,25206.0,1,-72.0,0.74,-72.74,1.0
2419673012,F.US.MNQ,MNQM26,short,2026-04-08 10:06:30.836970-04:00,2026-04-08 10:52:42.706296-04:00,25061.75,25006.25,1,111.0,0.74,110.26,1.0
2426923822,F.US.MNQ,MNQM26,long,2026-04-09 09:54:04.611262-04:00,2026-04-09 10:26:56.292491-04:00,25034.75,24968.75,1,-132.0,0.74,-132.74,-1.0
2427839492,F.US.MNQ,MNQM26,long,2026-04-09 11:00:42.859965-04:00,2026-04-09 11:21:42.939235-04:00,25038.75,25079.25,1,81.0,0.74,80.26,-1.0
2428622246,F.US.MNQ,MNQM26,short,2026-04-09 12:17:24.183587-04:00,2026-04-09 12:25:27.722435-04:00,25230.25,25211.0,1,38.5,0.74,37.76,1.0
2428650758,F.US.MNQ,MNQM26,short,2026-04-09 12:29:36.275376-04:00,2026-04-09 12:30:21.823108-04:00,25215.5,25211.25,1,8.5,0.74,7.76,1.0
2428667902,F.US.MNQ,MNQM26,short,2026-04-09 12:32:25.479141-04:00,2026-04-09 12:33:04.301573-04:00,25207.75,25200.5,1,14.5,0.74,13.76,1.0
2433980608,F.US.MNQ,MNQM26,short,2026-04-10 09:47:22.479268-04:00,2026-04-10 10:10:02.272562-04:00,25333.5,25286.25,1,94.5,0.74,93.76,1.0
2441827657,F.US.MNQ,MNQM26,short,2026-04-13 10:02:35.902811-04:00,2026-04-13 10:22:00.663667-04:00,25296.5,25294.25,1,4.5,0.74,3.76,1.0
2448721174,F.US.MNQ,MNQM26,short,2026-04-14 10:00:34.273271-04:00,2026-04-14 10:14:38.613793-04:00,25725.75,25774.0,1,-96.5,0.74,-97.24,1.0
2448721177,F.US.MNQ,MNQM26,short,2026-04-14 10:09:50.153409-04:00,2026-04-14 10:14:38.613796-04:00,25757.75,25774.0,2,-65.0,1.48,-66.48,2.0
2449821999,F.US.MNQ,MNQM26,short,2026-04-14 10:26:26.143173-04:00,2026-04-14 11:25:23.183940-04:00,25790.5,25835.75,1,-90.5,0.74,-91.24,1.0
2451652008,F.US.MNQ,MNQM26,short,2026-04-14 12:34:16.108398-04:00,2026-04-14 15:35:06.979308-04:00,25915.0,25970.75,3,-334.5,2.22,-336.72,3.0
2451652009,F.US.MNQ,MNQM26,short,2026-04-14 15:33:05.378414-04:00,2026-04-14 15:35:06.979329-04:00,25987.75,25970.75,15,510.0,11.1,498.9,15.0
2451863117,F.US.MNQ,MNQM26,short,2026-04-14 15:35:11.831599-04:00,2026-04-14 16:09:52.738352-04:00,25971.75,25984.0,2,-49.0,1.48,-50.48,2.0
2451863118,F.US.MNQ,MNQM26,short,2026-04-14 15:58:28.344678-04:00,2026-04-14 16:09:52.738371-04:00,25989.0,25984.0,2,20.0,1.48,18.52,2.0
2451863119,F.US.MNQ,MNQM26,short,2026-04-14 16:08:42.390732-04:00,2026-04-14 16:09:52.738378-04:00,25987.25,25984.0,5,32.5,3.7,28.8,5.0
2451863120,F.US.MNQ,MNQM26,short,2026-04-14 16:09:15.538894-04:00,2026-04-14 16:09:52.738382-04:00,25988.5,25984.0,5,45.0,3.7,41.3,5.0
2451863121,F.US.MNQ,MNQM26,short,2026-04-14 16:09:22.690065-04:00,2026-04-14 16:09:52.738386-04:00,25990.0,25984.0,10,120.0,7.4,112.6,10.0
2463171011,F.US.MNQ,MNQM26,short,2026-04-16 09:41:38.318596-04:00,2026-04-16 10:26:59.077911-04:00,26381.0,26337.75,1,86.5,0.74,85.76,1.0
2476537412,F.US.MNQ,MNQM26,short,2026-04-20 09:50:17.227233-04:00,2026-04-20 09:54:22.687566-04:00,26734.5,26780.25,1,-91.5,0.74,-92.24,1.0
2476537414,F.US.MNQ,MNQM26,short,2026-04-20 09:52:33.610583-04:00,2026-04-20 09:54:22.687573-04:00,26760.25,26780.25,1,-40.0,0.74,-40.74,1.0
2477748529,F.US.MNQ,MNQM26,short,2026-04-20 10:05:36.257091-04:00,2026-04-20 10:51:13.507284-04:00,26763.5,26637.0,1,253.0,0.74,252.26,1.0
2479074011,F.US.MNQ,MNQM26,short,2026-04-20 13:01:44.577118-04:00,2026-04-20 13:05:24.369385-04:00,26675.5,26670.25,1,10.5,0.74,9.76,1.0
2479715882,F.US.MNQ,MNQM26,short,2026-04-20 13:32:40.583026-04:00,2026-04-20 14:59:10.600912-04:00,26688.25,26729.25,1,-82.0,0.74,-82.74,1.0
2479715884,F.US.MNQ,MNQM26,short,2026-04-20 14:56:30.198557-04:00,2026-04-20 14:59:10.600932-04:00,26745.75,26729.25,3,99.0,2.22,96.78,3.0
2479735691,F.US.MNQ,MNQM26,short,2026-04-20 15:00:05.848540-04:00,2026-04-20 15:03:42.451773-04:00,26733.0,26726.75,1,12.5,0.74,11.76,1.0
2484827061,F.US.MNQ,MNQM26,short,2026-04-21 10:25:10.142551-04:00,2026-04-21 10:58:44.328280-04:00,26830.0,26755.5,1,149.0,0.74,148.26,1.0
2485551196,F.US.MNQ,MNQM26,long,2026-04-21 11:43:33.221070-04:00,2026-04-21 11:44:51.213441-04:00,26732.5,26735.25,1,5.5,0.74,4.76,-1.0
2491623013,F.US.MNQ,MNQM26,short,2026-04-22 10:33:04.463592-04:00,2026-04-22 10:40:37.414639-04:00,26959.5,27005.0,1,-91.0,0.74,-91.74,1.0
2491955402,F.US.MNQ,MNQM26,short,2026-04-22 10:49:05.159535-04:00,2026-04-22 11:05:14.563413-04:00,26977.25,26951.25,1,52.0,0.74,51.26,1.0
2493433947,F.US.MNQ,MNQM26,short,2026-04-22 11:26:26.023362-04:00,2026-04-22 14:22:20.336324-04:00,26984.0,27000.25,1,-32.5,0.74,-33.24,1.0
2493437132,F.US.MNQ,MNQM26,short,2026-04-22 13:43:53.794628-04:00,2026-04-22 14:22:30.896740-04:00,27041.75,26996.75,1,90.0,0.74,89.26,1.0
2493663095,F.US.MNQ,MNQM26,short,2026-04-22 14:22:39.544406-04:00,2026-04-22 15:00:43.983186-04:00,27001.75,26993.75,1,16.0,0.74,15.26,1.0
2493676693,F.US.MNQ,MNQM26,short,2026-04-22 15:00:57.382399-04:00,2026-04-22 15:01:51.682169-04:00,26991.75,26989.5,1,4.5,0.74,3.76,1.0
2493697935,F.US.MNQ,MNQM26,short,2026-04-22 15:02:31.581960-04:00,2026-04-22 15:04:23.592520-04:00,26988.5,26986.25,1,4.5,0.74,3.76,1.0
2498798831,F.US.MNQ,MNQM26,short,2026-04-23 11:08:04.849126-04:00,2026-04-23 11:10:14.357625-04:00,27096.25,27124.0,1,-55.5,0.74,-56.24,1.0
2499017634,F.US.MNQ,MNQM26,short,2026-04-23 11:28:46.599428-04:00,2026-04-23 11:30:49.450323-04:00,27140.75,27130.25,1,21.0,0.74,20.26,1.0
2499161054,F.US.MNQ,MNQM26,short,2026-04-23 11:31:03.505449-04:00,2026-04-23 11:45:33.812004-04:00,27129.5,27107.5,1,44.0,0.74,43.26,1.0
2499190739,F.US.MNQ,MNQM26,short,2026-04-23 11:45:42.409766-04:00,2026-04-23 11:46:59.447664-04:00,27103.0,27087.5,1,31.0,0.74,30.26,1.0
2499241323,F.US.MNQ,MNQM26,short,2026-04-23 11:50:26.988353-04:00,2026-04-23 11:51:42.090125-04:00,27082.5,27079.5,1,6.0,0.74,5.26,1.0
2499982493,F.US.MNQ,MNQM26,short,2026-04-23 13:15:32.422956-04:00,2026-04-23 13:15:49.524177-04:00,26931.5,26917.75,1,27.5,0.74,26.76,1.0
2500033853,F.US.MNQ,MNQM26,short,2026-04-23 13:18:31.218834-04:00,2026-04-23 13:19:34.671946-04:00,26887.25,26874.75,1,25.0,0.74,24.26,1.0
2500164692,F.US.MNQ,MNQM26,short,2026-04-23 13:22:50.719980-04:00,2026-04-23 13:31:24.768072-04:00,26861.0,26860.5,1,1.0,0.74,0.26,1.0
2500541106,F.US.MNQ,MNQM26,short,2026-04-23 14:04:42.794182-04:00,2026-04-23 14:05:18.036804-04:00,26899.25,26896.75,1,5.0,0.74,4.26,1.0
2500605187,F.US.MNQ,MNQM26,short,2026-04-23 14:17:55.749610-04:00,2026-04-23 14:18:09.699444-04:00,26921.0,26912.75,1,16.5,0.74,15.76,1.0
2500631842,F.US.MNQ,MNQM26,short,2026-04-23 14:21:52.147708-04:00,2026-04-23 14:26:27.909742-04:00,26919.25,26929.25,1,-20.0,0.74,-20.74,1.0
2500652904,F.US.MNQ,MNQM26,short,2026-04-23 14:27:33.864413-04:00,2026-04-23 14:31:19.510244-04:00,26918.25,26960.25,1,-84.0,0.74,-84.74,1.0
2500714038,F.US.MNQ,MNQM26,short,2026-04-23 14:37:23.354122-04:00,2026-04-23 14:43:29.370884-04:00,26977.5,26943.5,1,68.0,0.74,67.26,1.0
2500747736,F.US.MNQ,MNQM26,short,2026-04-23 14:44:20.148349-04:00,2026-04-23 14:50:32.235410-04:00,26937.75,26895.75,1,84.0,0.74,83.26,1.0
