idea_id,fill_count,source_row_ids,symbol,contract,direction,entry_time_et,exit_time_et,trade_date_et,duration_minutes,weighted_entry_price,weighted_exit_price,contract_turnover,max_overlapping_contracts,gross_pnl,fees,net_pnl
1,1,1625258966,F.US.MNQ,MNQZ25,long,2025-11-13 09:41:55.866320-05:00,2025-11-13 09:53:10.472542-05:00,2025-11-13,11.243437033333333,25347.0,25376.0,3,3,174.0,2.22,171.78
2,1,1632544631,F.US.MNQ,MNQZ25,long,2025-11-14 08:38:31.346902-05:00,2025-11-14 08:48:02.811966-05:00,2025-11-14,9.524417733333333,24682.5,24700.25,2,2,71.0,1.48,69.52
3,6,1633651534|1633651535|1633808427|1634591969|1635347553|1635435992,F.US.MNQ,MNQZ25,short,2025-11-14 09:45:59.318167-05:00,2025-11-14 12:40:25.720767-05:00,2025-11-14,174.44004333333334,25040.46875,25025.25,8,4,243.5,5.92,237.57999999999998
4,3,1638942208|1638942209|1639075687,F.US.MNQ,MNQZ25,short,2025-11-17 02:32:55.551185-05:00,2025-11-17 04:03:07.658811-05:00,2025-11-17,90.20179376666667,25337.535714285714,25330.0,7,6,105.5,5.18,100.32000000000001
5,3,1639817428|1639817429|1640490016,F.US.MNQ,MNQZ25,long,2025-11-17 07:36:06.928028-05:00,2025-11-17 09:35:14.826110-05:00,2025-11-17,119.13163469999999,25088.60714285714,25089.035714285714,7,6,6.0,5.18,0.8200000000000038
6,6,1641293988|1641568016|1641641248|1642039902|1642787892|1642838435,F.US.MNQ,MNQZ25,short,2025-11-17 10:07:07.726037-05:00,2025-11-17 11:53:39.775179-05:00,2025-11-17,106.53415236666666,25138.875,25124.291666666668,6,1,175.0,4.4399999999999995,170.56
7,6,1643911162|1644003464|1644277295|1644277296|1644300284|1644367838,F.US.MNQ,MNQZ25,long,2025-11-17 13:58:16.361276-05:00,2025-11-17 14:57:29.636304-05:00,2025-11-17,59.22125046666667,24826.075,24827.975,10,6,38.0,7.4,30.600000000000016
8,2,1648080414|1648090208,F.US.MNQ,MNQZ25,short,2025-11-18 07:00:28.630346-05:00,2025-11-18 07:03:01.293513-05:00,2025-11-18,2.5443861166666664,24781.5,24770.25,4,3,90.0,2.96,87.03999999999999
9,4,1650081757|1650402032|1651191645|1651269156,F.US.MNQ,MNQZ25,long,2025-11-18 09:59:02.632250-05:00,2025-11-18 11:13:04.108423-05:00,2025-11-18,74.02460288333333,24511.45,24535.35,5,2,239.0,3.7,235.3
10,1,1656492782,F.US.MNQ,MNQZ25,short,2025-11-19 05:48:50.676508-05:00,2025-11-19 07:11:23.369719-05:00,2025-11-19,82.54488685,24677.75,24675.0,1,1,5.5,0.74,4.76
11,5,1658415597|1658415598|1658536607|1658655133|1659543232,F.US.MNQ,MNQZ25,short,2025-11-19 10:01:52.772502-05:00,2025-11-19 11:24:59.720750-05:00,2025-11-19,83.11580413333333,24918.035714285714,24910.14285714286,7,4,110.5,5.18,105.32000000000001
12,6,1660429405|1660491085|1660511047|1660601396|1660651919|1660653741,F.US.MNQ,MNQZ25,long,2025-11-19 12:35:11.636672-05:00,2025-11-19 13:08:59.915179-05:00,2025-11-19,33.80464178333333,24610.0,24626.833333333332,6,1,202.0,4.4399999999999995,197.56
13,13,1665909292|1666372271|1666432338|1666539485|1666664879|1666909123|1666909124|1667257843|1667257845|1667325788|1667360652|1667428074|1667477158,F.US.MNQ,MNQZ25,short,2025-11-20 09:43:58.357097-05:00,2025-11-20 10:58:30.553235-05:00,2025-11-20,74.5366023,25238.9,25230.133333333335,15,4,263.0,11.1,251.9
14,16,1667653771|1667732823|1667732824|1667909190|1667909191|1667937725|1667986604|1668042548|1668128182|1668271111|1668347825|1668375549|1668441712|1668587432|1668587437|1668587439,F.US.MNQ,MNQZ25,long,2025-11-20 11:06:59.381765-05:00,2025-11-20 12:00:17.118239-05:00,2025-11-20,53.2956079,24741.50625,24755.6875,40,21,1134.5,29.6,1104.9
15,2,1673263251|1673344974,F.US.MNQ,MNQZ25,long,2025-11-21 05:07:15.389389-05:00,2025-11-21 05:31:55.472156-05:00,2025-11-21,24.66804611666667,23950.875,23958.375,2,1,30.0,1.48,28.520000000000003
16,2,1676225520|1676489248,F.US.MNQ,MNQZ25,long,2025-11-21 10:55:18.597736-05:00,2025-11-21 11:16:50.935435-05:00,2025-11-21,21.538961649999997,24076.375,24082.25,2,1,23.5,1.48,22.02
17,14,1676781972|1676792316|1676970425|1677404755|1677698895|1677774133|1677774134|1677774135|1677774136|1677774137|1677774138|1677774139|1677792839|1677832782,F.US.MNQ,MNQZ25,short,2025-11-21 11:41:57.420672-05:00,2025-11-21 13:56:57.633881-05:00,2025-11-21,135.00355348333332,24483.76388888889,24478.296296296296,54,47,590.5,39.96,550.54
18,1,1681356843,F.US.MNQ,MNQZ25,short,2025-11-24 06:57:06.340117-05:00,2025-11-24 07:10:37.121982-05:00,2025-11-24,13.513031083333335,24449.0,24445.0,1,1,8.0,0.74,7.26
19,12,1682399184|1682527226|1683064096|1683768385|1684872275|1684872276|1684872278|1684872279|1684872280|1684872281|1686079637|1686079638,F.US.MNQ,MNQZ25,short,2025-11-24 09:43:58.618162-05:00,2025-11-24 15:50:03.868563-05:00,2025-11-24,366.08750668333334,24900.493243243243,24899.25,37,31,92.0,27.38,64.61999999999998
20,1,1688310414,F.US.MNQ,MNQZ25,short,2025-11-25 03:08:21.399178-05:00,2025-11-25 03:46:02.269255-05:00,2025-11-25,37.68116795,24905.25,24901.5,1,1,7.5,0.74,6.76
21,2,1688658379|1688685242,F.US.MNQ,MNQZ25,short,2025-11-25 05:50:09.167781-05:00,2025-11-25 06:04:07.221412-05:00,2025-11-25,13.967560516666667,24875.875,24874.0,2,1,7.5,1.48,6.02
22,11,1689902809|1690291497|1690688670|1691567849|1691567850|1691567851|1691629545|1691669357|1691793877|1691930199|1691996809,F.US.MNQ,MNQZ25,short,2025-11-25 09:39:41.662333-05:00,2025-11-25 11:20:37.468240-05:00,2025-11-25,100.93009845,24802.7,24792.7,15,7,300.0,11.1,288.90000000000003
23,2,1695786769|1696000842,F.US.MNQ,MNQZ25,short,2025-11-26 03:02:00.571026-05:00,2025-11-26 04:21:14.722639-05:00,2025-11-26,79.23586021666667,25180.125,25165.25,2,1,59.5,1.48,58.019999999999996
24,3,1697443674|1697549197|1697813214,F.US.MNQ,MNQZ25,short,2025-11-26 09:30:34.230578-05:00,2025-11-26 09:52:12.441897-05:00,2025-11-26,21.636855316666665,25232.916666666668,25212.916666666668,3,1,120.0,2.2199999999999998,117.78
25,6,1698582090|1698972011|1699522518|1699641891|1700143942|1700308873,F.US.MNQ,MNQZ25,short,2025-11-26 11:28:28.900353-05:00,2025-11-26 15:30:02.886112-05:00,2025-11-26,241.56642931666664,25328.625,25323.208333333332,6,1,65.0,4.4399999999999995,60.56
26,1,1702198123,F.US.MNQ,MNQZ25,long,2025-11-27 07:48:59.524395-05:00,2025-11-27 07:49:32.976174-05:00,2025-11-27,0.55752965,25298.75,25301.25,1,1,5.0,0.74,4.26
27,5,1703872525|1704270208|1704884383|1704884384|1704884385,F.US.MNQ,MNQZ25,short,2025-11-28 09:39:32.875381-05:00,2025-11-28 11:21:29.892457-05:00,2025-11-28,101.9502846,25408.722222222223,25400.75,9,7,143.5,6.66,136.84
28,2,1708470851|1708470852,F.US.MNQ,MNQZ25,short,2025-12-01 02:22:19.086110-05:00,2025-12-01 04:38:38.901073-05:00,2025-12-01,136.33024938333332,25297.25,25295.75,4,4,12.0,2.96,9.040000000000006
29,1,1708698833,F.US.MNQ,MNQZ25,short,2025-12-01 06:17:02.889006-05:00,2025-12-01 06:18:08.035583-05:00,2025-12-01,1.0857762833333333,25306.0,25303.25,1,1,5.5,0.74,4.76
30,7,1710451451|1710843888|1711111029|1711619848|1711619849|1711619850|1711655694,F.US.MNQ,MNQZ25,short,2025-12-01 10:02:09.927206-05:00,2025-12-01 11:07:36.478314-05:00,2025-12-01,65.44251846666667,25387.5,25375.923076923078,13,9,301.0,9.620000000000001,291.38
31,1,1713197748,F.US.MNQ,MNQZ25,short,2025-12-01 13:54:24.917903-05:00,2025-12-01 14:02:00.782017-05:00,2025-12-01,7.597735233333333,25483.0,25460.0,1,1,46.0,0.74,45.26
32,1,1716896324,F.US.MNQ,MNQZ25,short,2025-12-02 05:54:42.301528-05:00,2025-12-02 06:04:26.869339-05:00,2025-12-02,9.74279685,25493.0,25480.0,1,1,26.0,0.74,25.26
33,12,1717351779|1718496374|1718496375|1718496376|1719442389|1719442390|1719576720|1719687915|1720085935|1720297690|1720347987|1720478011,F.US.MNQ,MNQZ25,short,2025-12-02 08:31:13.002964-05:00,2025-12-02 11:19:23.488861-05:00,2025-12-02,168.17476495,25573.125,25563.90625,16,7,295.0,11.84,283.16
34,12,1725793987|1726159395|1727719522|1728030282|1728030283|1728089468|1728411084|1728411085|1728833741|1729032893|1729324295|1729324299,F.US.MNQ,MNQZ25,short,2025-12-03 08:19:47.674997-05:00,2025-12-03 11:46:00.779369-05:00,2025-12-03,206.2184062,25574.684210526317,25565.82894736842,19,5,336.5,14.06,322.44
35,5,1734371914|1734799780|1734845463|1735402464|1736502292,F.US.MNQ,MNQZ25,short,2025-12-04 09:13:10.079791-05:00,2025-12-04 10:47:47.412428-05:00,2025-12-04,94.62221061666668,25651.85,25619.2,5,1,326.5,3.7,322.8
36,1,1738642256,F.US.MNQ,MNQZ25,short,2025-12-04 13:07:43.771385-05:00,2025-12-04 14:16:59.205690-05:00,2025-12-04,69.25723841666667,25579.0,25578.5,1,1,1.0,0.74,0.26
37,1,1744169294,F.US.MNQ,MNQZ25,short,2025-12-05 10:06:10.190509-05:00,2025-12-05 10:47:21.990514-05:00,2025-12-05,41.19666675,25832.0,25816.25,1,1,31.5,0.74,30.76
38,3,1744578685|1745301379|1745885567,F.US.MNQ,MNQZ25,long,2025-12-05 11:03:18.216427-05:00,2025-12-05 13:05:34.914069-05:00,2025-12-05,122.27829403333334,25735.416666666668,25741.0,3,1,33.5,2.2199999999999998,31.28
39,1,1746545906,F.US.MNQ,MNQZ25,long,2025-12-05 14:47:39.443075-05:00,2025-12-05 14:50:19.943512-05:00,2025-12-05,2.6750072833333336,25706.25,25718.25,1,1,24.0,0.74,23.26
40,6,1749893373|1749893374|1749893375|1750334578|1750394122|1750573602,F.US.MNQ,MNQZ25,short,2025-12-08 08:32:20.643908-05:00,2025-12-08 09:45:25.571714-05:00,2025-12-08,73.0821301,25811.15,25807.725,10,7,68.5,7.4,61.10000000000001
41,16,1751448680|1751850790|1751850791|1752394841|1752394843|1752394844|1752394845|1752394846|1752394847|1752394848|1752847370|1752984636|1753496198|1753538204|1753675584|1754363115,F.US.MNQ,MNQZ25,long,2025-12-08 10:15:08.815176-05:00,2025-12-08 14:01:13.947316-05:00,2025-12-08,226.08553566666666,25644.377717391304,25648.698369565216,92,81,795.0,68.08,726.92
42,4,1761132450|1761386003|1761849870|1762039865,F.US.MNQ,MNQZ25,short,2025-12-09 12:04:06.941905-05:00,2025-12-09 14:08:28.637320-05:00,2025-12-09,124.36159025,25715.75,25706.3125,4,1,75.5,2.96,72.53999999999999
43,1,1764572127,F.US.MNQ,MNQZ25,short,2025-12-10 02:44:52.880053-05:00,2025-12-10 04:24:55.446221-05:00,2025-12-10,100.04276946666667,25725.25,25709.75,1,1,31.0,0.74,30.26
44,13,1766548693|1767367712|1767367713|1767623122|1767623123|1767623124|1767623125|1767623126|1767623127|1767623128|1767623129|1767623130|1767712053,F.US.MNQ,MNQZ25,long,2025-12-10 09:57:57.944073-05:00,2025-12-10 11:09:29.502177-05:00,2025-12-10,71.5259684,25543.13349514563,25545.01213592233,103,99,387.0,76.22,310.78000000000003
45,6,1768788462|1769359883|1770169193|1770169194|1770552239|1770582153,F.US.MNQ,MNQZ25,short,2025-12-10 13:18:53.667488-05:00,2025-12-10 15:52:01.034138-05:00,2025-12-10,153.1227775,25774.85714285714,25767.535714285714,7,3,102.5,5.18,97.32000000000001
46,2,1773634027|1773634028,F.US.MNQ,MNQZ25,short,2025-12-11 07:42:12.849607-05:00,2025-12-11 08:01:50.598193-05:00,2025-12-11,19.6291431,25695.0,25690.5,4,4,36.0,2.96,33.04
47,10,1774957845|1774957846|1774957847|1774957848|1774957849|1774957850|1774957851|1774957852|1775095116|1775095117,F.US.MNQ,MNQZ25,long,2025-12-11 09:44:16.017757-05:00,2025-12-11 09:59:46.095113-05:00,2025-12-11,15.501289266666667,25435.629213483146,25442.584269662922,89,84,1238.0,65.86,1172.1399999999999
48,1,1786707204,F.US.MNQ,MNQZ25,long,2025-12-14 18:45:00.551849-05:00,2025-12-14 19:07:28.545459-05:00,2025-12-14,22.466560166666667,25181.5,25207.0,2,2,102.0,1.48,100.52
49,1,1797819757,F.US.MNQ,MNQH26,short,2025-12-16 10:09:46.311164-05:00,2025-12-16 10:55:25.548117-05:00,2025-12-16,45.65394921666667,25338.75,25325.5,2,2,53.0,1.48,51.52
50,1,1798630528,F.US.MNQ,MNQH26,short,2025-12-16 18:52:32.545909-05:00,2025-12-16 18:57:12.943159-05:00,2025-12-16,4.6732875,25323.0,25321.0,2,2,8.0,1.48,6.52
51,2,1803104982|1803138222,F.US.MNQ,MNQH26,long,2025-12-17 10:46:09.623144-05:00,2025-12-17 10:50:27.850306-05:00,2025-12-17,4.303786033333334,25114.25,25134.375,2,2,80.5,1.48,79.02000000000001
52,3,1817698045|1817898211|1818247877,F.US.MNQ,MNQH26,short,2025-12-19 09:45:31.157860-05:00,2025-12-19 10:28:18.123784-05:00,2025-12-19,42.7827654,25555.4,25560.1,5,2,-47.0,3.7,-50.69999999999998
53,1,1819017405,F.US.MNQ,MNQH26,long,2025-12-19 11:15:54.571990-05:00,2025-12-19 11:16:21.971204-05:00,2025-12-19,0.4566535666666667,25527.75,25533.0,2,2,21.0,1.48,19.52
54,1,1819264660,F.US.MNQ,MNQH26,short,2025-12-19 11:30:39.515479-05:00,2025-12-19 11:45:05.714969-05:00,2025-12-19,14.436658166666666,25555.5,25537.75,2,2,71.0,1.48,69.52
55,8,1832063931|1832063932|1832063933|1832063934|1832063935|1832063936|1832063937|1832306205,F.US.MNQ,MNQH26,short,2025-12-23 09:56:46.159842-05:00,2025-12-23 12:50:40.169234-05:00,2025-12-23,173.90015653333333,25766.253472222223,25761.625,72,71,666.5,53.28,613.2199999999999
56,1,1832938290,F.US.MNQ,MNQH26,short,2025-12-23 15:49:04.569539-05:00,2025-12-23 15:50:17.308930-05:00,2025-12-23,1.2123231833333332,25803.75,25802.25,1,1,3.0,0.74,2.26
57,2,1835757396|1835757398,F.US.MNQ,MNQH26,short,2025-12-24 10:09:18.634190-05:00,2025-12-24 10:18:42.671185-05:00,2025-12-24,9.400616583333335,25832.4375,25829.5,4,4,23.5,2.96,20.540000000000003
58,1,1838996502,F.US.MNQ,MNQH26,short,2025-12-26 09:45:25.940260-05:00,2025-12-26 09:49:46.291766-05:00,2025-12-26,4.339191766666667,25931.0,25915.75,2,2,61.0,1.48,59.52
59,2,1839641965|1840025349,F.US.MNQ,MNQH26,long,2025-12-26 10:25:55.595369-05:00,2025-12-26 11:14:01.573218-05:00,2025-12-26,48.09963081666667,25869.5,25878.25,2,2,35.0,1.48,33.519999999999996
60,3,1844248916|1844327053|1844348965,F.US.MNQ,MNQH26,long,2025-12-29 08:51:26.738952-05:00,2025-12-29 09:13:45.487750-05:00,2025-12-29,22.312479966666668,25683.0,25685.964285714286,28,15,166.0,20.72,145.28
61,1,1845292944,F.US.MNQ,MNQH26,short,2025-12-29 10:08:40.806606-05:00,2025-12-29 10:09:59.623207-05:00,2025-12-29,1.3136100166666667,25690.5,25685.0,1,1,11.0,0.74,10.26
62,1,1846751439,F.US.MNQ,MNQH26,short,2025-12-29 13:01:18.006874-05:00,2025-12-29 13:01:40.507115-05:00,2025-12-29,0.37500401666666666,25688.25,25687.25,1,1,2.0,0.74,1.26
63,1,1851364331,F.US.MNQ,MNQH26,long,2025-12-30 10:13:56.620036-05:00,2025-12-30 10:15:21.468585-05:00,2025-12-30,1.4141424833333334,25693.5,25698.0,2,2,18.0,1.48,16.52
64,1,1852522900,F.US.MNQ,MNQH26,long,2025-12-30 12:09:14.661275-05:00,2025-12-30 12:10:12.124228-05:00,2025-12-30,0.9577158833333334,25720.25,25720.5,1,1,0.5,0.74,-0.24
65,1,1856470250,F.US.MNQ,MNQH26,short,2025-12-31 08:51:31.258403-05:00,2025-12-31 09:25:47.571765-05:00,2025-12-31,34.27188936666666,25695.25,25693.0,3,3,13.5,2.22,11.28
66,2,1857173940|1857173941,F.US.MNQ,MNQH26,long,2025-12-31 09:52:23.333375-05:00,2025-12-31 10:02:52.875299-05:00,2025-12-31,10.4923654,25606.5,25607.75,4,4,10.0,2.96,7.039999999999999
67,1,1863239242,F.US.MNQ,MNQH26,short,2026-01-02 09:56:03.642855-05:00,2026-01-02 10:12:09.932646-05:00,2026-01-02,16.10482985,25736.0,25665.0,2,2,284.0,1.48,282.52
68,1,1863658751,F.US.MNQ,MNQH26,long,2026-01-02 10:30:15.713787-05:00,2026-01-02 10:33:36.323736-05:00,2026-01-02,3.34349915,25482.5,25537.75,2,2,221.0,1.48,219.52
69,1,1868624046,F.US.MNQ,MNQH26,short,2026-01-05 05:58:25.054944-05:00,2026-01-05 06:09:43.852514-05:00,2026-01-05,11.313292833333332,25552.75,25547.25,10,10,110.0,7.4,102.6
70,11,1869517976|1870676105|1870676106|1870676107|1870676108|1870676109|1870676110|1870993039|1870993040|1870993041|1872066048,F.US.MNQ,MNQH26,short,2026-01-05 09:30:41.584305-05:00,2026-01-05 12:06:52.311272-05:00,2026-01-05,156.17878278333333,25653.035294117646,25651.0,85,66,346.0,62.9,283.09999999999997
71,8,1876257472|1876257473|1876415244|1876415245|1876415246|1876502541|1878784698|1878784699,F.US.MNQ,MNQH26,short,2026-01-06 07:02:16.575364-05:00,2026-01-06 10:46:31.099120-05:00,2026-01-06,224.2420626,25637.984375,25634.828125,16,9,101.0,11.84,89.16000000000001
72,1,1880943677,F.US.MNQ,MNQH26,short,2026-01-06 15:17:30.523276-05:00,2026-01-06 15:24:13.022662-05:00,2026-01-06,6.7083231,25815.5,25814.0,1,1,3.0,0.74,2.26
73,7,1886315361|1886315362|1886318749|1886349735|1886441605|1887123664|1887328006,F.US.MNQ,MNQH26,short,2026-01-07 10:04:30.256596-05:00,2026-01-07 12:06:05.943602-05:00,2026-01-07,121.59478343333333,25886.678571428572,25880.214285714286,7,3,90.5,5.18,85.32000000000001
74,5,1892891507|1892904639|1893011798|1893079715|1893417390,F.US.MNQ,MNQH26,long,2026-01-08 09:44:51.457624-05:00,2026-01-08 10:05:45.084658-05:00,2026-01-08,20.893783900000003,25620.3,25647.8,5,3,275.0,3.7,271.3
75,3,1901518517|1901669884|1901729325,F.US.MNQ,MNQH26,short,2026-01-09 10:30:11.675840-05:00,2026-01-09 10:44:11.632417-05:00,2026-01-09,13.999276283333334,25856.0,25818.0,3,2,228.0,2.2199999999999998,225.78
76,1,1902737965,F.US.MNQ,MNQH26,short,2026-01-09 12:26:17.794338-05:00,2026-01-09 12:31:24.543157-05:00,2026-01-09,5.112480316666667,25915.25,25909.5,1,1,11.5,0.74,10.76
77,1,1906779351,F.US.MNQ,MNQH26,long,2026-01-12 04:11:12.348892-05:00,2026-01-12 05:32:33.306734-05:00,2026-01-12,81.34929736666666,25696.75,25713.75,1,1,34.0,0.74,33.26
78,5,1908074776|1910416732|1910416733|1910889396|1911385732,F.US.MNQ,MNQH26,short,2026-01-12 09:39:15.763764-05:00,2026-01-12 15:30:14.809918-05:00,2026-01-12,350.98410256666665,25952.041666666668,25951.916666666668,6,2,1.5,4.4399999999999995,-2.9399999999999884
79,4,1916152809|1916894896|1917860302|1918139327,F.US.MNQ,MNQH26,short,2026-01-13 09:46:41.326614-05:00,2026-01-13 11:51:27.183536-05:00,2026-01-13,124.76428203333333,25962.5,25919.375,4,2,345.0,2.96,342.03999999999996
80,2,1922637019|1922637383,F.US.MNQ,MNQH26,long,2026-01-14 05:30:11.597256-05:00,2026-01-14 06:24:25.544895-05:00,2026-01-14,54.23246065,25746.625,25754.625,2,2,32.0,1.48,30.52
81,2,1924943170|1924983183,F.US.MNQ,MNQH26,long,2026-01-14 10:00:18.046975-05:00,2026-01-14 10:12:55.647649-05:00,2026-01-14,12.6266779,25581.0,25629.75,2,2,195.0,1.48,193.52
82,1,1925383052,F.US.MNQ,MNQH26,short,2026-01-14 10:26:46.743905-05:00,2026-01-14 10:31:27.446127-05:00,2026-01-14,4.678370366666667,25663.5,25579.5,1,1,168.0,0.74,167.26
83,1,1926650379,F.US.MNQ,MNQH26,long,2026-01-14 12:01:38.402792-05:00,2026-01-14 12:02:24.601589-05:00,2026-01-14,0.76997995,25463.25,25468.5,1,1,10.5,0.74,9.76
84,1,1931364141,F.US.MNQ,MNQH26,short,2026-01-15 06:56:29.183833-05:00,2026-01-15 07:00:05.581482-05:00,2026-01-15,3.6066274833333334,25841.75,25838.25,2,2,14.0,1.48,12.52
85,1,1933157876,F.US.MNQ,MNQH26,short,2026-01-15 09:55:36.631130-05:00,2026-01-15 09:57:24.128771-05:00,2026-01-15,1.79162735,25907.5,25890.25,1,1,34.5,0.74,33.76
86,2,1940760563|1941183053,F.US.MNQ,MNQH26,short,2026-01-16 09:35:00.665283-05:00,2026-01-16 09:55:11.970973-05:00,2026-01-16,20.188428166666665,25832.625,25811.375,2,1,85.0,1.48,83.52
87,2,1943293632|1943586536,F.US.MNQ,MNQH26,short,2026-01-16 11:43:34.482257-05:00,2026-01-16 12:32:44.569276-05:00,2026-01-16,49.168116983333334,25711.0,25703.0,2,1,32.0,1.48,30.520000000000003
88,8,1952427025|1952427026|1952427027|1952427028|1952427029|1952764292|1952764293|1952776201,F.US.MNQ,MNQH26,long,2026-01-20 03:10:33.673799-05:00,2026-01-20 05:23:32.176170-05:00,2026-01-20,132.97503951666667,25176.446428571428,25176.946428571428,42,39,42.0,31.08,10.919999999999982
89,4,1954810102|1955220491|1955727313|1956130291,F.US.MNQ,MNQH26,short,2026-01-20 10:01:20.785264-05:00,2026-01-20 11:17:10.332333-05:00,2026-01-20,75.82578448333334,25348.1875,25339.0,4,1,73.5,2.96,70.54
90,6,1964023908|1964023909|1964295948|1964820360|1964820361|1964974534,F.US.MNQ,MNQH26,short,2026-01-21 10:05:49.068050-05:00,2026-01-21 11:40:14.656520-05:00,2026-01-21,94.4264745,25423.39285714286,25430.60714285714,7,3,-101.0,5.18,-106.18
91,13,1965238679|1965293685|1965550016|1965551895|1966000938|1966093141|1966170682|1966308108|1966316322|1966362783|1966397155|1966426206|1966479145,F.US.MNQ,MNQH26,long,2026-01-21 11:55:03.087982-05:00,2026-01-21 14:27:44.639713-05:00,2026-01-21,152.69252885,25240.653846153848,25245.576923076922,13,2,128.0,9.62,118.38000000000001
92,1,1969964323,F.US.MNQ,MNQH26,short,2026-01-22 03:52:36.503577-05:00,2026-01-22 06:44:54.987272-05:00,2026-01-22,172.30806158333334,25700.0,25677.75,1,1,44.5,0.74,43.76
93,5,1973309831|1973602380|1974260204|1974260205|1974260206,F.US.MNQ,MNQH26,short,2026-01-22 10:56:25.628149-05:00,2026-01-22 13:03:03.766131-05:00,2026-01-22,126.63563303333333,25683.964285714286,25686.428571428572,7,5,-34.5,5.18,-39.68
94,3,1980782053|1982668666|1982668667,F.US.MNQ,MNQH26,short,2026-01-23 10:20:16.571756-05:00,2026-01-23 12:42:16.129636-05:00,2026-01-23,141.99263133333335,25749.416666666668,25747.666666666668,3,2,10.5,2.2199999999999998,8.279999999999982
95,5,1989909722|1991344516|1991344518|1992330838|1993589945,F.US.MNQ,MNQH26,short,2026-01-26 09:58:40.779219-05:00,2026-01-26 15:54:50.308562-05:00,2026-01-26,356.1588223833333,25880.9,25880.3,5,2,6.0,3.7,2.299999999999997
96,2,2001300134|2001300135,F.US.MNQ,MNQH26,short,2026-01-27 10:05:07.299025-05:00,2026-01-27 13:02:28.443678-05:00,2026-01-27,177.35241088333333,26056.625,26045.25,4,4,91.0,2.96,88.03999999999999
97,1,2002657093,F.US.MNQ,MNQH26,short,2026-01-27 18:03:40.512699-05:00,2026-01-27 18:05:38.912067-05:00,2026-01-27,1.9733227999999998,26145.25,26134.0,1,1,22.5,0.74,21.76
98,1,2005109558,F.US.MNQ,MNQH26,short,2026-01-28 03:12:05.932827-05:00,2026-01-28 03:16:08.279273-05:00,2026-01-28,4.039107433333333,26306.5,26302.25,1,1,8.5,0.74,7.76
99,1,2005588719,F.US.MNQ,MNQH26,short,2026-01-28 06:10:53.682917-05:00,2026-01-28 06:12:49.975112-05:00,2026-01-28,1.9382032500000002,26308.75,26297.5,1,1,22.5,0.74,21.76
100,1,2007648730,F.US.MNQ,MNQH26,short,2026-01-28 10:00:25.281679-05:00,2026-01-28 10:09:43.045863-05:00,2026-01-28,9.296069733333333,26256.0,26237.75,1,1,36.5,0.74,35.76
101,2,2009752439|2009907721,F.US.MNQ,MNQH26,long,2026-01-28 12:31:02.865287-05:00,2026-01-28 12:53:07.747117-05:00,2026-01-28,22.081363833333334,26131.25,26129.375,2,1,-7.5,1.48,-8.979999999999999
102,5,2017833562|2018012393|2018012394|2018552715|2018552716,F.US.MNQ,MNQH26,long,2026-01-29 10:30:25.310555-05:00,2026-01-29 11:12:05.437214-05:00,2026-01-29,41.66877765,25639.178571428572,25643.785714285714,7,4,64.5,5.18,59.32000000000001
103,1,2025907312,F.US.MNQ,MNQH26,short,2026-01-30 09:38:25.473614-05:00,2026-01-30 09:46:21.165933-05:00,2026-01-30,7.928205316666666,25881.0,25852.75,1,1,56.5,0.74,55.76
104,1,2027749890,F.US.MNQ,MNQH26,short,2026-01-30 11:17:28.271564-05:00,2026-01-30 11:18:14.776680-05:00,2026-01-30,0.7750852666666667,25805.75,25784.5,1,1,42.5,0.74,41.76
105,2,2037273573|2037546068,F.US.MNQ,MNQH26,short,2026-02-02 10:16:20.427572-05:00,2026-02-02 11:16:05.272097-05:00,2026-02-02,59.74740875,25860.75,25844.25,2,2,66.0,1.48,64.52
106,4,2046113918|2047054937|2048104967|2048104968,F.US.MNQ,MNQH26,long,2026-02-03 10:04:07.758503-05:00,2026-02-03 12:19:02.756507-05:00,2026-02-03,134.9166334,25493.625,25494.25,6,4,7.5,4.44,3.059999999999988
107,1,2049597682,F.US.MNQ,MNQH26,long,2026-02-03 14:38:28.431381-05:00,2026-02-03 14:57:26.934019-05:00,2026-02-03,18.975043966666664,25303.75,25305.25,1,1,3.0,0.74,2.26
108,2,2055632556|2057326568,F.US.MNQ,MNQH26,short,2026-02-04 09:49:26.339423-05:00,2026-02-04 11:03:08.174913-05:00,2026-02-04,73.69725816666667,25215.125,25163.75,2,1,205.5,1.48,204.01999999999998
109,1,2058675635,F.US.MNQ,MNQH26,long,2026-02-04 12:39:53.408073-05:00,2026-02-04 12:41:15.428060-05:00,2026-02-04,1.3669997833333334,24821.75,24828.25,1,1,13.0,0.74,12.26
110,2,2069244920|2069560314,F.US.MNQ,MNQH26,short,2026-02-05 13:49:09.496477-05:00,2026-02-05 14:31:41.821811-05:00,2026-02-05,42.538755566666666,24717.75,24705.75,2,1,48.0,1.48,46.52
111,9,2077415910|2077415911|2077415912|2077415913|2077415914|2077415915|2077415916|2077415917|2077415918,F.US.MNQ,MNQH26,short,2026-02-06 10:50:35.479641-05:00,2026-02-06 11:36:09.589570-05:00,2026-02-06,45.56849881666667,25034.46212121212,25032.25,99,99,438.0,73.26,364.74
112,1,2078501775,F.US.MNQ,MNQH26,short,2026-02-06 13:32:12.993523-05:00,2026-02-06 14:17:12.905065-05:00,2026-02-06,44.998525699999995,25092.0,25067.5,1,1,49.0,0.74,48.26
113,4,2085419587|2085419588|2086955100|2086955101,F.US.MNQ,MNQH26,short,2026-02-09 10:59:29.018099-05:00,2026-02-09 15:37:47.240674-05:00,2026-02-09,278.30370958333333,25365.25,25361.75,4,2,28.0,2.96,25.04000000000001
114,1,2089725534,F.US.MNQ,MNQH26,short,2026-02-10 04:31:27.394525-05:00,2026-02-10 05:04:13.168800-05:00,2026-02-10,32.76290458333333,25395.5,25344.5,1,1,102.0,0.74,101.26
115,1,2090166660,F.US.MNQ,MNQH26,short,2026-02-10 07:55:07.182249-05:00,2026-02-10 07:59:31.727450-05:00,2026-02-10,4.409086683333333,25345.0,25339.75,1,1,10.5,0.74,9.76
116,1,2093252571,F.US.MNQ,MNQH26,short,2026-02-10 10:25:56.985680-05:00,2026-02-10 11:16:35.623077-05:00,2026-02-10,50.643956616666664,25382.0,25381.0,1,1,2.0,0.74,1.26
117,2,2100351602|2101866820,F.US.MNQ,MNQH26,short,2026-02-11 09:55:11.423520-05:00,2026-02-11 11:30:01.572367-05:00,2026-02-11,94.83581411666667,25312.375,25211.875,2,1,402.0,1.48,400.52
118,1,2107978757,F.US.MNQ,MNQH26,short,2026-02-12 09:55:01.363693-05:00,2026-02-12 10:01:21.779218-05:00,2026-02-12,6.34025875,25271.5,25218.0,1,1,107.0,0.74,106.26
119,1,2110412169,F.US.MNQ,MNQH26,long,2026-02-12 12:01:36.779246-05:00,2026-02-12 12:16:05.003055-05:00,2026-02-12,14.470396816666666,24839.5,24840.5,1,1,2.0,0.74,1.26
120,1,2118398089,F.US.MNQ,MNQH26,long,2026-02-13 10:41:38.674383-05:00,2026-02-13 10:45:00.980019-05:00,2026-02-13,3.3717606,24825.0,24777.0,1,1,-96.0,0.74,-96.74
121,5,2118827561|2118827562|2119776824|2119776825|2119852905,F.US.MNQ,MNQH26,short,2026-02-13 10:45:00.980024-05:00,2026-02-13 13:03:47.047578-05:00,2026-02-13,138.76779256666666,24911.1875,24897.4375,8,4,220.0,5.92,214.08
122,1,2123654056,F.US.MNQ,MNQH26,short,2026-02-16 03:29:23.122559-05:00,2026-02-16 06:06:14.872003-05:00,2026-02-16,156.86249073333332,24871.0,24864.25,1,1,13.5,0.74,12.76
123,2,2132482760|2133777086,F.US.MNQ,MNQH26,short,2026-02-17 09:53:59.546958-05:00,2026-02-17 12:12:26.812345-05:00,2026-02-17,138.45442311666665,24618.375,24577.0,2,1,165.5,1.48,164.01999999999998
124,1,2143128600,F.US.MNQ,MNQH26,short,2026-02-18 11:03:53.001946-05:00,2026-02-18 13:44:48.154161-05:00,2026-02-18,160.91920358333334,25087.75,25031.75,1,1,112.0,0.74,111.26
125,2,2150695516|2151329410,F.US.MNQ,MNQH26,short,2026-02-19 10:12:22.198450-05:00,2026-02-19 11:52:31.558851-05:00,2026-02-19,100.15600668333333,24916.5,24851.25,2,1,261.0,1.48,259.52
126,3,2159142420|2159849254|2160299741,F.US.MNQ,MNQH26,short,2026-02-20 10:19:17.789331-05:00,2026-02-20 12:05:48.696787-05:00,2026-02-20,106.51512426666666,25059.583333333332,25019.583333333332,3,1,240.0,2.2199999999999998,237.78
127,1,2167175854,F.US.MNQ,MNQH26,short,2026-02-23 09:58:40.905914-05:00,2026-02-23 10:04:56.742427-05:00,2026-02-23,6.263941883333334,24907.75,24867.0,1,1,81.5,0.74,80.76
128,1,2171574329,F.US.MNQ,MNQH26,short,2026-02-23 18:44:46.978032-05:00,2026-02-23 18:49:47.688171-05:00,2026-02-23,5.01183565,24810.5,24803.25,1,1,14.5,0.74,13.76
129,1,2176395035,F.US.MNQ,MNQH26,long,2026-02-24 10:02:56.184700-05:00,2026-02-24 10:12:40.778365-05:00,2026-02-24,9.743227749999999,24867.0,24899.5,1,1,65.0,0.74,64.26
130,3,2178124771|2178124772|2178312385,F.US.MNQ,MNQH26,short,2026-02-24 11:43:01.473556-05:00,2026-02-24 12:45:23.247377-05:00,2026-02-24,62.36289701666667,25054.083333333332,25053.75,6,5,4.0,4.4399999999999995,-0.4400000000000013
131,4,2184374928|2184374929|2187164196|2187164197,F.US.MNQ,MNQH26,short,2026-02-25 09:35:29.103516-05:00,2026-02-25 15:55:32.303620-05:00,2026-02-25,380.05333506666665,25343.027777777777,25341.194444444445,9,5,33.0,6.66,26.339999999999954
132,1,2192579093,F.US.MNQ,MNQH26,long,2026-02-26 10:30:46.593621-05:00,2026-02-26 10:40:51.399837-05:00,2026-02-26,10.0801036,24905.0,24974.5,1,1,139.0,0.74,138.26
133,1,2194224922,F.US.MNQ,MNQH26,long,2026-02-26 13:35:05.995992-05:00,2026-02-26 13:38:05.838640-05:00,2026-02-26,2.997377466666667,24971.0,24992.0,1,1,42.0,0.74,41.26
134,3,2202228561|2202228562|2202384122,F.US.MNQ,MNQH26,long,2026-02-27 12:57:13.346741-05:00,2026-02-27 15:27:20.053706-05:00,2026-02-27,150.11178275,24904.35,24921.75,5,4,174.0,3.7,170.3
135,3,2209988159|2210936030|2210936031,F.US.MNQ,MNQH26,short,2026-03-02 10:27:43.996779-05:00,2026-03-02 13:51:14.577184-05:00,2026-03-02,203.5096734166667,25005.2,25000.25,5,4,49.5,3.7,45.8
136,5,2217814760|2218557563|2219380812|2219380813|2219531755,F.US.MNQ,MNQH26,short,2026-03-03 10:00:36.743049-05:00,2026-03-03 12:05:07.453839-05:00,2026-03-03,124.5118465,24632.928571428572,24628.89285714286,7,4,56.5,5.18,51.31999999999999
137,4,2227219077|2227219078|2229239216|2229239218,F.US.MNQ,MNQH26,short,2026-03-04 09:31:01.366804-05:00,2026-03-04 15:07:33.096459-05:00,2026-03-04,336.52882758333334,25125.05,25109.5,10,6,311.0,7.4,303.5999999999999
138,3,2235130787|2235404504|2235678073,F.US.MNQ,MNQH26,short,2026-03-05 10:19:26.530576-05:00,2026-03-05 11:13:16.506398-05:00,2026-03-05,53.832930366666666,25067.75,25026.0,3,1,250.5,2.2199999999999998,248.27999999999997
139,1,2243830962,F.US.MNQ,MNQH26,short,2026-03-06 11:17:57.247233-05:00,2026-03-06 11:24:11.697987-05:00,2026-03-06,6.2408459,24819.25,24799.5,1,1,39.5,0.74,38.76
140,11,2252049036|2252049037|2252049038|2252049039|2252049040|2252049042|2252049043|2252049044|2252049045|2252049046|2253003705,F.US.MNQ,MNQH26,short,2026-03-09 10:01:05.731506-04:00,2026-03-09 13:39:31.620449-04:00,2026-03-09,218.43148238333333,24632.47193877551,24630.494897959183,98,97,387.5,72.52,314.9800000000001
141,1,2256673126,F.US.MNQ,MNQH26,short,2026-03-09 18:24:23.908309-04:00,2026-03-10 04:58:34.800788-04:00,2026-03-09,634.1815413166667,24891.75,25083.5,1,1,-383.5,0.74,-384.24
142,4,2256673127|2256673128|2256673129|2257010710,F.US.MNQ,MNQH26,short,2026-03-10 03:24:00.249388-04:00,2026-03-10 07:14:45.951731-04:00,2026-03-10,230.76170571666668,25111.7,25076.275,10,9,708.5,7.3999999999999995,701.1
143,1,2259967270,F.US.MNQ,MNQH26,short,2026-03-10 10:55:50.113049-04:00,2026-03-10 11:34:58.767740-04:00,2026-03-10,39.14424485,25133.0,25112.5,1,1,41.0,0.74,40.26
144,2,2261262083|2261295317,F.US.MNQ,MNQH26,short,2026-03-10 13:36:49.332421-04:00,2026-03-10 14:14:52.529646-04:00,2026-03-10,38.05328708333333,25114.625,25101.625,2,1,52.0,1.48,50.52
145,1,2264218988,F.US.MNQ,MNQH26,short,2026-03-11 04:27:47.743037-04:00,2026-03-11 04:45:28.393648-04:00,2026-03-11,17.677510183333332,25006.75,24993.75,1,1,26.0,0.74,25.26
146,5,2266932243|2267955603|2268715203|2268740975|2268880637,F.US.MNQ,MNQH26,short,2026-03-11 10:24:38.002834-04:00,2026-03-11 13:47:35.663008-04:00,2026-03-11,202.9610029,24971.6,24969.45,5,1,21.5,3.7,17.80000000000001
147,1,2269917705,F.US.MNQ,MNQH26,short,2026-03-11 18:31:03.086904-04:00,2026-03-11 18:39:25.033288-04:00,2026-03-11,8.365773066666668,24864.5,24825.5,1,1,78.0,0.74,77.26
148,2,2273735465|2274528342,F.US.MNQ,MNQH26,short,2026-03-12 09:51:49.843583-04:00,2026-03-12 10:30:06.985459-04:00,2026-03-12,38.28569793333334,24732.625,24670.625,2,1,248.0,1.48,246.51999999999998
149,1,2281418600,F.US.MNQ,MNQH26,short,2026-03-13 09:45:09.274633-04:00,2026-03-13 09:58:02.371923-04:00,2026-03-13,12.884954833333333,24766.0,24740.0,1,1,52.0,0.74,51.26
150,2,2290034169|2291270799,F.US.MNQ,MNQH26,short,2026-03-16 10:48:26.219151-04:00,2026-03-16 12:42:40.115811-04:00,2026-03-16,114.231611,24657.875,24652.75,2,1,20.5,1.48,19.02
151,8,2299854163|2299854164|2299854165|2299854166|2299854167|2299854168|2299854169|2299854170,F.US.MNQ,MNQM26,short,2026-03-17 08:36:46.683215-04:00,2026-03-17 16:01:45.408174-04:00,2026-03-17,444.97874931666666,25018.2125,25017.25,60,60,115.5,44.4,71.1
152,1,2302122003,F.US.MNQ,MNQM26,short,2026-03-18 04:02:20.530272-04:00,2026-03-18 07:00:51.682152-04:00,2026-03-18,178.519198,25165.75,25152.25,1,1,27.0,0.74,26.26
153,2,2303755920|2305670498,F.US.MNQ,MNQM26,short,2026-03-18 09:46:17.470060-04:00,2026-03-18 12:41:16.217407-04:00,2026-03-18,174.97912245,24920.125,24901.375,2,1,75.0,1.48,73.52000000000001
154,1,2312990223,F.US.MNQ,MNQM26,short,2026-03-19 10:10:11.960194-04:00,2026-03-19 11:06:32.959332-04:00,2026-03-19,56.34998563333333,24478.5,24559.0,1,1,-161.0,0.74,-161.74
155,2,2313048593|2313048594,F.US.MNQ,MNQM26,long,2026-03-19 11:06:32.959339-04:00,2026-03-19 11:10:02.758130-04:00,2026-03-19,3.4966465166666665,24529.714285714286,24533.75,7,7,56.5,5.18,51.32000000000001
156,4,2313223865|2313320888|2314036142|2314325076,F.US.MNQ,MNQM26,short,2026-03-19 11:10:56.061765-04:00,2026-03-19 13:33:31.683148-04:00,2026-03-19,142.59368971666666,24467.75,24443.3125,4,1,195.5,2.96,192.54
157,1,2321327431,F.US.MNQ,MNQM26,long,2026-03-20 10:05:07.715155-04:00,2026-03-20 12:06:21.135641-04:00,2026-03-20,121.22367476666666,24309.0,24335.5,1,1,53.0,0.74,52.26
158,1,2321545851,F.US.MNQ,MNQM26,short,2026-03-20 12:30:15.137757-04:00,2026-03-20 12:31:31.873542-04:00,2026-03-20,1.27892975,24295.5,24270.5,1,1,50.0,0.74,49.26
159,1,2322079593,F.US.MNQ,MNQM26,long,2026-03-20 13:38:35.797004-04:00,2026-03-20 13:42:21.842675-04:00,2026-03-20,3.76742785,24178.5,24185.75,1,1,14.5,0.74,13.76
160,1,2323867048,F.US.MNQ,MNQM26,short,2026-03-22 18:34:50.185300-04:00,2026-03-22 19:45:42.244614-04:00,2026-03-22,70.86765523333334,24049.5,24012.75,1,1,73.5,0.74,72.76
161,1,2326752236,F.US.MNQ,MNQM26,short,2026-03-23 07:10:44.207389-04:00,2026-03-23 07:20:55.564326-04:00,2026-03-23,10.189282283333334,24586.0,24564.75,1,1,42.5,0.74,41.76
162,3,2328680090|2329442381|2329891786,F.US.MNQ,MNQM26,short,2026-03-23 10:36:26.322896-04:00,2026-03-23 12:25:24.223052-04:00,2026-03-23,108.96500259999999,24520.333333333332,24503.833333333332,3,1,99.0,2.2199999999999998,96.78
163,1,2331018988,F.US.MNQ,MNQM26,short,2026-03-23 15:32:25.236738-04:00,2026-03-23 15:36:49.542829-04:00,2026-03-23,4.405101516666666,24475.25,24471.0,1,1,8.5,0.74,7.76
164,5,2337614997|2337614998|2338362991|2338550932|2338663625,F.US.MNQ,MNQM26,short,2026-03-24 09:57:41.767244-04:00,2026-03-24 13:32:59.326345-04:00,2026-03-24,215.29265168333333,24284.65625,24271.71875,8,5,207.0,5.92,201.08
165,8,2344185527|2344551317|2345478609|2345844210|2345865121|2345915680|2346517058|2346829741,F.US.MNQ,MNQM26,short,2026-03-25 09:50:12.733886-04:00,2026-03-25 13:51:15.404557-04:00,2026-03-25,241.04451118333333,24396.0,24382.59375,8,1,214.5,5.92,208.58
166,1,2350151222,F.US.MNQ,MNQM26,short,2026-03-26 04:29:45.642976-04:00,2026-03-26 04:38:02.259718-04:00,2026-03-26,8.2769457,24193.5,24189.5,1,1,8.0,0.74,7.26
167,4,2352798179|2352965950|2353291149|2353853580,F.US.MNQ,MNQM26,short,2026-03-26 10:43:14.121860-04:00,2026-03-26 12:17:09.162305-04:00,2026-03-26,93.91734075,24100.4375,24084.9375,4,1,124.0,2.96,121.04
168,2,2354854108|2354949152,F.US.MNQ,MNQM26,short,2026-03-26 14:16:03.132140-04:00,2026-03-26 14:30:51.280800-04:00,2026-03-26,14.802477666666666,23859.5,23864.125,2,1,-18.5,1.48,-19.979999999999997
169,1,2355083222,F.US.MNQ,MNQM26,long,2026-03-26 14:39:25.278026-04:00,2026-03-26 14:53:00.225408-04:00,2026-03-26,13.582456366666666,23873.5,23883.5,1,1,20.0,0.74,19.26
170,1,2357787770,F.US.MNQ,MNQM26,short,2026-03-27 04:13:09.685936-04:00,2026-03-27 04:18:06.687446-04:00,2026-03-27,4.950025166666666,23840.5,23815.0,1,1,51.0,0.74,50.26
171,2,2360044851|2361177841,F.US.MNQ,MNQM26,long,2026-03-27 10:00:10.695454-04:00,2026-03-27 11:31:00.763969-04:00,2026-03-27,90.83447525,23518.125,23552.25,2,1,136.5,1.48,135.02
172,1,2362704667,F.US.MNQ,MNQM26,long,2026-03-27 15:21:34.532885-04:00,2026-03-27 15:23:51.433036-04:00,2026-03-27,2.2816691833333334,23338.25,23345.25,1,1,14.0,0.74,13.26
173,1,2364865824,F.US.MNQ,MNQM26,long,2026-03-29 18:07:04.772800-04:00,2026-03-29 23:08:40.095680-04:00,2026-03-29,301.58871466666665,23160.75,23285.75,1,1,250.0,0.74,249.26
174,1,2365993203,F.US.MNQ,MNQM26,short,2026-03-30 03:30:07.898734-04:00,2026-03-30 06:43:42.908396-04:00,2026-03-30,193.58349436666668,23384.25,23382.75,1,1,3.0,0.74,2.26
175,1,2369334997,F.US.MNQ,MNQM26,short,2026-03-30 12:24:37.707412-04:00,2026-03-30 12:27:14.015200-04:00,2026-03-30,2.6051298,23295.5,23287.75,1,1,15.5,0.74,14.76
176,3,2374003490|2374003491|2374091693,F.US.MNQ,MNQM26,short,2026-03-31 06:44:04.638398-04:00,2026-03-31 08:12:50.037215-04:00,2026-03-31,88.75664695,23347.833333333332,23346.083333333332,6,5,21.0,4.4399999999999995,16.55999999999998
177,7,2375983595|2376444758|2376930391|2377010538|2377315072|2377315074|2377334032,F.US.MNQ,MNQM26,short,2026-03-31 10:35:09.691052-04:00,2026-03-31 12:39:29.738122-04:00,2026-03-31,124.33411783333332,23543.25,23565.06818181818,11,4,-480.0,8.14,-488.14
178,1,2377349008,F.US.MNQ,MNQM26,long,2026-03-31 12:39:29.738130-04:00,2026-03-31 12:40:00.837701-04:00,2026-03-31,0.5183261833333334,23625.0,23668.25,2,2,173.0,1.48,171.52
179,7,2377479049|2377537854|2377673635|2377873535|2377894838|2377975577|2378062284,F.US.MNQ,MNQM26,short,2026-03-31 12:44:21.187059-04:00,2026-03-31 14:13:45.840906-04:00,2026-03-31,89.41089745,23789.071428571428,23766.785714285714,7,1,312.0,5.18,306.82000000000005
180,2,2381933661|2381978331,F.US.MNQ,MNQM26,short,2026-04-01 08:07:58.045041-04:00,2026-04-01 08:21:24.829221-04:00,2026-04-01,13.446403,24171.583333333332,24161.833333333332,15,10,292.5,11.100000000000001,281.4
181,3,2384975959|2384983138|2385594007,F.US.MNQ,MNQM26,short,2026-04-01 10:55:21.932472-04:00,2026-04-01 12:32:11.247890-04:00,2026-04-01,96.82192363333334,24262.166666666668,24256.416666666668,3,2,34.5,2.2199999999999998,32.28
182,2,2393247887|2395100829,F.US.MNQ,MNQM26,short,2026-04-02 10:32:47.417127-04:00,2026-04-02 13:52:14.996677-04:00,2026-04-02,199.45965916666668,24059.0,24051.625,2,1,29.5,1.48,28.02000000000001
183,2,2400955282|2401019705,F.US.MNQ,MNQM26,short,2026-04-06 04:39:21.662613-04:00,2026-04-06 07:00:05.363692-04:00,2026-04-06,140.72835131666668,24349.625,24324.25,2,1,101.5,1.48,100.02000000000001
184,1,2402548907,F.US.MNQ,MNQM26,short,2026-04-06 10:01:03.670989-04:00,2026-04-06 10:04:57.842329-04:00,2026-04-06,3.9028556666666665,24392.0,24291.5,1,1,201.0,0.74,200.26
185,1,2409068497,F.US.MNQ,MNQM26,short,2026-04-07 06:28:12.707337-04:00,2026-04-07 07:30:45.407458-04:00,2026-04-07,62.545002016666665,24337.25,24225.75,1,1,223.0,0.74,222.26
186,6,2412436413|2412859815|2412859816|2412961187|2412992341|2413063939,F.US.MNQ,MNQM26,short,2026-04-07 11:51:23.887394-04:00,2026-04-07 13:32:44.579797-04:00,2026-04-07,101.34487338333334,24178.59375,24191.53125,8,4,-207.0,5.92,-212.92
187,19,2414976666|2414976667|2414976668|2414978292|2414978293|2414978294|2414978295|2414993991|2415002356|2415018245|2415048900|2416160078|2416160079|2416160080|2416160081|2416160082|2416160083|2416160084|2416160085,F.US.MNQ,MNQM26,short,2026-04-07 18:40:26.151957-04:00,2026-04-07 23:24:16.818486-04:00,2026-04-07,283.84444214999996,25075.587837837837,25075.20945945946,74,44,56.0,54.760000000000005,1.2399999999999611
188,2,2417932830|2419673012,F.US.MNQ,MNQM26,short,2026-04-08 04:39:09.122328-04:00,2026-04-08 10:52:42.706296-04:00,2026-04-08,373.5597328,25115.875,25106.125,2,1,39.0,1.48,37.52000000000001
189,2,2426923822|2427839492,F.US.MNQ,MNQM26,long,2026-04-09 09:54:04.611262-04:00,2026-04-09 11:21:42.939235-04:00,2026-04-09,87.63879955,25036.75,25024.0,2,1,-51.0,1.48,-52.480000000000004
190,3,2428622246|2428650758|2428667902,F.US.MNQ,MNQM26,short,2026-04-09 12:17:24.183587-04:00,2026-04-09 12:33:04.301573-04:00,2026-04-09,15.6686331,25217.833333333332,25207.583333333332,3,1,61.5,2.2199999999999998,59.28
191,1,2433980608,F.US.MNQ,MNQM26,short,2026-04-10 09:47:22.479268-04:00,2026-04-10 10:10:02.272562-04:00,2026-04-10,22.663221566666667,25333.5,25286.25,1,1,94.5,0.74,93.76
192,1,2441827657,F.US.MNQ,MNQM26,short,2026-04-13 10:02:35.902811-04:00,2026-04-13 10:22:00.663667-04:00,2026-04-13,19.412680933333334,25296.5,25294.25,1,1,4.5,0.74,3.76
193,10,2448721174|2448721177|2449821999|2451652008|2451652009|2451863117|2451863118|2451863119|2451863120|2451863121,F.US.MNQ,MNQM26,short,2026-04-14 10:00:34.273271-04:00,2026-04-14 16:09:52.738386-04:00,2026-04-14,369.30775191666663,25962.896739130436,25961.896739130436,46,24,92.0,34.04,57.95999999999995
194,1,2463171011,F.US.MNQ,MNQM26,short,2026-04-16 09:41:38.318596-04:00,2026-04-16 10:26:59.077911-04:00,2026-04-16,45.34598858333333,26381.0,26337.75,1,1,86.5,0.74,85.76
195,3,2476537412|2476537414|2477748529,F.US.MNQ,MNQM26,short,2026-04-20 09:50:17.227233-04:00,2026-04-20 10:51:13.507284-04:00,2026-04-20,60.93800085,26752.75,26732.5,3,2,121.5,2.2199999999999998,119.28
196,4,2479074011|2479715882|2479715884|2479735691,F.US.MNQ,MNQM26,short,2026-04-20 13:01:44.577118-04:00,2026-04-20 15:03:42.451773-04:00,2026-04-20,121.96457758333332,26722.333333333332,26719.0,6,4,40.0,4.44,35.56
197,1,2484827061,F.US.MNQ,MNQM26,short,2026-04-21 10:25:10.142551-04:00,2026-04-21 10:58:44.328280-04:00,2026-04-21,33.56976215,26830.0,26755.5,1,1,149.0,0.74,148.26
198,1,2485551196,F.US.MNQ,MNQM26,long,2026-04-21 11:43:33.221070-04:00,2026-04-21 11:44:51.213441-04:00,2026-04-21,1.29987285,26732.5,26735.25,1,1,5.5,0.74,4.76
199,7,2491623013|2491955402|2493433947|2493437132|2493663095|2493676693|2493697935,F.US.MNQ,MNQM26,short,2026-04-22 10:33:04.463592-04:00,2026-04-22 15:04:23.592520-04:00,2026-04-22,271.31881546666665,26992.071428571428,26988.964285714286,7,2,43.5,5.18,38.32000000000001
200,14,2498798831|2499017634|2499161054|2499190739|2499241323|2499982493|2500033853|2500164692|2500541106|2500605187|2500631842|2500652904|2500714038|2500747736,F.US.MNQ,MNQM26,short,2026-04-23 11:08:04.849126-04:00,2026-04-23 14:50:32.235410-04:00,2026-04-23,222.45643806666666,26986.053571428572,26980.0,14,1,169.5,10.36,159.14000000000001
