date,clean,quality,or_class,eligible,reason,or_high,or_low,or_size,breakout_ts,signal_ts,entry_ts,raw_entry,entry_price,stop_price,target_price,exit_ts,raw_exit,exit_price,exit_reason,net_pnl,vwap_at_signal,close_minus_vwap
2023-05-25,False,late_start,unknown,False,late_start,,,,,,,,,,,,,,,,,
2023-05-26,False,late_start,unknown,False,late_start,,,,,,,,,,,,,,,,,
2023-05-31,False,zero_volume_or,unknown,False,zero_volume_or,,,,,,,,,,,,,,,,,
2023-06-01,False,late_start,unknown,False,late_start,,,,,,,,,,,,,,,,,
2023-06-06,False,zero_volume_or,unknown,False,zero_volume_or,,,,,,,,,,,,,,,,,
2023-06-12,False,late_start,unknown,False,late_start,,,,,,,,,,,,,,,,,
2023-06-14,False,late_start,unknown,False,late_start,,,,,,,,,,,,,,,,,
2023-06-15,False,late_start,unknown,False,late_start,,,,,,,,,,,,,,,,,
2023-06-16,False,zero_volume_or,unknown,False,zero_volume_or,,,,,,,,,,,,,,,,,
2023-06-26,False,late_start,unknown,False,late_start,,,,,,,,,,,,,,,,,
2023-06-27,False,late_start,unknown,False,late_start,,,,,,,,,,,,,,,,,
2023-06-30,False,late_start,unknown,False,late_start,,,,,,,,,,,,,,,,,
2023-07-03,False,zero_volume_or,unknown,False,zero_volume_or,,,,,,,,,,,,,,,,,
2023-07-05,False,late_start,unknown,False,late_start,,,,,,,,,,,,,,,,,
2023-07-13,False,zero_volume_or,unknown,False,zero_volume_or,,,,,,,,,,,,,,,,,
2023-07-18,False,late_start,unknown,False,late_start,,,,,,,,,,,,,,,,,
2023-07-19,False,zero_volume_or,unknown,False,zero_volume_or,,,,,,,,,,,,,,,,,
2023-07-20,False,zero_volume_or,unknown,False,zero_volume_or,,,,,,,,,,,,,,,,,
2023-08-08,False,late_start,unknown,False,late_start,,,,,,,,,,,,,,,,,
2023-08-09,False,late_start,unknown,False,late_start,,,,,,,,,,,,,,,,,
2023-08-15,False,late_start,unknown,False,late_start,,,,,,,,,,,,,,,,,
2023-08-16,False,zero_volume_or,unknown,False,zero_volume_or,,,,,,,,,,,,,,,,,
2023-08-17,False,late_start,unknown,False,late_start,,,,,,,,,,,,,,,,,
2023-08-24,False,late_start,unknown,False,late_start,,,,,,,,,,,,,,,,,
2023-08-29,False,late_start,unknown,False,late_start,,,,,,,,,,,,,,,,,
2023-08-31,False,late_start,unknown,False,late_start,,,,,,,,,,,,,,,,,
2023-09-01,False,zero_volume_or,unknown,False,zero_volume_or,,,,,,,,,,,,,,,,,
2023-09-06,False,late_start,unknown,False,late_start,,,,,,,,,,,,,,,,,
2023-09-08,False,late_start,unknown,False,late_start,,,,,,,,,,,,,,,,,
2023-09-12,False,late_start,unknown,False,late_start,,,,,,,,,,,,,,,,,
2023-09-13,False,zero_volume_or,unknown,False,zero_volume_or,,,,,,,,,,,,,,,,,
2023-09-14,False,late_start,unknown,False,late_start,,,,,,,,,,,,,,,,,
2023-09-15,False,late_start,unknown,False,late_start,,,,,,,,,,,,,,,,,
2023-09-18,False,zero_volume_or,unknown,False,zero_volume_or,,,,,,,,,,,,,,,,,
2023-09-19,False,zero_volume_or,unknown,False,zero_volume_or,,,,,,,,,,,,,,,,,
2023-09-20,False,zero_volume_or,unknown,False,zero_volume_or,,,,,,,,,,,,,,,,,
2023-09-21,False,zero_volume_or,unknown,False,zero_volume_or,,,,,,,,,,,,,,,,,
2023-09-22,False,zero_volume_or,unknown,False,zero_volume_or,,,,,,,,,,,,,,,,,
2023-09-25,False,zero_volume_or,unknown,False,zero_volume_or,,,,,,,,,,,,,,,,,
2023-09-26,False,zero_volume_or,unknown,False,zero_volume_or,,,,,,,,,,,,,,,,,
2023-09-27,False,zero_volume_or,unknown,False,zero_volume_or,,,,,,,,,,,,,,,,,
2023-09-28,False,late_start,unknown,False,late_start,,,,,,,,,,,,,,,,,
2023-09-29,False,zero_volume_or,unknown,False,zero_volume_or,,,,,,,,,,,,,,,,,
2023-10-03,False,late_start,unknown,False,late_start,,,,,,,,,,,,,,,,,
2023-10-04,False,late_start,unknown,False,late_start,,,,,,,,,,,,,,,,,
2023-10-05,False,late_start,unknown,False,late_start,,,,,,,,,,,,,,,,,
2023-10-06,False,zero_volume_or,unknown,False,zero_volume_or,,,,,,,,,,,,,,,,,
2023-10-09,False,late_start,unknown,False,late_start,,,,,,,,,,,,,,,,,
2023-10-10,False,zero_volume_or,unknown,False,zero_volume_or,,,,,,,,,,,,,,,,,
2023-10-11,False,zero_volume_or,unknown,False,zero_volume_or,,,,,,,,,,,,,,,,,
2023-10-12,False,zero_volume_or,unknown,False,zero_volume_or,,,,,,,,,,,,,,,,,
2023-10-13,False,late_start,unknown,False,late_start,,,,,,,,,,,,,,,,,
2023-10-16,False,zero_volume_or,unknown,False,zero_volume_or,,,,,,,,,,,,,,,,,
2023-10-17,False,zero_volume_or,unknown,False,zero_volume_or,,,,,,,,,,,,,,,,,
2023-10-18,False,zero_volume_or,unknown,False,zero_volume_or,,,,,,,,,,,,,,,,,
2023-10-19,False,zero_volume_or,unknown,False,zero_volume_or,,,,,,,,,,,,,,,,,
2023-10-20,False,zero_volume_or,unknown,False,zero_volume_or,,,,,,,,,,,,,,,,,
2023-10-23,False,zero_volume_or,unknown,False,zero_volume_or,,,,,,,,,,,,,,,,,
2023-10-24,False,zero_volume_or,unknown,False,zero_volume_or,,,,,,,,,,,,,,,,,
2023-10-25,False,zero_volume_or,unknown,False,zero_volume_or,,,,,,,,,,,,,,,,,
2023-10-26,False,zero_volume_or,unknown,False,zero_volume_or,,,,,,,,,,,,,,,,,
2023-10-27,False,zero_volume_or,unknown,False,zero_volume_or,,,,,,,,,,,,,,,,,
2023-10-30,False,late_start,unknown,False,late_start,,,,,,,,,,,,,,,,,
2023-10-31,False,zero_volume_or,unknown,False,zero_volume_or,,,,,,,,,,,,,,,,,
2023-11-01,False,zero_volume_or,unknown,False,zero_volume_or,,,,,,,,,,,,,,,,,
2023-11-02,False,zero_volume_or,unknown,False,zero_volume_or,,,,,,,,,,,,,,,,,
2023-11-03,False,zero_volume_or,unknown,False,zero_volume_or,,,,,,,,,,,,,,,,,
2023-11-06,False,zero_volume_or,unknown,False,zero_volume_or,,,,,,,,,,,,,,,,,
2023-11-07,False,zero_volume_or,unknown,False,zero_volume_or,,,,,,,,,,,,,,,,,
2023-11-08,False,zero_volume_or,unknown,False,zero_volume_or,,,,,,,,,,,,,,,,,
2023-11-09,False,zero_volume_or,unknown,False,zero_volume_or,,,,,,,,,,,,,,,,,
2023-11-10,False,zero_volume_or,unknown,False,zero_volume_or,,,,,,,,,,,,,,,,,
2023-11-13,False,zero_volume_or,unknown,False,zero_volume_or,,,,,,,,,,,,,,,,,
2023-11-14,False,zero_volume_or,unknown,False,zero_volume_or,,,,,,,,,,,,,,,,,
2023-11-15,False,zero_volume_or,unknown,False,zero_volume_or,,,,,,,,,,,,,,,,,
2023-11-16,False,zero_volume_or,unknown,False,zero_volume_or,,,,,,,,,,,,,,,,,
2023-11-17,False,zero_volume_or,unknown,False,zero_volume_or,,,,,,,,,,,,,,,,,
2023-11-20,False,zero_volume_or,unknown,False,zero_volume_or,,,,,,,,,,,,,,,,,
2023-11-21,False,zero_volume_or,unknown,False,zero_volume_or,,,,,,,,,,,,,,,,,
2023-11-22,False,zero_volume_or,unknown,False,zero_volume_or,,,,,,,,,,,,,,,,,
2023-11-24,False,zero_volume_or,unknown,False,zero_volume_or,,,,,,,,,,,,,,,,,
2023-11-27,False,zero_volume_or,unknown,False,zero_volume_or,,,,,,,,,,,,,,,,,
2023-11-28,False,zero_volume_or,unknown,False,zero_volume_or,,,,,,,,,,,,,,,,,
2023-11-29,False,zero_volume_or,unknown,False,zero_volume_or,,,,,,,,,,,,,,,,,
2023-11-30,False,zero_volume_or,unknown,False,zero_volume_or,,,,,,,,,,,,,,,,,
2023-12-01,False,zero_volume_or,unknown,False,zero_volume_or,,,,,,,,,,,,,,,,,
2023-12-04,False,zero_volume_or,unknown,False,zero_volume_or,,,,,,,,,,,,,,,,,
2023-12-05,False,zero_volume_or,unknown,False,zero_volume_or,,,,,,,,,,,,,,,,,
2023-12-06,False,zero_volume_or,unknown,False,zero_volume_or,,,,,,,,,,,,,,,,,
2023-12-07,False,zero_volume_or,unknown,False,zero_volume_or,,,,,,,,,,,,,,,,,
2023-12-08,False,zero_volume_or,unknown,False,zero_volume_or,,,,,,,,,,,,,,,,,
2023-12-11,False,zero_volume_or,unknown,False,zero_volume_or,,,,,,,,,,,,,,,,,
2023-12-12,False,zero_volume_or,unknown,False,zero_volume_or,,,,,,,,,,,,,,,,,
2023-12-13,False,zero_volume_or,unknown,False,zero_volume_or,,,,,,,,,,,,,,,,,
2023-12-14,False,zero_volume_or,unknown,False,zero_volume_or,,,,,,,,,,,,,,,,,
2023-12-15,False,zero_volume_or,unknown,False,zero_volume_or,,,,,,,,,,,,,,,,,
2023-12-18,False,zero_volume_or,unknown,False,zero_volume_or,,,,,,,,,,,,,,,,,
2023-12-19,True,clean,normal,True,,17206.5,17156.5,50.0,2023-12-19 10:33:00-05:00,2023-12-19 10:38:00-05:00,2023-12-19 10:39:00-05:00,17201.0,17203.5,17163.5,17253.5,2023-12-19 15:55:00-05:00,17228.0,17225.5,time_exit,42.66,17190.108996539795,19.141003460204956
2023-12-20,False,zero_volume_or,unknown,False,zero_volume_or,,,,,,,,,,,,,,,,,
2023-12-21,False,zero_volume_or,unknown,False,zero_volume_or,,,,,,,,,,,,,,,,,
2023-12-22,False,zero_volume_or,unknown,False,zero_volume_or,,,,,,,,,,,,,,,,,
2023-12-26,False,zero_volume_or,unknown,False,zero_volume_or,,,,,,,,,,,,,,,,,
2023-12-27,False,zero_volume_or,unknown,False,zero_volume_or,,,,,,,,,,,,,,,,,
2023-12-28,False,zero_volume_or,unknown,False,zero_volume_or,,,,,,,,,,,,,,,,,
2023-12-29,False,zero_volume_or,unknown,False,zero_volume_or,,,,,,,,,,,,,,,,,
2024-01-02,True,clean,normal,False,no_upside_breakout,17076.75,16974.0,102.75,,,,,,,,,,,,,,
2024-01-03,True,clean,normal,True,,16847.5,16791.5,56.0,2024-01-03 09:48:00-05:00,2024-01-03 10:05:00-05:00,2024-01-03 10:06:00-05:00,16852.75,16855.25,16815.25,16905.25,2024-01-03 10:09:00-05:00,16815.25,16812.75,stop,-86.34,16824.080540037245,26.669459962755354
2024-01-04,True,clean,normal,False,no_retest_signal,16701.0,16649.75,51.25,,,,,,,,,,,,,,
2024-01-05,False,zero_volume_or,unknown,False,zero_volume_or,,,,,,,,,,,,,,,,,
2024-01-08,True,clean,normal,False,no_retest_signal,16782.0,16713.75,68.25,,,,,,,,,,,,,,
2024-01-09,False,zero_volume_or,unknown,False,zero_volume_or,,,,,,,,,,,,,,,,,
2024-01-10,False,zero_volume_or,unknown,False,zero_volume_or,,,,,,,,,,,,,,,,,
2024-01-11,True,clean,normal,False,no_upside_breakout,17254.0,17188.25,65.75,,,,,,,,,,,,,,
2024-01-12,True,clean,normal,False,no_retest_signal,17245.75,17187.75,58.0,,,,,,,,,,,,,,
2024-01-16,False,zero_volume_or,unknown,False,zero_volume_or,,,,,,,,,,,,,,,,,
2024-01-17,True,clean,wide,False,or_class_wide,17052.0,16943.0,109.0,,,,,,,,,,,,,,
2024-01-18,True,clean,tight,False,or_class_tight,17268.75,17214.75,54.0,,,,,,,,,,,,,,
2024-01-19,True,clean,tight,False,or_class_tight,17421.75,17381.5,40.25,,,,,,,,,,,,,,
2024-01-22,True,clean,wide,False,or_class_wide,17804.75,17715.0,89.75,,,,,,,,,,,,,,
2024-01-23,False,zero_volume_or,unknown,False,zero_volume_or,,,,,,,,,,,,,,,,,
2024-01-24,False,zero_volume_or,unknown,False,zero_volume_or,,,,,,,,,,,,,,,,,
2024-01-25,False,zero_volume_or,unknown,False,zero_volume_or,,,,,,,,,,,,,,,,,
2024-01-26,False,zero_volume_or,unknown,False,zero_volume_or,,,,,,,,,,,,,,,,,
2024-01-29,False,zero_volume_or,unknown,False,zero_volume_or,,,,,,,,,,,,,,,,,
2024-01-30,False,zero_volume_or,unknown,False,zero_volume_or,,,,,,,,,,,,,,,,,
2024-01-31,True,clean,normal,False,no_retest_signal,17646.25,17579.5,66.75,,,,,,,,,,,,,,
2024-02-01,False,zero_volume_or,unknown,False,zero_volume_or,,,,,,,,,,,,,,,,,
2024-02-02,True,clean,wide,False,or_class_wide,17802.0,17693.25,108.75,,,,,,,,,,,,,,
2024-02-05,False,zero_volume_or,unknown,False,zero_volume_or,,,,,,,,,,,,,,,,,
2024-02-06,True,clean,normal,False,no_upside_breakout,17995.0,17932.75,62.25,,,,,,,,,,,,,,
2024-02-07,True,clean,tight,False,or_class_tight,17998.0,17950.75,47.25,,,,,,,,,,,,,,
2024-02-08,False,zero_volume_or,unknown,False,zero_volume_or,,,,,,,,,,,,,,,,,
2024-02-09,False,zero_volume_or,unknown,False,zero_volume_or,,,,,,,,,,,,,,,,,
2024-02-12,True,clean,tight,False,or_class_tight,18281.25,18237.75,43.5,,,,,,,,,,,,,,
2024-02-13,True,clean,normal,True,,17898.0,17822.0,76.0,2024-02-13 09:54:00-05:00,2024-02-13 10:01:00-05:00,2024-02-13 10:02:00-05:00,17900.5,17903.0,17863.0,17953.0,2024-02-13 10:26:00-05:00,17953.0,17950.5,target,93.66,17879.980476190478,31.01952380952207
2024-02-14,True,clean,normal,False,no_retest_signal,18053.5,17980.0,73.5,,,,,,,,,,,,,,
2024-02-15,True,clean,normal,False,no_retest_signal,18138.5,18075.0,63.5,,,,,,,,,,,,,,
2024-02-16,True,clean,tight,False,or_class_tight,18158.5,18115.0,43.5,,,,,,,,,,,,,,
2024-02-20,True,clean,wide,False,or_class_wide,17957.5,17795.25,162.25,,,,,,,,,,,,,,
2024-02-21,True,clean,normal,True,,17741.5,17684.25,57.25,2024-02-21 10:04:00-05:00,2024-02-21 10:16:00-05:00,2024-02-21 10:17:00-05:00,17741.0,17743.5,17703.5,17793.5,2024-02-21 10:30:00-05:00,17703.5,17701.0,stop,-86.34,17714.159903381642,30.840096618358075
2024-02-22,True,clean,normal,True,,18155.0,18101.0,54.0,2024-02-22 09:45:00-05:00,2024-02-22 10:00:00-05:00,2024-02-22 10:01:00-05:00,18157.25,18159.75,18119.75,18209.75,2024-02-22 10:35:00-05:00,18209.75,18207.25,target,93.66,18150.690416247056,7.809583752943581
2024-02-23,True,clean,tight,False,or_class_tight,18383.25,18338.5,44.75,,,,,,,,,,,,,,
2024-02-26,True,clean,normal,False,no_retest_signal,18290.0,18234.0,56.0,,,,,,,,,,,,,,
2024-02-27,True,clean,wide,False,or_class_wide,18263.5,18180.0,83.5,,,,,,,,,,,,,,
2024-02-28,True,clean,tight,False,or_class_tight,18184.75,18141.0,43.75,,,,,,,,,,,,,,
2024-02-29,True,clean,tight,False,or_class_tight,18313.0,18270.0,43.0,,,,,,,,,,,,,,
2024-03-01,True,clean,normal,True,,18386.75,18341.5,45.25,2024-03-01 10:00:00-05:00,2024-03-01 10:05:00-05:00,2024-03-01 10:06:00-05:00,18393.25,18395.75,18355.75,18445.75,2024-03-01 10:56:00-05:00,18445.75,18443.25,target,93.66,18372.222401129944,19.027598870055954
2024-03-04,True,clean,normal,False,no_retest_signal,18580.0,18535.0,45.0,,,,,,,,,,,,,,
2024-03-05,True,clean,wide,False,or_class_wide,18381.25,18301.5,79.75,,,,,,,,,,,,,,
2024-03-06,True,clean,normal,False,no_retest_signal,18368.25,18313.0,55.25,,,,,,,,,,,,,,
2024-03-07,True,clean,normal,True,,18470.5,18408.25,62.25,2024-03-07 10:15:00-05:00,2024-03-07 10:20:00-05:00,2024-03-07 10:21:00-05:00,18474.0,18476.5,18436.5,18526.5,2024-03-07 10:48:00-05:00,18526.5,18524.0,target,93.66,18434.17389914282,39.57610085717897
2024-03-08,True,clean,normal,False,no_retest_signal,18605.75,18541.0,64.75,,,,,,,,,,,,,,
2024-03-11,True,clean,wide,False,or_class_wide,18247.5,18154.5,93.0,,,,,,,,,,,,,,
2024-03-12,True,clean,wide,False,or_class_wide,18339.0,18201.25,137.75,,,,,,,,,,,,,,
2024-03-13,True,clean,normal,False,no_upside_breakout,18429.5,18366.5,63.0,,,,,,,,,,,,,,
2024-03-14,True,clean,normal,False,no_upside_breakout,18398.0,18335.75,62.25,,,,,,,,,,,,,,
2024-03-15,True,clean,wide,False,or_class_wide,18174.75,18081.25,93.5,,,,,,,,,,,,,,
2024-03-18,True,clean,normal,True,,18346.75,18277.5,69.25,2024-03-18 09:46:00-04:00,2024-03-18 10:12:00-04:00,2024-03-18 10:13:00-04:00,18354.5,18357.0,18317.0,18407.0,2024-03-18 11:12:00-04:00,18317.0,18314.5,stop,-86.34,18319.94586897816,34.80413102183957
2024-03-19,True,clean,wide,False,or_class_wide,18152.75,18053.25,99.5,,,,,,,,,,,,,,
2024-03-20,True,clean,wide,False,or_class_wide,18334.75,18249.0,85.75,,,,,,,,,,,,,,
2024-03-21,True,clean,tight,False,or_class_tight,18708.5,18655.0,53.5,,,,,,,,,,,,,,
2024-03-22,True,clean,tight,False,or_class_tight,18547.5,18505.25,42.25,,,,,,,,,,,,,,
2024-03-25,True,clean,normal,True,,18480.5,18415.0,65.5,2024-03-25 09:53:00-04:00,2024-03-25 10:08:00-04:00,2024-03-25 10:09:00-04:00,18495.0,18497.5,18457.5,18547.5,2024-03-25 11:41:00-04:00,18547.5,18545.0,target,93.66,18460.389042294602,34.610957705397595
2024-03-26,True,clean,tight,False,or_class_tight,18594.75,18550.0,44.75,,,,,,,,,,,,,,
2024-03-27,True,clean,wide,False,or_class_wide,18572.0,18485.0,87.0,,,,,,,,,,,,,,
2024-03-28,True,clean,tight,False,or_class_tight,18509.5,18457.0,52.5,,,,,,,,,,,,,,
2024-04-01,True,clean,wide,False,or_class_wide,18605.5,18482.25,123.25,,,,,,,,,,,,,,
2024-04-02,True,clean,normal,False,no_retest_signal,18292.25,18223.5,68.75,,,,,,,,,,,,,,
2024-04-03,True,clean,tight,False,or_class_tight,18283.5,18239.0,44.5,,,,,,,,,,,,,,
2024-04-04,True,clean,tight,False,or_class_tight,18568.25,18528.0,40.25,,,,,,,,,,,,,,
2024-04-05,True,clean,normal,True,,18182.25,18102.5,79.75,2024-04-05 09:47:00-04:00,2024-04-05 10:09:00-04:00,2024-04-05 10:10:00-04:00,18210.25,18212.75,18172.75,18262.75,2024-04-05 10:49:00-04:00,18262.75,18260.25,target,93.66,18175.4653035984,34.78469640159892
2024-04-08,True,clean,wide,False,or_class_wide,18337.0,18237.75,99.25,,,,,,,,,,,,,,
2024-04-09,True,clean,normal,False,no_upside_breakout,18405.0,18342.75,62.25,,,,,,,,,,,,,,
2024-04-10,True,clean,normal,True,,18196.25,18119.0,77.25,2024-04-10 09:56:00-04:00,2024-04-10 10:33:00-04:00,2024-04-10 10:34:00-04:00,18208.25,18210.75,18170.75,18260.75,2024-04-10 10:51:00-04:00,18170.75,18168.25,stop,-86.34,18166.16125289384,42.33874710616146
2024-04-11,True,clean,tight,False,or_class_tight,18274.25,18222.5,51.75,,,,,,,,,,,,,,
2024-04-12,True,clean,tight,False,or_class_tight,18327.0,18280.75,46.25,,,,,,,,,,,,,,
2024-04-15,True,clean,normal,False,no_upside_breakout,18339.0,18261.0,78.0,,,,,,,,,,,,,,
2024-04-16,True,clean,normal,True,,17888.0,17835.0,53.0,2024-04-16 09:57:00-04:00,2024-04-16 10:02:00-04:00,2024-04-16 10:03:00-04:00,17898.25,17900.75,17860.75,17950.75,2024-04-16 10:29:00-04:00,17860.75,17858.25,stop,-86.34,17865.90559387981,32.09440612019171
2024-04-17,True,clean,tight,False,or_class_tight,17959.5,17912.75,46.75,,,,,,,,,,,,,,
2024-04-18,True,clean,wide,False,or_class_wide,17678.75,17551.0,127.75,,,,,,,,,,,,,,
2024-04-19,True,clean,normal,False,no_retest_signal,17501.5,17432.75,68.75,,,,,,,,,,,,,,
2024-04-22,True,clean,tight,False,or_class_tight,17307.5,17264.0,43.5,,,,,,,,,,,,,,
2024-04-23,True,clean,normal,False,no_retest_signal,17478.0,17413.5,64.5,,,,,,,,,,,,,,
2024-04-24,True,clean,normal,False,no_retest_signal,17787.0,17713.0,74.0,,,,,,,,,,,,,,
2024-04-25,True,clean,normal,True,,17375.75,17308.0,67.75,2024-04-25 09:46:00-04:00,2024-04-25 10:10:00-04:00,2024-04-25 10:11:00-04:00,17384.5,17387.0,17347.0,17437.0,2024-04-25 10:18:00-04:00,17437.0,17434.5,target,93.66,17348.520717266772,35.97928273322759
2024-04-26,True,clean,wide,False,or_class_wide,17764.5,17668.25,96.25,,,,,,,,,,,,,,
2024-04-29,True,clean,wide,False,or_class_wide,17949.0,17831.75,117.25,,,,,,,,,,,,,,
2024-04-30,True,clean,normal,False,no_upside_breakout,17886.5,17824.0,62.5,,,,,,,,,,,,,,
2024-05-01,True,clean,tight,False,or_class_tight,17517.5,17468.25,49.25,,,,,,,,,,,,,,
2024-05-02,True,clean,wide,False,or_class_wide,17602.5,17515.25,87.25,,,,,,,,,,,,,,
2024-05-03,True,clean,normal,True,,17977.75,17919.25,58.5,2024-05-03 09:45:00-04:00,2024-05-03 10:44:00-04:00,2024-05-03 10:45:00-04:00,17983.0,17985.5,17945.5,18035.5,2024-05-03 10:52:00-04:00,17945.5,17943.0,stop,-86.34,17953.981880508203,28.268119491796824
2024-05-06,True,clean,normal,True,,18101.0,18042.5,58.5,2024-05-06 09:51:00-04:00,2024-05-06 10:05:00-04:00,2024-05-06 10:06:00-04:00,18104.0,18106.5,18066.5,18156.5,2024-05-06 15:46:00-04:00,18156.5,18154.0,target,93.66,18084.5348384377,19.465161562300636
2024-05-07,True,clean,tight,False,or_class_tight,18236.25,18197.25,39.0,,,,,,,,,,,,,,
2024-05-08,True,clean,tight,False,or_class_tight,18126.5,18079.0,47.5,,,,,,,,,,,,,,
2024-05-09,True,clean,wide,False,or_class_wide,18204.0,18122.75,81.25,,,,,,,,,,,,,,
2024-05-10,True,clean,normal,False,no_retest_signal,18331.5,18256.5,75.0,,,,,,,,,,,,,,
2024-05-13,True,clean,normal,False,no_upside_breakout,18336.75,18266.25,70.5,,,,,,,,,,,,,,
2024-05-14,True,clean,tight,False,or_class_tight,18318.0,18265.25,52.75,,,,,,,,,,,,,,
2024-05-15,True,clean,tight,False,or_class_tight,18531.75,18491.25,40.5,,,,,,,,,,,,,,
2024-05-16,True,clean,tight,False,or_class_tight,18700.0,18672.0,28.0,,,,,,,,,,,,,,
2024-05-17,True,clean,tight,False,or_class_tight,18667.5,18638.25,29.25,,,,,,,,,,,,,,
2024-05-20,True,clean,wide,False,or_class_wide,18710.75,18635.25,75.5,,,,,,,,,,,,,,
2024-05-21,True,clean,tight,False,or_class_tight,18714.0,18678.0,36.0,,,,,,,,,,,,,,
2024-05-22,True,clean,tight,False,or_class_tight,18826.5,18789.0,37.5,,,,,,,,,,,,,,
2024-05-23,True,clean,normal,False,no_upside_breakout,18982.5,18911.5,71.0,,,,,,,,,,,,,,
2024-05-24,True,clean,normal,True,,18777.25,18733.25,44.0,2024-05-24 09:45:00-04:00,2024-05-24 10:00:00-04:00,2024-05-24 10:01:00-04:00,18793.0,18795.5,18755.5,18845.5,2024-05-24 10:50:00-04:00,18845.5,18843.0,target,93.66,18757.776200203938,34.72379979606194
2024-05-28,True,clean,normal,False,no_retest_signal,18937.0,18869.5,67.5,,,,,,,,,,,,,,
2024-05-29,True,clean,normal,True,,18817.75,18761.0,56.75,2024-05-29 09:50:00-04:00,2024-05-29 10:10:00-04:00,2024-05-29 10:11:00-04:00,18825.5,18828.0,18788.0,18878.0,2024-05-29 10:36:00-04:00,18878.0,18875.5,target,93.66,18811.535306773872,13.714693226127565
2024-05-30,True,clean,wide,False,or_class_wide,18769.25,18696.5,72.75,,,,,,,,,,,,,,
2024-05-31,True,clean,normal,False,no_upside_breakout,18630.75,18575.0,55.75,,,,,,,,,,,,,,
2024-06-03,True,clean,normal,False,no_upside_breakout,18749.75,18698.25,51.5,,,,,,,,,,,,,,
2024-06-04,True,clean,normal,False,no_retest_signal,18650.75,18581.5,69.25,,,,,,,,,,,,,,
2024-06-05,True,clean,tight,False,or_class_tight,18852.5,18813.5,39.0,,,,,,,,,,,,,,
2024-06-06,True,clean,tight,False,or_class_tight,19115.75,19085.25,30.5,,,,,,,,,,,,,,
2024-06-07,True,clean,normal,True,,19040.75,18992.25,48.5,2024-06-07 09:51:00-04:00,2024-06-07 10:13:00-04:00,2024-06-07 10:14:00-04:00,19041.5,19044.0,19004.0,19094.0,2024-06-07 10:44:00-04:00,19094.0,19091.5,target,93.66,19027.072851912177,14.427148087823298
2024-06-10,True,clean,normal,True,,19023.5,18977.5,46.0,2024-06-10 10:22:00-04:00,2024-06-10 10:25:00-04:00,2024-06-10 10:26:00-04:00,19024.5,19027.0,18987.0,19077.0,2024-06-10 11:08:00-04:00,19077.0,19074.5,target,93.66,19003.646223104362,20.853776895637566
2024-06-11,True,clean,normal,True,,19087.5,19046.0,41.5,2024-06-11 10:31:00-04:00,2024-06-11 10:35:00-04:00,2024-06-11 10:36:00-04:00,19088.75,19091.25,19051.25,19141.25,2024-06-11 13:16:00-04:00,19141.25,19138.75,target,93.66,19051.97536091396,36.774639086041134
2024-06-12,True,clean,wide,False,or_class_wide,19481.75,19374.5,107.25,,,,,,,,,,,,,,
2024-06-13,True,clean,normal,False,no_upside_breakout,19663.75,19618.25,45.5,,,,,,,,,,,,,,
2024-06-14,True,clean,normal,True,,19603.5,19557.0,46.5,2024-06-14 09:45:00-04:00,2024-06-14 10:07:00-04:00,2024-06-14 10:08:00-04:00,19628.5,19631.0,19591.0,19681.0,2024-06-14 10:12:00-04:00,19591.0,19588.5,stop,-86.34,19604.413468872277,24.086531127722992
2024-06-17,True,clean,normal,True,,19709.75,19664.0,45.75,2024-06-17 10:10:00-04:00,2024-06-17 10:16:00-04:00,2024-06-17 10:17:00-04:00,19718.5,19721.0,19681.0,19771.0,2024-06-17 10:26:00-04:00,19681.0,19678.5,stop,-86.34,19681.802547983818,36.94745201618207
2024-06-18,True,clean,tight,False,or_class_tight,19943.75,19905.75,38.0,,,,,,,,,,,,,,
2024-06-20,True,clean,normal,False,no_upside_breakout,19987.25,19925.25,62.0,,,,,,,,,,,,,,
2024-06-21,False,zero_volume_or,unknown,False,zero_volume_or,,,,,,,,,,,,,,,,,
2024-06-24,True,clean,wide,False,or_class_wide,19965.25,19886.75,78.5,,,,,,,,,,,,,,
2024-06-25,True,clean,normal,True,,19841.5,19792.25,49.25,2024-06-25 09:47:00-04:00,2024-06-25 10:00:00-04:00,2024-06-25 10:01:00-04:00,19849.25,19851.75,19811.75,19901.75,2024-06-25 10:33:00-04:00,19901.75,19899.25,target,93.66,19825.61079821036,23.88920178963963
2024-06-26,True,clean,tight,False,or_class_tight,19954.5,19918.5,36.0,,,,,,,,,,,,,,
2024-06-27,True,clean,wide,False,or_class_wide,20101.25,19989.75,111.5,,,,,,,,,,,,,,
2024-06-28,True,clean,normal,False,no_retest_signal,20105.5,20039.0,66.5,,,,,,,,,,,,,,
2024-07-01,True,clean,wide,False,or_class_wide,19985.75,19912.75,73.0,,,,,,,,,,,,,,
2024-07-02,True,clean,wide,False,or_class_wide,20083.0,19976.5,106.5,,,,,,,,,,,,,,
2024-07-03,True,clean,normal,True,,20267.5,20216.0,51.5,2024-07-03 09:49:00-04:00,2024-07-03 10:05:00-04:00,2024-07-03 10:06:00-04:00,20271.75,20274.25,20234.25,20324.25,2024-07-03 11:06:00-04:00,20324.25,20321.75,target,93.66,20257.667089251514,13.582910748486029
2024-07-05,True,clean,normal,True,,20494.75,20440.0,54.75,2024-07-05 09:55:00-04:00,2024-07-05 10:15:00-04:00,2024-07-05 10:16:00-04:00,20495.25,20497.75,20457.75,20547.75,2024-07-05 10:49:00-04:00,20547.75,20545.25,target,93.66,20483.146588734886,12.353411265114119
2024-07-08,True,clean,tight,False,or_class_tight,20645.0,20600.75,44.25,,,,,,,,,,,,,,
2024-07-09,True,clean,tight,False,or_class_tight,20764.5,20719.25,45.25,,,,,,,,,,,,,,
2024-07-10,True,clean,normal,True,,20768.25,20721.5,46.75,2024-07-10 09:49:00-04:00,2024-07-10 10:04:00-04:00,2024-07-10 10:05:00-04:00,20775.75,20778.25,20738.25,20828.25,2024-07-10 10:36:00-04:00,20738.25,20735.75,stop,-86.34,20752.877434314334,22.622565685665904
2024-07-11,True,clean,normal,False,no_upside_breakout,20902.25,20852.25,50.0,,,,,,,,,,,,,,
2024-07-12,True,clean,normal,False,no_retest_signal,20477.75,20425.25,52.5,,,,,,,,,,,,,,
2024-07-15,True,clean,normal,True,,20665.5,20595.5,70.0,2024-07-15 10:09:00-04:00,2024-07-15 10:20:00-04:00,2024-07-15 10:21:00-04:00,20667.0,20669.5,20629.5,20719.5,2024-07-15 10:50:00-04:00,20719.5,20717.0,target,93.66,20631.395663027008,34.854336972992314
2024-07-16,True,clean,normal,False,no_upside_breakout,20684.0,20630.0,54.0,,,,,,,,,,,,,,
2024-07-17,True,clean,wide,False,or_class_wide,20281.5,20210.5,71.0,,,,,,,,,,,,,,
2024-07-18,True,clean,wide,False,or_class_wide,20149.25,20038.5,110.75,,,,,,,,,,,,,,
2024-07-19,True,clean,wide,False,or_class_wide,19976.75,19836.0,140.75,,,,,,,,,,,,,,
2024-07-22,True,clean,wide,False,or_class_wide,19979.25,19882.25,97.0,,,,,,,,,,,,,,
2024-07-23,True,clean,wide,False,or_class_wide,20033.75,19933.25,100.5,,,,,,,,,,,,,,
2024-07-24,True,clean,wide,False,or_class_wide,19655.0,19527.0,128.0,,,,,,,,,,,,,,
2024-07-25,True,clean,wide,False,or_class_wide,19226.5,19107.5,119.0,,,,,,,,,,,,,,
2024-07-26,True,clean,normal,False,no_retest_signal,19166.0,19078.75,87.25,,,,,,,,,,,,,,
2024-07-29,True,clean,wide,False,or_class_wide,19342.75,19222.5,120.25,,,,,,,,,,,,,,
2024-07-30,True,clean,normal,False,no_upside_breakout,19319.25,19255.25,64.0,,,,,,,,,,,,,,
2024-07-31,True,clean,normal,True,,19412.0,19310.5,101.5,2024-07-31 10:01:00-04:00,2024-07-31 10:13:00-04:00,2024-07-31 10:14:00-04:00,19430.0,19432.5,19392.5,19482.5,2024-07-31 10:35:00-04:00,19482.5,19480.0,target,93.66,19375.79089505934,54.20910494065902
2024-08-01,True,clean,wide,False,or_class_wide,19636.5,19505.0,131.5,,,,,,,,,,,,,,
2024-08-02,True,clean,wide,False,or_class_wide,18761.25,18541.75,219.5,,,,,,,,,,,,,,
2024-08-05,True,clean,wide,False,or_class_wide,17871.5,17509.25,362.25,,,,,,,,,,,,,,
2024-08-06,True,clean,wide,False,or_class_wide,18173.75,17970.75,203.0,,,,,,,,,,,,,,
2024-08-07,True,clean,normal,True,,18540.75,18438.75,102.0,2024-08-07 09:50:00-04:00,2024-08-07 10:00:00-04:00,2024-08-07 10:01:00-04:00,18548.25,18550.75,18510.75,18600.75,2024-08-07 10:04:00-04:00,18510.75,18508.25,stop,-86.34,18507.798061617345,40.4519383826555
2024-08-08,True,clean,normal,False,no_retest_signal,18244.0,18130.25,113.75,,,,,,,,,,,,,,
2024-08-09,True,clean,tight,False,or_class_tight,18528.75,18445.5,83.25,,,,,,,,,,,,,,
2024-08-12,True,clean,normal,False,signal_filtered,18672.75,18557.25,115.5,,,,,,,,,,,,,,
2024-08-13,True,clean,tight,False,or_class_tight,18891.25,18815.75,75.5,,,,,,,,,,,,,,
2024-08-14,True,clean,wide,False,or_class_wide,19175.0,19043.5,131.5,,,,,,,,,,,,,,
2024-08-15,True,clean,tight,False,or_class_tight,19395.75,19336.25,59.5,,,,,,,,,,,,,,
2024-08-16,True,clean,tight,False,or_class_tight,19534.75,19462.5,72.25,,,,,,,,,,,,,,
2024-08-19,True,clean,tight,False,or_class_tight,19616.75,19545.0,71.75,,,,,,,,,,,,,,
2024-08-20,True,clean,tight,False,or_class_tight,19878.5,19816.75,61.75,,,,,,,,,,,,,,
2024-08-21,True,clean,tight,False,or_class_tight,19860.5,19813.25,47.25,,,,,,,,,,,,,,
2024-08-22,True,clean,tight,False,or_class_tight,20025.75,19970.0,55.75,,,,,,,,,,,,,,
2024-08-23,True,clean,tight,False,or_class_tight,19764.5,19706.5,58.0,,,,,,,,,,,,,,
2024-08-26,True,clean,tight,False,or_class_tight,19801.5,19742.75,58.75,,,,,,,,,,,,,,
2024-08-27,True,clean,normal,True,,19539.25,19454.5,84.75,2024-08-27 09:53:00-04:00,2024-08-27 10:00:00-04:00,2024-08-27 10:01:00-04:00,19549.75,19552.25,19512.25,19602.25,2024-08-27 10:24:00-04:00,19602.25,19599.75,target,93.66,19503.834299861617,46.16570013838282
2024-08-28,True,clean,normal,False,no_upside_breakout,19656.75,19584.0,72.75,,,,,,,,,,,,,,
2024-08-29,True,clean,wide,False,or_class_wide,19610.0,19478.0,132.0,,,,,,,,,,,,,,
2024-08-30,True,clean,normal,True,,19577.0,19513.0,64.0,2024-08-30 09:45:00-04:00,2024-08-30 10:08:00-04:00,2024-08-30 10:09:00-04:00,19601.0,19603.5,19563.5,19653.5,2024-08-30 10:15:00-04:00,19563.5,19561.0,stop,-86.34,19568.43890789615,33.06109210384966
2024-09-03,True,clean,wide,False,or_class_wide,19483.25,19357.5,125.75,,,,,,,,,,,,,,
2024-09-04,True,clean,normal,True,,18965.75,18860.0,105.75,2024-09-04 09:45:00-04:00,2024-09-04 10:16:00-04:00,2024-09-04 10:17:00-04:00,18974.5,18977.0,18937.0,19027.0,2024-09-04 10:17:00-04:00,18937.0,18934.5,stop,-86.34,18933.5178547745,40.98214522549824
2024-09-05,True,clean,wide,False,or_class_wide,19033.0,18884.75,148.25,,,,,,,,,,,,,,
2024-09-06,True,clean,wide,False,or_class_wide,18967.25,18766.25,201.0,,,,,,,,,,,,,,
2024-09-09,True,clean,normal,True,,18675.0,18605.0,70.0,2024-09-09 09:58:00-04:00,2024-09-09 10:02:00-04:00,2024-09-09 10:03:00-04:00,18683.25,18685.75,18645.75,18735.75,2024-09-09 10:19:00-04:00,18645.75,18643.25,stop,-86.34,18656.16327349157,27.08672650843073
2024-09-10,True,clean,normal,False,no_retest_signal,18821.75,18721.5,100.25,,,,,,,,,,,,,,
2024-09-11,True,clean,normal,False,no_retest_signal,18906.5,18808.75,97.75,,,,,,,,,,,,,,
2024-09-12,True,clean,normal,True,,19289.5,19210.0,79.5,2024-09-12 10:12:00-04:00,2024-09-12 10:13:00-04:00,2024-09-12 10:14:00-04:00,19312.25,19314.75,19274.75,19364.75,2024-09-12 10:34:00-04:00,19364.75,19362.25,target,93.66,19249.75039248317,62.74960751683102
2024-09-13,True,clean,wide,False,or_class_wide,19503.0,19396.0,107.0,,,,,,,,,,,,,,
2024-09-16,True,clean,wide,False,or_class_wide,19441.0,19326.75,114.25,,,,,,,,,,,,,,
2024-09-17,True,clean,normal,True,,19593.75,19522.0,71.75,2024-09-17 10:45:00-04:00,2024-09-17 10:53:00-04:00,2024-09-17 10:54:00-04:00,19595.0,19597.5,19557.5,19647.5,2024-09-17 10:58:00-04:00,19557.5,19555.0,stop,-86.34,19551.292053056044,43.4579469439559
2024-09-18,True,clean,normal,False,no_retest_signal,19498.25,19432.75,65.5,,,,,,,,,,,,,,
2024-09-19,True,clean,normal,True,,19835.0,19766.25,68.75,2024-09-19 10:17:00-04:00,2024-09-19 10:18:00-04:00,2024-09-19 10:19:00-04:00,19845.75,19848.25,19808.25,19898.25,2024-09-19 10:27:00-04:00,19898.25,19895.75,target,93.66,19792.59449205142,53.905507948580635
2024-09-20,False,zero_volume_or,unknown,False,zero_volume_or,,,,,,,,,,,,,,,,,
2024-09-23,True,clean,tight,False,or_class_tight,20086.5,20031.75,54.75,,,,,,,,,,,,,,
2024-09-24,True,clean,tight,False,or_class_tight,20154.0,20094.25,59.75,,,,,,,,,,,,,,
2024-09-25,True,clean,tight,False,or_class_tight,20205.75,20138.25,67.5,,,,,,,,,,,,,,
2024-09-26,True,clean,normal,False,no_upside_breakout,20518.0,20419.25,98.75,,,,,,,,,,,,,,
2024-09-27,True,clean,normal,False,no_upside_breakout,20383.0,20310.25,72.75,,,,,,,,,,,,,,
2024-09-30,True,clean,normal,False,no_retest_signal,20260.0,20168.5,91.5,,,,,,,,,,,,,,
2024-10-01,True,clean,wide,False,or_class_wide,20266.25,20070.0,196.25,,,,,,,,,,,,,,
2024-10-02,True,clean,wide,False,or_class_wide,19967.0,19836.0,131.0,,,,,,,,,,,,,,
2024-10-03,True,clean,normal,True,,20006.25,19894.5,111.75,2024-10-03 09:54:00-04:00,2024-10-03 10:16:00-04:00,2024-10-03 10:17:00-04:00,20055.0,20057.5,20017.5,20107.5,2024-10-03 10:20:00-04:00,20017.5,20015.0,stop,-86.34,20016.035280872533,39.214719127467106
2024-10-04,True,clean,tight,False,or_class_tight,20239.75,20186.25,53.5,,,,,,,,,,,,,,
2024-10-07,True,clean,tight,False,or_class_tight,20163.75,20107.25,56.5,,,,,,,,,,,,,,
2024-10-08,True,clean,tight,False,or_class_tight,20115.75,20069.5,46.25,,,,,,,,,,,,,,
2024-10-09,True,clean,tight,False,or_class_tight,20299.25,20238.25,61.0,,,,,,,,,,,,,,
2024-10-10,True,clean,tight,False,or_class_tight,20390.0,20340.0,50.0,,,,,,,,,,,,,,
2024-10-11,True,clean,tight,False,or_class_tight,20352.25,20313.25,39.0,,,,,,,,,,,,,,
2024-10-14,True,clean,normal,True,,20609.0,20540.75,68.25,2024-10-14 09:46:00-04:00,2024-10-14 10:20:00-04:00,2024-10-14 10:21:00-04:00,20615.75,20618.25,20578.25,20668.25,2024-10-14 10:52:00-04:00,20578.25,20575.75,stop,-86.34,20618.16699555728,-2.9169955572797335
2024-10-15,True,clean,tight,False,or_class_tight,20659.25,20605.75,53.5,,,,,,,,,,,,,,
2024-10-16,True,clean,wide,False,or_class_wide,20357.5,20241.75,115.75,,,,,,,,,,,,,,
2024-10-17,True,clean,wide,False,or_class_wide,20576.0,20402.5,173.5,,,,,,,,,,,,,,
2024-10-18,True,clean,normal,False,no_retest_signal,20502.25,20433.0,69.25,,,,,,,,,,,,,,
2024-10-21,True,clean,normal,True,,20488.25,20423.0,65.25,2024-10-21 09:49:00-04:00,2024-10-21 10:03:00-04:00,2024-10-21 10:04:00-04:00,20509.25,20511.75,20471.75,20561.75,2024-10-21 10:38:00-04:00,20471.75,20469.25,stop,-86.34,20472.141262721554,37.108737278445915
2024-10-22,True,clean,normal,True,,20458.25,20368.75,89.5,2024-10-22 09:45:00-04:00,2024-10-22 10:04:00-04:00,2024-10-22 10:05:00-04:00,20459.5,20462.0,20422.0,20512.0,2024-10-22 10:06:00-04:00,20512.0,20509.5,target,93.66,20433.423526930914,26.326473069086205
2024-10-23,True,clean,tight,False,or_class_tight,20462.75,20407.0,55.75,,,,,,,,,,,,,,
2024-10-24,True,clean,normal,False,no_retest_signal,20376.75,20312.0,64.75,,,,,,,,,,,,,,
2024-10-25,True,clean,normal,False,no_retest_signal,20588.75,20490.0,98.75,,,,,,,,,,,,,,
2024-10-28,True,clean,normal,False,no_upside_breakout,20627.0,20556.5,70.5,,,,,,,,,,,,,,
2024-10-29,True,clean,normal,True,,20526.75,20432.0,94.75,2024-10-29 10:03:00-04:00,2024-10-29 10:11:00-04:00,2024-10-29 10:12:00-04:00,20535.25,20537.75,20497.75,20587.75,2024-10-29 10:24:00-04:00,20587.75,20585.25,target,93.66,20489.28499239081,45.71500760918934
2024-10-30,True,clean,wide,False,or_class_wide,20669.5,20543.0,126.5,,,,,,,,,,,,,,
2024-10-31,True,clean,wide,False,or_class_wide,20369.0,20252.5,116.5,,,,,,,,,,,,,,
2024-11-01,True,clean,wide,False,or_class_wide,20164.75,20057.25,107.5,,,,,,,,,,,,,,
2024-11-04,True,clean,wide,False,or_class_wide,20142.0,20013.25,128.75,,,,,,,,,,,,,,
2024-11-05,True,clean,normal,True,,20243.0,20147.0,96.0,2024-11-05 09:49:00-05:00,2024-11-05 10:57:00-05:00,2024-11-05 10:58:00-05:00,20257.25,20259.75,20219.75,20309.75,2024-11-05 11:24:00-05:00,20309.75,20307.25,target,93.66,20258.02419464939,-1.2741946493915748
2024-11-06,True,clean,wide,False,or_class_wide,20806.75,20668.25,138.5,,,,,,,,,,,,,,
2024-11-07,True,clean,normal,True,,21091.5,21003.75,87.75,2024-11-07 09:56:00-05:00,2024-11-07 10:35:00-05:00,2024-11-07 10:36:00-05:00,21104.0,21106.5,21066.5,21156.5,2024-11-07 10:50:00-05:00,21156.5,21154.0,target,93.66,21080.156220368786,23.843779631213692
2024-11-08,True,clean,tight,False,or_class_tight,21232.0,21186.25,45.75,,,,,,,,,,,,,,
2024-11-11,True,clean,normal,False,no_upside_breakout,21292.5,21206.25,86.25,,,,,,,,,,,,,,
2024-11-12,True,clean,tight,False,or_class_tight,21241.25,21181.5,59.75,,,,,,,,,,,,,,
2024-11-13,True,clean,tight,False,or_class_tight,21184.75,21139.0,45.75,,,,,,,,,,,,,,
2024-11-14,True,clean,normal,False,no_upside_breakout,21174.5,21078.75,95.75,,,,,,,,,,,,,,
2024-11-15,True,clean,normal,False,no_upside_breakout,20774.0,20687.0,87.0,,,,,,,,,,,,,,
2024-11-18,True,clean,tight,False,or_class_tight,20571.5,20520.25,51.25,,,,,,,,,,,,,,
2024-11-19,True,clean,normal,False,no_retest_signal,20587.5,20508.0,79.5,,,,,,,,,,,,,,
2024-11-20,True,clean,wide,False,or_class_wide,20756.0,20636.25,119.75,,,,,,,,,,,,,,
2024-11-21,True,clean,wide,False,or_class_wide,20907.0,20628.25,278.75,,,,,,,,,,,,,,
2024-11-22,True,clean,normal,False,no_retest_signal,20857.0,20773.25,83.75,,,,,,,,,,,,,,
2024-11-25,True,clean,wide,False,or_class_wide,21081.25,20956.25,125.0,,,,,,,,,,,,,,
2024-11-26,True,clean,tight,False,or_class_tight,21003.0,20937.5,65.5,,,,,,,,,,,,,,
2024-11-27,True,clean,normal,False,no_upside_breakout,20939.75,20852.75,87.0,,,,,,,,,,,,,,
2024-11-29,True,clean,tight,False,or_class_tight,20875.5,20805.75,69.75,,,,,,,,,,,,,,
2024-12-02,True,clean,normal,True,,21139.5,21026.5,113.0,2024-12-02 09:49:00-05:00,2024-12-02 10:59:00-05:00,2024-12-02 11:00:00-05:00,21156.5,21159.0,21119.0,21209.0,2024-12-02 11:37:00-05:00,21209.0,21206.5,target,93.66,21150.62353097038,5.626469029619329
2024-12-03,True,clean,tight,False,or_class_tight,21203.25,21134.75,68.5,,,,,,,,,,,,,,
2024-12-04,True,clean,tight,False,or_class_tight,21437.0,21388.25,48.75,,,,,,,,,,,,,,
2024-12-05,True,clean,tight,False,or_class_tight,21552.0,21518.5,33.5,,,,,,,,,,,,,,
2024-12-06,True,clean,normal,False,no_retest_signal,21555.0,21485.0,70.0,,,,,,,,,,,,,,
2024-12-09,True,clean,tight,False,or_class_tight,21642.25,21582.75,59.5,,,,,,,,,,,,,,
2024-12-10,True,clean,normal,True,,21576.5,21505.25,71.25,2024-12-10 09:45:00-05:00,2024-12-10 10:04:00-05:00,2024-12-10 10:05:00-05:00,21577.75,21580.25,21540.25,21630.25,2024-12-10 10:50:00-05:00,21540.25,21537.75,stop,-86.34,21544.982457995342,32.517542004658026
2024-12-11,True,clean,normal,False,no_retest_signal,21639.5,21573.0,66.5,,,,,,,,,,,,,,
2024-12-12,True,clean,tight,False,or_class_tight,21696.5,21655.75,40.75,,,,,,,,,,,,,,
2024-12-13,True,clean,wide,False,or_class_wide,21895.0,21790.25,104.75,,,,,,,,,,,,,,
2024-12-16,True,clean,tight,False,or_class_tight,21950.75,21896.0,54.75,,,,,,,,,,,,,,
2024-12-17,True,clean,normal,False,no_retest_signal,22061.5,21975.75,85.75,,,,,,,,,,,,,,
2024-12-18,True,clean,normal,True,,22002.5,21913.25,89.25,2024-12-18 10:05:00-05:00,2024-12-18 10:10:00-05:00,2024-12-18 10:11:00-05:00,22002.25,22004.75,21964.75,22054.75,2024-12-18 11:19:00-05:00,21964.75,21962.25,stop,-86.34,21966.052935202115,36.697064797885105
2024-12-19,True,clean,wide,False,or_class_wide,21424.0,21295.5,128.5,,,,,,,,,,,,,,
2024-12-20,False,zero_volume_or,unknown,False,zero_volume_or,,,,,,,,,,,,,,,,,
2024-12-23,True,clean,normal,False,no_retest_signal,21675.5,21605.5,70.0,,,,,,,,,,,,,,
2024-12-24,True,clean,normal,False,no_retest_signal,21875.0,21799.0,76.0,,,,,,,,,,,,,,
2024-12-26,True,clean,tight,False,or_class_tight,22008.5,21955.25,53.25,,,,,,,,,,,,,,
2024-12-27,True,clean,wide,False,or_class_wide,21863.0,21682.0,181.0,,,,,,,,,,,,,,
2024-12-30,True,clean,wide,False,or_class_wide,21417.0,21309.5,107.5,,,,,,,,,,,,,,
2024-12-31,True,clean,wide,False,or_class_wide,21489.5,21367.75,121.75,,,,,,,,,,,,,,
2025-01-02,True,clean,wide,False,or_class_wide,21373.0,21166.5,206.5,,,,,,,,,,,,,,
2025-01-03,True,clean,wide,False,or_class_wide,21431.5,21276.75,154.75,,,,,,,,,,,,,,
2025-01-06,True,clean,normal,True,,21828.75,21723.75,105.0,2025-01-06 09:49:00-05:00,2025-01-06 10:13:00-05:00,2025-01-06 10:14:00-05:00,21838.0,21840.5,21800.5,21890.5,2025-01-06 10:46:00-05:00,21890.5,21888.0,target,93.66,21799.93369859915,38.066301400849625
2025-01-07,True,clean,normal,False,no_upside_breakout,21806.25,21695.0,111.25,,,,,,,,,,,,,,
2025-01-08,True,clean,normal,False,no_retest_signal,21384.75,21289.75,95.0,,,,,,,,,,,,,,
2025-01-10,True,clean,wide,False,or_class_wide,21197.25,21067.75,129.5,,,,,,,,,,,,,,
2025-01-13,True,clean,normal,True,,20786.0,20701.5,84.5,2025-01-13 09:53:00-05:00,2025-01-13 10:02:00-05:00,2025-01-13 10:03:00-05:00,20796.25,20798.75,20758.75,20848.75,2025-01-13 10:06:00-05:00,20848.75,20846.25,target,93.66,20764.925484438056,31.32451556194428
2025-01-14,True,clean,normal,False,no_upside_breakout,21129.25,21018.0,111.25,,,,,,,,,,,,,,
2025-01-15,True,clean,normal,False,no_retest_signal,21307.5,21186.5,121.0,,,,,,,,,,,,,,
2025-01-16,True,clean,normal,False,no_upside_breakout,21498.0,21404.5,93.5,,,,,,,,,,,,,,
2025-01-17,True,clean,wide,False,or_class_wide,21653.5,21492.25,161.25,,,,,,,,,,,,,,
2025-01-21,True,clean,normal,False,no_retest_signal,21718.5,21589.5,129.0,,,,,,,,,,,,,,
2025-01-22,True,clean,tight,False,or_class_tight,21982.0,21902.5,79.5,,,,,,,,,,,,,,
2025-01-23,True,clean,tight,False,or_class_tight,21915.75,21866.0,49.75,,,,,,,,,,,,,,
2025-01-24,True,clean,tight,False,or_class_tight,22052.75,22000.0,52.75,,,,,,,,,,,,,,
2025-01-27,True,clean,wide,False,or_class_wide,21303.0,21108.25,194.75,,,,,,,,,,,,,,
2025-01-28,True,clean,normal,False,no_retest_signal,21319.75,21172.5,147.25,,,,,,,,,,,,,,
2025-01-29,True,clean,normal,False,no_upside_breakout,21606.25,21498.5,107.75,,,,,,,,,,,,,,
2025-01-30,True,clean,tight,False,or_class_tight,21668.75,21597.25,71.5,,,,,,,,,,,,,,
2025-01-31,True,clean,tight,False,or_class_tight,21838.25,21764.0,74.25,,,,,,,,,,,,,,
2025-02-03,True,clean,normal,False,signal_filtered,21314.75,21177.75,137.0,,,,,,,,,,,,,,
2025-02-04,True,clean,normal,False,no_retest_signal,21523.5,21405.0,118.5,,,,,,,,,,,,,,
2025-02-05,True,clean,tight,False,or_class_tight,21587.75,21519.0,68.75,,,,,,,,,,,,,,
2025-02-06,True,clean,tight,False,or_class_tight,21790.0,21738.0,52.0,,,,,,,,,,,,,,
2025-02-07,True,clean,normal,False,no_upside_breakout,21967.75,21869.5,98.25,,,,,,,,,,,,,,
2025-02-10,True,clean,tight,False,or_class_tight,21803.0,21742.25,60.75,,,,,,,,,,,,,,
2025-02-11,True,clean,normal,True,,21797.0,21700.25,96.75,2025-02-11 10:01:00-05:00,2025-02-11 10:12:00-05:00,2025-02-11 10:13:00-05:00,21800.0,21802.5,21762.5,21852.5,2025-02-11 10:45:00-05:00,21852.5,21850.0,target,93.66,21779.4766245746,21.023375425400445
2025-02-12,True,clean,wide,False,or_class_wide,21667.75,21535.75,132.0,,,,,,,,,,,,,,
2025-02-13,True,clean,normal,True,,21951.0,21835.0,116.0,2025-02-13 10:16:00-05:00,2025-02-13 10:17:00-05:00,2025-02-13 10:18:00-05:00,21961.0,21963.5,21923.5,22013.5,2025-02-13 10:38:00-05:00,22013.5,22011.0,target,93.66,21903.315173950406,57.68482604959354
2025-02-14,True,clean,tight,False,or_class_tight,22138.0,22088.0,50.0,,,,,,,,,,,,,,
2025-02-18,True,clean,tight,False,or_class_tight,22268.0,22211.0,57.0,,,,,,,,,,,,,,
2025-02-19,True,clean,tight,False,or_class_tight,22221.5,22172.75,48.75,,,,,,,,,,,,,,
2025-02-20,True,clean,normal,False,no_upside_breakout,22227.0,22166.0,61.0,,,,,,,,,,,,,,
2025-02-21,True,clean,normal,False,no_upside_breakout,22188.0,22096.75,91.25,,,,,,,,,,,,,,
2025-02-24,True,clean,normal,False,no_upside_breakout,21801.75,21684.0,117.75,,,,,,,,,,,,,,
2025-02-25,True,clean,normal,False,no_upside_breakout,21397.5,21311.0,86.5,,,,,,,,,,,,,,
2025-02-26,True,clean,normal,True,,21274.25,21188.5,85.75,2025-02-26 09:49:00-05:00,2025-02-26 10:07:00-05:00,2025-02-26 10:08:00-05:00,21299.0,21301.5,21261.5,21351.5,2025-02-26 10:18:00-05:00,21351.5,21349.0,target,93.66,21255.989079135594,43.260920864406216
2025-02-27,True,clean,wide,False,or_class_wide,21381.0,21170.0,211.0,,,,,,,,,,,,,,
2025-02-28,True,clean,wide,False,or_class_wide,20644.75,20460.25,184.5,,,,,,,,,,,,,,
2025-03-03,True,clean,wide,False,or_class_wide,21120.75,20942.25,178.5,,,,,,,,,,,,,,
2025-03-04,True,clean,wide,False,or_class_wide,20430.0,20258.5,171.5,,,,,,,,,,,,,,
2025-03-05,True,clean,wide,False,or_class_wide,20455.75,20313.0,142.75,,,,,,,,,,,,,,
2025-03-06,True,clean,normal,False,signal_filtered,20319.75,20228.25,91.5,,,,,,,,,,,,,,
2025-03-07,True,clean,wide,False,or_class_wide,20190.75,20024.25,166.5,,,,,,,,,,,,,,
2025-03-10,True,clean,normal,False,no_upside_breakout,19902.0,19787.75,114.25,,,,,,,,,,,,,,
2025-03-11,True,clean,wide,False,or_class_wide,19553.0,19386.5,166.5,,,,,,,,,,,,,,
2025-03-12,True,clean,normal,False,no_upside_breakout,19776.75,19668.0,108.75,,,,,,,,,,,,,,
2025-03-13,True,clean,normal,False,no_upside_breakout,19577.0,19470.25,106.75,,,,,,,,,,,,,,
2025-03-14,True,clean,normal,False,signal_filtered,19600.5,19450.0,150.5,,,,,,,,,,,,,,
2025-03-17,True,clean,normal,False,no_retest_signal,19848.0,19684.0,164.0,,,,,,,,,,,,,,
2025-03-18,True,clean,wide,False,or_class_wide,19693.5,19504.0,189.5,,,,,,,,,,,,,,
2025-03-19,True,clean,normal,True,,19610.5,19503.25,107.25,2025-03-19 09:54:00-04:00,2025-03-19 10:47:00-04:00,2025-03-19 10:48:00-04:00,19622.25,19624.75,19584.75,19674.75,2025-03-19 11:26:00-04:00,19674.75,19672.25,target,93.66,19613.99718818215,7.752811817848851
2025-03-20,True,clean,normal,False,no_retest_signal,19703.75,19553.75,150.0,,,,,,,,,,,,,,
2025-03-21,False,zero_volume_or,unknown,False,zero_volume_or,,,,,,,,,,,,,,,,,
2025-03-24,True,clean,tight,False,or_class_tight,20293.0,20228.75,64.25,,,,,,,,,,,,,,
2025-03-25,True,clean,tight,False,or_class_tight,20429.0,20368.5,60.5,,,,,,,,,,,,,,
2025-03-26,True,clean,tight,False,or_class_tight,20475.0,20412.75,62.25,,,,,,,,,,,,,,
2025-03-27,True,clean,normal,True,,20069.75,19937.75,132.0,2025-03-27 09:55:00-04:00,2025-03-27 10:17:00-04:00,2025-03-27 10:18:00-04:00,20081.25,20083.75,20043.75,20133.75,2025-03-27 10:35:00-04:00,20133.75,20131.25,target,93.66,20024.214947008713,57.53505299128665
2025-03-28,True,clean,tight,False,or_class_tight,19941.25,19839.5,101.75,,,,,,,,,,,,,,
2025-03-31,True,clean,wide,False,or_class_wide,19192.25,19003.25,189.0,,,,,,,,,,,,,,
2025-04-01,True,clean,tight,False,or_class_tight,19433.0,19338.25,94.75,,,,,,,,,,,,,,
2025-04-02,True,clean,wide,False,or_class_wide,19533.75,19317.0,216.75,,,,,,,,,,,,,,
2025-04-03,True,clean,normal,False,no_upside_breakout,19074.0,18910.75,163.25,,,,,,,,,,,,,,
2025-04-04,True,clean,wide,False,or_class_wide,18248.75,18008.25,240.5,,,,,,,,,,,,,,
2025-04-07,True,clean,wide,False,or_class_wide,16981.25,16673.5,307.75,,,,,,,,,,,,,,
2025-04-08,True,clean,normal,False,no_retest_signal,18202.0,18062.25,139.75,,,,,,,,,,,,,,
2025-04-09,True,clean,wide,False,or_class_wide,17553.75,17196.25,357.5,,,,,,,,,,,,,,
2025-04-10,True,clean,wide,False,or_class_wide,18871.75,18679.25,192.5,,,,,,,,,,,,,,
2025-04-11,True,clean,wide,False,or_class_wide,18571.25,18353.5,217.75,,,,,,,,,,,,,,
2025-04-14,True,clean,wide,False,or_class_wide,19255.25,18994.25,261.0,,,,,,,,,,,,,,
2025-04-15,True,clean,normal,True,,19086.75,18968.0,118.75,2025-04-15 09:48:00-04:00,2025-04-15 10:03:00-04:00,2025-04-15 10:04:00-04:00,19091.0,19093.5,19053.5,19143.5,2025-04-15 10:13:00-04:00,19143.5,19141.0,target,93.66,19055.486245246535,35.51375475346504
2025-04-16,True,clean,tight,False,or_class_tight,18679.0,18572.5,106.5,,,,,,,,,,,,,,
2025-04-17,True,clean,normal,False,no_retest_signal,18509.5,18382.25,127.25,,,,,,,,,,,,,,
2025-04-21,True,clean,tight,False,or_class_tight,18165.75,18060.75,105.0,,,,,,,,,,,,,,
2025-04-22,True,clean,normal,False,no_retest_signal,18211.0,18100.25,110.75,,,,,,,,,,,,,,
2025-04-23,True,clean,normal,False,signal_filtered,19113.0,18917.0,196.0,,,,,,,,,,,,,,
2025-04-24,True,clean,normal,False,no_retest_signal,18961.25,18846.5,114.75,,,,,,,,,,,,,,
2025-04-25,True,clean,tight,False,or_class_tight,19363.25,19256.25,107.0,,,,,,,,,,,,,,
2025-04-28,True,clean,normal,False,no_retest_signal,19599.0,19482.75,116.25,,,,,,,,,,,,,,
2025-04-29,True,clean,tight,False,or_class_tight,19477.5,19404.0,73.5,,,,,,,,,,,,,,
2025-04-30,True,clean,normal,False,signal_filtered,19304.25,19135.25,169.0,,,,,,,,,,,,,,
2025-05-01,True,clean,tight,False,or_class_tight,19990.5,19888.5,102.0,,,,,,,,,,,,,,
2025-05-02,True,clean,tight,False,or_class_tight,20125.0,20033.0,92.0,,,,,,,,,,,,,,
2025-05-05,True,clean,tight,False,or_class_tight,20053.75,19985.25,68.5,,,,,,,,,,,,,,
2025-05-06,True,clean,tight,False,or_class_tight,19864.5,19779.25,85.25,,,,,,,,,,,,,,
2025-05-07,True,clean,tight,False,or_class_tight,19934.25,19866.0,68.25,,,,,,,,,,,,,,
2025-05-08,True,clean,tight,False,or_class_tight,20174.5,20097.75,76.75,,,,,,,,,,,,,,
2025-05-09,True,clean,tight,False,or_class_tight,20279.75,20220.0,59.75,,,,,,,,,,,,,,
2025-05-12,True,clean,wide,False,or_class_wide,20922.25,20746.5,175.75,,,,,,,,,,,,,,
2025-05-13,True,clean,normal,False,no_retest_signal,21080.5,20973.25,107.25,,,,,,,,,,,,,,
2025-05-14,True,clean,normal,False,no_retest_signal,21404.75,21314.0,90.75,,,,,,,,,,,,,,
2025-05-15,True,clean,tight,False,or_class_tight,21339.5,21276.75,62.75,,,,,,,,,,,,,,
2025-05-16,True,clean,normal,False,no_retest_signal,21470.25,21388.75,81.5,,,,,,,,,,,,,,
2025-05-19,True,clean,wide,False,or_class_wide,21335.0,21201.5,133.5,,,,,,,,,,,,,,
2025-05-20,True,clean,tight,False,or_class_tight,21439.75,21390.5,49.25,,,,,,,,,,,,,,
2025-05-21,True,clean,normal,True,,21372.25,21277.0,95.25,2025-05-21 09:48:00-04:00,2025-05-21 10:38:00-04:00,2025-05-21 10:39:00-04:00,21400.25,21402.75,21362.75,21452.75,2025-05-21 10:59:00-04:00,21452.75,21450.25,target,93.66,21373.662617086706,26.337382913294277
2025-05-22,True,clean,normal,True,,21219.5,21113.75,105.75,2025-05-22 09:52:00-04:00,2025-05-22 10:27:00-04:00,2025-05-22 10:28:00-04:00,21237.75,21240.25,21200.25,21290.25,2025-05-22 10:54:00-04:00,21200.25,21197.75,stop,-86.34,21228.929839094333,9.320160905666853
2025-05-23,True,clean,wide,False,or_class_wide,20953.5,20821.5,132.0,,,,,,,,,,,,,,
2025-05-27,True,clean,normal,False,no_retest_signal,21284.5,21193.25,91.25,,,,,,,,,,,,,,
2025-05-28,True,clean,normal,False,no_upside_breakout,21564.75,21490.25,74.5,,,,,,,,,,,,,,
2025-05-29,True,clean,wide,False,or_class_wide,21679.25,21522.5,156.75,,,,,,,,,,,,,,
2025-05-30,True,clean,normal,False,no_retest_signal,21390.75,21295.25,95.5,,,,,,,,,,,,,,
2025-06-02,True,clean,wide,False,or_class_wide,21458.0,21286.75,171.25,,,,,,,,,,,,,,
2025-06-03,True,clean,normal,True,,21595.75,21510.0,85.75,2025-06-03 09:57:00-04:00,2025-06-03 10:00:00-04:00,2025-06-03 10:01:00-04:00,21610.0,21612.5,21572.5,21662.5,2025-06-03 10:08:00-04:00,21572.5,21570.0,stop,-86.34,21564.284058639074,45.96594136092608
2025-06-04,True,clean,normal,False,no_retest_signal,21793.5,21716.75,76.75,,,,,,,,,,,,,,
2025-06-05,True,clean,normal,False,signal_filtered,21840.0,21735.0,105.0,,,,,,,,,,,,,,
2025-06-06,True,clean,normal,False,no_retest_signal,21852.25,21768.0,84.25,,,,,,,,,,,,,,
2025-06-09,True,clean,tight,False,or_class_tight,21815.0,21750.25,64.75,,,,,,,,,,,,,,
2025-06-10,True,clean,tight,False,or_class_tight,21886.5,21818.0,68.5,,,,,,,,,,,,,,
2025-06-11,True,clean,tight,False,or_class_tight,22024.75,21960.0,64.75,,,,,,,,,,,,,,
2025-06-12,True,clean,tight,False,or_class_tight,21884.75,21816.0,68.75,,,,,,,,,,,,,,
2025-06-13,True,clean,wide,False,or_class_wide,21788.25,21663.5,124.75,,,,,,,,,,,,,,
2025-06-16,True,clean,normal,False,no_retest_signal,21876.0,21792.25,83.75,,,,,,,,,,,,,,
2025-06-17,True,clean,normal,True,,21886.5,21806.0,80.5,2025-06-17 10:11:00-04:00,2025-06-17 10:12:00-04:00,2025-06-17 10:13:00-04:00,21895.5,21898.0,21858.0,21948.0,2025-06-17 10:35:00-04:00,21858.0,21855.5,stop,-86.34,21853.139218230663,41.860781769337336
2025-06-18,True,clean,tight,False,or_class_tight,21772.5,21703.5,69.0,,,,,,,,,,,,,,
2025-06-20,False,zero_volume_or,unknown,False,zero_volume_or,,,,,,,,,,,,,,,,,
2025-06-23,True,clean,wide,False,or_class_wide,21885.5,21758.5,127.0,,,,,,,,,,,,,,
2025-06-24,True,clean,tight,False,or_class_tight,22327.75,22260.0,67.75,,,,,,,,,,,,,,
2025-06-25,True,clean,tight,False,or_class_tight,22548.25,22490.25,58.0,,,,,,,,,,,,,,
2025-06-26,True,clean,normal,True,,22566.5,22495.0,71.5,2025-06-26 10:21:00-04:00,2025-06-26 10:24:00-04:00,2025-06-26 10:25:00-04:00,22571.25,22573.75,22533.75,22623.75,2025-06-26 12:01:00-04:00,22623.75,22621.25,target,93.66,22531.689814515583,40.06018548441716
2025-06-27,True,clean,tight,False,or_class_tight,22743.0,22682.0,61.0,,,,,,,,,,,,,,
2025-06-30,True,clean,normal,False,no_retest_signal,22875.5,22801.25,74.25,,,,,,,,,,,,,,
2025-07-01,True,clean,tight,False,or_class_tight,22821.25,22779.75,41.5,,,,,,,,,,,,,,
2025-07-02,True,clean,tight,False,or_class_tight,22707.25,22650.75,56.5,,,,,,,,,,,,,,
2025-07-03,True,clean,tight,False,or_class_tight,22986.0,22929.75,56.25,,,,,,,,,,,,,,
2025-07-07,True,clean,normal,False,no_upside_breakout,22975.5,22900.25,75.25,,,,,,,,,,,,,,
2025-07-08,True,clean,tight,False,or_class_tight,22944.0,22889.0,55.0,,,,,,,,,,,,,,
2025-07-09,True,clean,wide,False,or_class_wide,23064.75,22977.75,87.0,,,,,,,,,,,,,,
2025-07-10,True,clean,normal,False,no_upside_breakout,23089.75,23022.0,67.75,,,,,,,,,,,,,,
2025-07-11,True,clean,wide,False,or_class_wide,22958.25,22870.0,88.25,,,,,,,,,,,,,,
2025-07-14,True,clean,wide,False,or_class_wide,22979.0,22852.0,127.0,,,,,,,,,,,,,,
2025-07-15,True,clean,wide,False,or_class_wide,23222.75,23122.75,100.0,,,,,,,,,,,,,,
2025-07-16,True,clean,normal,False,no_retest_signal,23090.0,23004.25,85.75,,,,,,,,,,,,,,
2025-07-17,True,clean,normal,True,,23128.25,23065.75,62.5,2025-07-17 09:48:00-04:00,2025-07-17 10:21:00-04:00,2025-07-17 10:22:00-04:00,23140.0,23142.5,23102.5,23192.5,2025-07-17 10:49:00-04:00,23192.5,23190.0,target,93.66,23127.861277560296,12.138722439703997
2025-07-18,True,clean,tight,False,or_class_tight,23310.0,23257.25,52.75,,,,,,,,,,,,,,
2025-07-21,True,clean,wide,False,or_class_wide,23348.75,23255.0,93.75,,,,,,,,,,,,,,
2025-07-22,True,clean,wide,False,or_class_wide,23349.75,23258.75,91.0,,,,,,,,,,,,,,
2025-07-23,True,clean,normal,False,no_retest_signal,23264.25,23183.0,81.25,,,,,,,,,,,,,,
2025-07-24,True,clean,normal,False,no_retest_signal,23399.5,23333.5,66.0,,,,,,,,,,,,,,
2025-07-25,True,clean,tight,False,or_class_tight,23378.5,23330.25,48.25,,,,,,,,,,,,,,
2025-07-28,True,clean,tight,False,or_class_tight,23505.0,23462.5,42.5,,,,,,,,,,,,,,
2025-07-29,True,clean,normal,False,no_upside_breakout,23652.25,23592.75,59.5,,,,,,,,,,,,,,
2025-07-30,True,clean,normal,True,,23509.75,23450.25,59.5,2025-07-30 09:45:00-04:00,2025-07-30 10:22:00-04:00,2025-07-30 10:23:00-04:00,23511.25,23513.75,23473.75,23563.75,2025-07-30 14:31:00-04:00,23563.75,23561.25,target,93.66,23488.016500451442,23.48349954855803
2025-07-31,True,clean,wide,False,or_class_wide,23752.25,23620.5,131.75,,,,,,,,,,,,,,
2025-08-01,True,clean,wide,False,or_class_wide,23095.5,22917.75,177.75,,,,,,,,,,,,,,
2025-08-04,True,clean,wide,False,or_class_wide,23197.0,23088.75,108.25,,,,,,,,,,,,,,
2025-08-05,True,clean,normal,False,no_retest_signal,23366.75,23303.5,63.25,,,,,,,,,,,,,,
2025-08-06,True,clean,normal,True,,23228.0,23148.75,79.25,2025-08-06 09:48:00-04:00,2025-08-06 10:02:00-04:00,2025-08-06 10:03:00-04:00,23242.25,23244.75,23204.75,23294.75,2025-08-06 10:21:00-04:00,23204.75,23202.25,stop,-86.34,23200.95532294477,41.79467705522984
2025-08-07,True,clean,normal,True,,23648.0,23582.75,65.25,2025-08-07 09:56:00-04:00,2025-08-07 10:06:00-04:00,2025-08-07 10:07:00-04:00,23648.75,23651.25,23611.25,23701.25,2025-08-07 10:08:00-04:00,23611.25,23608.75,stop,-86.34,23620.21467491816,28.53532508184071
2025-08-08,True,clean,normal,False,no_retest_signal,23614.25,23530.0,84.25,,,,,,,,,,,,,,
2025-08-11,True,clean,tight,False,or_class_tight,23738.5,23681.0,57.5,,,,,,,,,,,,,,
2025-08-12,True,clean,wide,False,or_class_wide,23808.5,23710.0,98.5,,,,,,,,,,,,,,
2025-08-13,True,clean,tight,False,or_class_tight,24069.0,24028.75,40.25,,,,,,,,,,,,,,
2025-08-14,True,clean,normal,True,,23924.0,23841.25,82.75,2025-08-14 09:47:00-04:00,2025-08-14 10:17:00-04:00,2025-08-14 10:18:00-04:00,23933.75,23936.25,23896.25,23986.25,2025-08-14 10:40:00-04:00,23986.25,23983.75,target,93.66,23912.938688123708,20.561311876292166
2025-08-15,True,clean,normal,False,no_upside_breakout,23910.75,23834.75,76.0,,,,,,,,,,,,,,
2025-08-18,True,clean,tight,False,or_class_tight,23818.25,23767.75,50.5,,,,,,,,,,,,,,
2025-08-19,True,clean,wide,False,or_class_wide,23770.75,23660.0,110.75,,,,,,,,,,,,,,
2025-08-20,True,clean,wide,False,or_class_wide,23432.0,23322.5,109.5,,,,,,,,,,,,,,
2025-08-21,True,clean,normal,True,,23290.5,23199.5,91.0,2025-08-21 10:12:00-04:00,2025-08-21 10:16:00-04:00,2025-08-21 10:17:00-04:00,23295.75,23298.25,23258.25,23348.25,2025-08-21 10:29:00-04:00,23348.25,23345.75,target,93.66,23242.368242564462,53.38175743553802
2025-08-22,True,clean,wide,False,or_class_wide,23324.0,23206.25,117.75,,,,,,,,,,,,,,
2025-08-25,True,clean,normal,True,,23518.5,23445.0,73.5,2025-08-25 09:59:00-04:00,2025-08-25 10:02:00-04:00,2025-08-25 10:03:00-04:00,23527.0,23529.5,23489.5,23579.5,2025-08-25 11:03:00-04:00,23579.5,23577.0,target,93.66,23488.002889411575,39.24711058842513
2025-08-26,True,clean,tight,False,or_class_tight,23518.5,23463.25,55.25,,,,,,,,,,,,,,
2025-08-27,True,clean,tight,False,or_class_tight,23565.25,23513.75,51.5,,,,,,,,,,,,,,
2025-08-28,True,clean,wide,False,or_class_wide,23743.25,23629.25,114.0,,,,,,,,,,,,,,
2025-08-29,True,clean,normal,False,no_upside_breakout,23668.0,23585.25,82.75,,,,,,,,,,,,,,
2025-09-02,True,clean,wide,False,or_class_wide,23177.5,23025.0,152.5,,,,,,,,,,,,,,
2025-09-03,True,clean,normal,True,,23438.0,23372.0,66.0,2025-09-03 10:07:00-04:00,2025-09-03 10:18:00-04:00,2025-09-03 10:19:00-04:00,23445.0,23447.5,23407.5,23497.5,2025-09-03 10:42:00-04:00,23497.5,23495.0,target,93.66,23407.305379005575,37.44462099442535
2025-09-04,True,clean,normal,False,no_retest_signal,23548.25,23457.25,91.0,,,,,,,,,,,,,,
2025-09-05,True,clean,normal,False,no_upside_breakout,23902.5,23821.5,81.0,,,,,,,,,,,,,,
2025-09-08,True,clean,normal,True,,23846.75,23771.25,75.5,2025-09-08 09:49:00-04:00,2025-09-08 10:03:00-04:00,2025-09-08 10:04:00-04:00,23850.0,23852.5,23812.5,23902.5,2025-09-08 10:19:00-04:00,23812.5,23810.0,stop,-86.34,23830.38440515114,19.615594848859473
2025-09-09,True,clean,tight,False,or_class_tight,23857.75,23815.0,42.75,,,,,,,,,,,,,,
2025-09-10,True,clean,normal,False,no_upside_breakout,24000.75,23918.0,82.75,,,,,,,,,,,,,,
2025-09-11,True,clean,normal,True,,23997.75,23911.5,86.25,2025-09-11 10:07:00-04:00,2025-09-11 10:08:00-04:00,2025-09-11 10:09:00-04:00,24001.5,24004.0,23964.0,24054.0,2025-09-11 10:13:00-04:00,23964.0,23961.5,stop,-86.34,23961.300492677132,40.19950732286816
2025-09-12,True,clean,tight,False,or_class_tight,24063.5,24002.0,61.5,,,,,,,,,,,,,,
2025-09-15,True,clean,tight,False,or_class_tight,24227.5,24172.0,55.5,,,,,,,,,,,,,,
2025-09-16,True,clean,tight,False,or_class_tight,24355.75,24308.75,47.0,,,,,,,,,,,,,,
2025-09-17,True,clean,normal,False,no_retest_signal,24301.0,24225.0,76.0,,,,,,,,,,,,,,
2025-09-18,True,clean,normal,True,,24469.0,24381.0,88.0,2025-09-18 10:02:00-04:00,2025-09-18 10:03:00-04:00,2025-09-18 10:04:00-04:00,24472.0,24474.5,24434.5,24524.5,2025-09-18 10:19:00-04:00,24524.5,24522.0,target,93.66,24421.816166417502,50.933833582497755
2025-09-19,False,zero_volume_or,unknown,False,zero_volume_or,,,,,,,,,,,,,,,,,
2025-09-22,True,clean,tight,False,or_class_tight,24858.25,24814.25,44.0,,,,,,,,,,,,,,
2025-09-23,True,clean,normal,False,no_upside_breakout,25009.75,24942.75,67.0,,,,,,,,,,,,,,
2025-09-24,True,clean,normal,False,no_upside_breakout,24899.25,24823.5,75.75,,,,,,,,,,,,,,
2025-09-25,True,clean,wide,False,or_class_wide,24578.75,24422.0,156.75,,,,,,,,,,,,,,
2025-09-26,True,clean,wide,False,or_class_wide,24712.5,24596.75,115.75,,,,,,,,,,,,,,
2025-09-29,True,clean,normal,False,no_retest_signal,24916.0,24848.25,67.75,,,,,,,,,,,,,,
2025-09-30,True,clean,wide,False,or_class_wide,24830.75,24741.25,89.5,,,,,,,,,,,,,,
2025-10-01,True,clean,wide,False,or_class_wide,24841.5,24743.5,98.0,,,,,,,,,,,,,,
2025-10-02,True,clean,wide,False,or_class_wide,25169.0,25036.25,132.75,,,,,,,,,,,,,,
2025-10-03,True,clean,tight,False,or_class_tight,25166.75,25113.75,53.0,,,,,,,,,,,,,,
2025-10-06,True,clean,wide,False,or_class_wide,25221.75,25117.0,104.75,,,,,,,,,,,,,,
2025-10-07,True,clean,tight,False,or_class_tight,25263.0,25217.0,46.0,,,,,,,,,,,,,,
2025-10-08,True,clean,normal,False,no_retest_signal,25152.75,25073.25,79.5,,,,,,,,,,,,,,
2025-10-09,True,clean,normal,False,no_upside_breakout,25334.75,25258.75,76.0,,,,,,,,,,,,,,
2025-10-10,True,clean,normal,False,no_retest_signal,25376.75,25293.75,83.0,,,,,,,,,,,,,,
2025-10-13,True,clean,wide,False,or_class_wide,24842.75,24724.5,118.25,,,,,,,,,,,,,,
2025-10-14,True,clean,wide,False,or_class_wide,24642.0,24430.25,211.75,,,,,,,,,,,,,,
2025-10-15,True,clean,normal,False,no_retest_signal,25004.25,24920.5,83.75,,,,,,,,,,,,,,
2025-10-16,True,clean,tight,False,or_class_tight,25106.0,25036.0,70.0,,,,,,,,,,,,,,
2025-10-17,True,clean,wide,False,or_class_wide,24817.75,24672.25,145.5,,,,,,,,,,,,,,
2025-10-20,True,clean,normal,True,,25224.75,25114.75,110.0,2025-10-20 09:51:00-04:00,2025-10-20 10:00:00-04:00,2025-10-20 10:01:00-04:00,25228.75,25231.25,25191.25,25281.25,2025-10-20 10:28:00-04:00,25281.25,25278.75,target,93.66,25203.318308901537,25.43169109846349
2025-10-21,True,clean,tight,False,or_class_tight,25304.5,25233.0,71.5,,,,,,,,,,,,,,
2025-10-22,True,clean,normal,True,,25271.5,25172.75,98.75,2025-10-22 09:51:00-04:00,2025-10-22 10:01:00-04:00,2025-10-22 10:02:00-04:00,25272.5,25275.0,25235.0,25325.0,2025-10-22 10:12:00-04:00,25235.0,25232.5,stop,-86.34,25235.151976045716,37.348023954284145
2025-10-23,True,clean,normal,True,,25092.75,24998.75,94.0,2025-10-23 09:45:00-04:00,2025-10-23 10:21:00-04:00,2025-10-23 10:22:00-04:00,25108.0,25110.5,25070.5,25160.5,2025-10-23 10:25:00-04:00,25160.5,25158.0,target,93.66,25111.246113933976,-3.746113933975721
2025-10-24,True,clean,normal,True,,25530.75,25430.0,100.75,2025-10-24 10:07:00-04:00,2025-10-24 10:10:00-04:00,2025-10-24 10:11:00-04:00,25534.75,25537.25,25497.25,25587.25,2025-10-24 10:26:00-04:00,25497.25,25494.75,stop,-86.34,25497.952608832795,35.797391167205205
2025-10-27,True,clean,tight,False,or_class_tight,25859.75,25796.25,63.5,,,,,,,,,,,,,,
2025-10-28,True,clean,tight,False,or_class_tight,26094.0,26041.75,52.25,,,,,,,,,,,,,,
2025-10-29,True,clean,tight,False,or_class_tight,26292.5,26254.25,38.25,,,,,,,,,,,,,,
2025-10-30,True,clean,wide,False,or_class_wide,26127.5,25941.5,186.0,,,,,,,,,,,,,,
2025-10-31,True,clean,normal,False,no_upside_breakout,26199.5,26103.5,96.0,,,,,,,,,,,,,,
2025-11-03,True,clean,wide,False,or_class_wide,26265.75,26155.0,110.75,,,,,,,,,,,,,,
2025-11-04,True,clean,wide,False,or_class_wide,25782.0,25663.0,119.0,,,,,,,,,,,,,,
2025-11-05,True,clean,normal,False,no_retest_signal,25577.25,25487.75,89.5,,,,,,,,,,,,,,
2025-11-06,True,clean,normal,False,no_upside_breakout,25684.75,25585.75,99.0,,,,,,,,,,,,,,
2025-11-07,True,clean,wide,False,or_class_wide,25111.5,24917.5,194.0,,,,,,,,,,,,,,
2025-11-10,True,clean,normal,True,,25639.75,25524.0,115.75,2025-11-10 09:46:00-05:00,2025-11-10 10:04:00-05:00,2025-11-10 10:05:00-05:00,25640.25,25642.75,25602.75,25692.75,2025-11-10 10:48:00-05:00,25602.75,25600.25,stop,-86.34,25609.29638625443,30.703613745568873
2025-11-11,True,clean,tight,False,or_class_tight,25646.0,25583.75,62.25,,,,,,,,,,,,,,
2025-11-12,True,clean,wide,False,or_class_wide,25780.5,25637.25,143.25,,,,,,,,,,,,,,
2025-11-13,True,clean,wide,False,or_class_wide,25501.5,25284.0,217.5,,,,,,,,,,,,,,
2025-11-14,True,clean,wide,False,or_class_wide,24844.75,24626.0,218.75,,,,,,,,,,,,,,
2025-11-17,True,clean,wide,False,or_class_wide,25199.25,24955.25,244.0,,,,,,,,,,,,,,
2025-11-18,True,clean,normal,False,no_upside_breakout,24832.0,24646.75,185.25,,,,,,,,,,,,,,
2025-11-19,True,clean,normal,False,no_retest_signal,24758.5,24572.75,185.75,,,,,,,,,,,,,,
2025-11-20,True,clean,normal,True,,25242.25,25145.0,97.25,2025-11-20 09:47:00-05:00,2025-11-20 10:23:00-05:00,2025-11-20 10:24:00-05:00,25244.5,25247.0,25207.0,25297.0,2025-11-20 10:37:00-05:00,25297.0,25294.5,target,93.66,25217.603744355467,27.396255644533085
2025-11-21,True,clean,normal,False,no_retest_signal,24280.0,24152.75,127.25,,,,,,,,,,,,,,
2025-11-24,True,clean,wide,False,or_class_wide,24722.25,24513.5,208.75,,,,,,,,,,,,,,
2025-11-25,True,clean,normal,False,no_retest_signal,24882.0,24719.5,162.5,,,,,,,,,,,,,,
2025-11-26,True,clean,tight,False,or_class_tight,25271.0,25189.25,81.75,,,,,,,,,,,,,,
2025-11-28,True,clean,tight,False,or_class_tight,25421.5,25329.5,92.0,,,,,,,,,,,,,,
2025-12-01,True,clean,normal,True,,25319.75,25209.0,110.75,2025-12-01 09:50:00-05:00,2025-12-01 10:26:00-05:00,2025-12-01 10:27:00-05:00,25338.0,25340.5,25300.5,25390.5,2025-12-01 10:34:00-05:00,25300.5,25298.0,stop,-86.34,25317.455679593335,21.044320406665065
2025-12-02,True,clean,normal,True,,25613.0,25471.25,141.75,2025-12-02 10:00:00-05:00,2025-12-02 10:12:00-05:00,2025-12-02 10:13:00-05:00,25631.25,25633.75,25593.75,25683.75,2025-12-02 10:28:00-05:00,25593.75,25591.25,stop,-86.34,25584.047214428618,46.952785571382265
2025-12-03,True,clean,tight,False,or_class_tight,25538.0,25451.5,86.5,,,,,,,,,,,,,,
2025-12-04,True,clean,normal,False,no_upside_breakout,25713.25,25550.5,162.75,,,,,,,,,,,,,,
2025-12-05,True,clean,normal,False,no_retest_signal,25777.75,25660.5,117.25,,,,,,,,,,,,,,
2025-12-08,True,clean,tight,False,or_class_tight,25860.75,25768.0,92.75,,,,,,,,,,,,,,
2025-12-09,True,clean,tight,False,or_class_tight,25653.25,25560.0,93.25,,,,,,,,,,,,,,
2025-12-10,True,clean,normal,False,no_retest_signal,25663.25,25567.0,96.25,,,,,,,,,,,,,,
2025-12-11,True,clean,tight,False,or_class_tight,25649.75,25555.75,94.0,,,,,,,,,,,,,,
2025-12-12,True,clean,normal,False,no_upside_breakout,25620.5,25522.0,98.5,,,,,,,,,,,,,,
2025-12-15,True,clean,normal,False,no_upside_breakout,25410.0,25285.75,124.25,,,,,,,,,,,,,,
2025-12-16,True,clean,normal,True,,25106.5,24966.0,140.5,2025-12-16 09:50:00-05:00,2025-12-16 10:04:00-05:00,2025-12-16 10:05:00-05:00,25114.0,25116.5,25076.5,25166.5,2025-12-16 10:10:00-05:00,25076.5,25074.0,stop,-86.34,25076.252291481607,36.497708518392756
2025-12-17,True,clean,normal,False,no_upside_breakout,25205.75,25059.5,146.25,,,,,,,,,,,,,,
2025-12-18,True,clean,wide,False,or_class_wide,25095.25,24939.5,155.75,,,,,,,,,,,,,,
2025-12-19,False,zero_volume_or,unknown,False,zero_volume_or,,,,,,,,,,,,,,,,,
2025-12-22,True,clean,normal,False,no_upside_breakout,25795.0,25671.0,124.0,,,,,,,,,,,,,,
2025-12-23,True,clean,normal,True,,25737.5,25638.0,99.5,2025-12-23 09:47:00-05:00,2025-12-23 10:58:00-05:00,2025-12-23 10:59:00-05:00,25738.25,25740.75,25700.75,25790.75,2025-12-23 14:19:00-05:00,25790.75,25788.25,target,93.66,25693.546053397276,44.20394660272359
2025-12-24,True,clean,tight,False,or_class_tight,25827.5,25781.75,45.75,,,,,,,,,,,,,,
2025-12-26,True,clean,tight,False,or_class_tight,25932.5,25864.5,68.0,,,,,,,,,,,,,,
2025-12-29,True,clean,wide,False,or_class_wide,25818.75,25664.25,154.5,,,,,,,,,,,,,,
2025-12-30,True,clean,tight,False,or_class_tight,25733.0,25675.5,57.5,,,,,,,,,,,,,,
2025-12-31,True,clean,tight,False,or_class_tight,25692.25,25608.75,83.5,,,,,,,,,,,,,,
2026-01-02,True,clean,normal,True,,25733.5,25638.0,95.5,2026-01-02 09:47:00-05:00,2026-01-02 10:00:00-05:00,2026-01-02 10:01:00-05:00,25766.5,25769.0,25729.0,25819.0,2026-01-02 10:05:00-05:00,25729.0,25726.5,stop,-86.34,25712.198410487217,54.30158951278281
2026-01-05,True,clean,normal,False,no_retest_signal,25673.25,25538.5,134.75,,,,,,,,,,,,,,
2026-01-06,True,clean,tight,False,or_class_tight,25679.0,25608.75,70.25,,,,,,,,,,,,,,
2026-01-07,True,clean,normal,True,,25864.25,25770.75,93.5,2026-01-07 09:46:00-05:00,2026-01-07 10:06:00-05:00,2026-01-07 10:07:00-05:00,25865.25,25867.75,25827.75,25917.75,2026-01-07 10:17:00-05:00,25827.75,25825.25,stop,-86.34,25834.20832394692,31.041676053078845
2026-01-08,True,clean,wide,False,or_class_wide,25802.75,25613.25,189.5,,,,,,,,,,,,,,
2026-01-09,True,clean,wide,False,or_class_wide,25791.0,25648.25,142.75,,,,,,,,,,,,,,
2026-01-12,True,clean,wide,False,or_class_wide,25892.5,25743.75,148.75,,,,,,,,,,,,,,
2026-01-13,True,clean,normal,False,no_upside_breakout,26043.0,25930.75,112.25,,,,,,,,,,,,,,
2026-01-14,True,clean,wide,False,or_class_wide,25791.25,25623.5,167.75,,,,,,,,,,,,,,
2026-01-15,True,clean,normal,False,no_upside_breakout,25946.75,25853.0,93.75,,,,,,,,,,,,,,
2026-01-16,True,clean,tight,False,or_class_tight,25891.25,25817.5,73.75,,,,,,,,,,,,,,
2026-01-19,True,clean,tight,False,or_class_tight,25298.0,25240.0,58.0,,,,,,,,,,,,,,
2026-01-20,True,clean,normal,True,,25357.25,25232.5,124.75,2026-01-20 09:51:00-05:00,2026-01-20 10:59:00-05:00,2026-01-20 11:00:00-05:00,25363.0,25365.5,25325.5,25415.5,2026-01-20 11:10:00-05:00,25415.5,25413.0,target,93.66,25321.43547924883,41.814520751169766
2026-01-21,True,clean,normal,False,no_retest_signal,25223.0,25128.5,94.5,,,,,,,,,,,,,,
2026-01-22,True,clean,normal,False,no_upside_breakout,25732.25,25612.25,120.0,,,,,,,,,,,,,,
2026-01-23,True,clean,normal,False,no_retest_signal,25652.75,25562.5,90.25,,,,,,,,,,,,,,
2026-01-26,True,clean,normal,True,,25827.25,25704.25,123.0,2026-01-26 09:46:00-05:00,2026-01-26 10:13:00-05:00,2026-01-26 10:14:00-05:00,25833.5,25836.0,25796.0,25886.0,2026-01-26 10:21:00-05:00,25886.0,25883.5,target,93.66,25802.403954971764,31.346045028236404
2026-01-27,True,clean,normal,False,no_retest_signal,26012.5,25917.25,95.25,,,,,,,,,,,,,,
2026-01-28,True,clean,tight,False,or_class_tight,26298.5,26213.5,85.0,,,,,,,,,,,,,,
2026-01-29,True,clean,wide,False,or_class_wide,26177.25,25946.0,231.25,,,,,,,,,,,,,,
2026-01-30,True,clean,normal,False,no_upside_breakout,25939.25,25813.0,126.25,,,,,,,,,,,,,,
2026-02-02,True,clean,wide,False,or_class_wide,25734.0,25540.25,193.75,,,,,,,,,,,,,,
2026-02-03,True,clean,wide,False,or_class_wide,25952.5,25721.75,230.75,,,,,,,,,,,,,,
2026-02-04,True,clean,normal,False,no_upside_breakout,25386.5,25230.0,156.5,,,,,,,,,,,,,,
2026-02-05,True,clean,wide,False,or_class_wide,24936.25,24651.75,284.5,,,,,,,,,,,,,,
2026-02-06,True,clean,wide,False,or_class_wide,24927.5,24700.5,227.0,,,,,,,,,,,,,,
2026-02-09,True,clean,wide,False,or_class_wide,25152.5,24955.5,197.0,,,,,,,,,,,,,,
2026-02-10,True,clean,normal,True,,25410.25,25265.25,145.0,2026-02-10 10:06:00-05:00,2026-02-10 10:18:00-05:00,2026-02-10 10:19:00-05:00,25413.25,25415.75,25375.75,25465.75,2026-02-10 10:24:00-05:00,25375.75,25373.25,stop,-86.34,25355.43496869635,57.81503130364945
2026-02-11,True,clean,normal,False,no_upside_breakout,25465.5,25339.0,126.5,,,,,,,,,,,,,,
2026-02-12,True,clean,tight,False,or_class_tight,25393.75,25303.75,90.0,,,,,,,,,,,,,,
2026-02-13,True,clean,wide,False,or_class_wide,24800.0,24578.75,221.25,,,,,,,,,,,,,,
2026-02-17,True,clean,normal,False,no_retest_signal,24815.5,24605.75,209.75,,,,,,,,,,,,,,
2026-02-18,True,clean,tight,False,or_class_tight,24868.75,24752.0,116.75,,,,,,,,,,,,,,
2026-02-19,True,clean,normal,True,,24883.25,24762.5,120.75,2026-02-19 09:53:00-05:00,2026-02-19 10:01:00-05:00,2026-02-19 10:02:00-05:00,24895.0,24897.5,24857.5,24947.5,2026-02-19 10:03:00-05:00,24947.5,24945.0,target,93.66,24840.20112878056,55.7988712194383
2026-02-20,True,clean,wide,False,or_class_wide,24948.75,24677.0,271.75,,,,,,,,,,,,,,
2026-02-23,True,clean,normal,False,no_upside_breakout,25040.0,24880.25,159.75,,,,,,,,,,,,,,
2026-02-24,True,clean,normal,True,,24912.25,24694.0,218.25,2026-02-24 09:45:00-05:00,2026-02-24 10:20:00-05:00,2026-02-24 10:21:00-05:00,24915.0,24917.5,24877.5,24967.5,2026-02-24 10:26:00-05:00,24967.5,24965.0,target,93.66,24851.38566241179,64.11433758820931
2026-02-25,True,clean,tight,False,or_class_tight,25279.75,25156.75,123.0,,,,,,,,,,,,,,
2026-02-26,True,clean,tight,False,or_class_tight,25342.0,25224.75,117.25,,,,,,,,,,,,,,
2026-02-27,True,clean,normal,True,,24910.0,24780.0,130.0,2026-02-27 09:48:00-05:00,2026-02-27 10:01:00-05:00,2026-02-27 10:02:00-05:00,24914.5,24917.0,24877.0,24967.0,2026-02-27 10:07:00-05:00,24967.0,24964.5,target,93.66,24872.81367771935,41.93632228064962
2026-03-02,True,clean,wide,False,or_class_wide,24885.25,24605.25,280.0,,,,,,,,,,,,,,
2026-03-03,True,clean,normal,False,no_retest_signal,24661.0,24502.25,158.75,,,,,,,,,,,,,,
2026-03-04,True,clean,normal,False,signal_filtered,24970.5,24837.25,133.25,,,,,,,,,,,,,,
2026-03-05,True,clean,normal,False,no_retest_signal,25125.25,24985.25,140.0,,,,,,,,,,,,,,
2026-03-06,True,clean,tight,False,or_class_tight,24732.25,24611.75,120.5,,,,,,,,,,,,,,
2026-03-09,True,clean,normal,False,signal_filtered,24526.0,24354.75,171.25,,,,,,,,,,,,,,
2026-03-10,True,clean,tight,False,or_class_tight,25081.0,24959.5,121.5,,,,,,,,,,,,,,
2026-03-11,True,clean,tight,False,or_class_tight,25115.5,25034.5,81.0,,,,,,,,,,,,,,
2026-03-12,True,clean,tight,False,or_class_tight,24834.75,24742.0,92.75,,,,,,,,,,,,,,
2026-03-13,True,clean,normal,False,no_retest_signal,24772.75,24611.0,161.75,,,,,,,,,,,,,,
2026-03-16,True,clean,tight,False,or_class_tight,24717.0,24623.0,94.0,,,,,,,,,,,,,,
2026-03-17,True,clean,tight,False,or_class_tight,24859.0,24746.5,112.5,,,,,,,,,,,,,,
2026-03-18,True,clean,tight,False,or_class_tight,24771.25,24686.0,85.25,,,,,,,,,,,,,,
2026-03-19,True,clean,normal,True,,24239.25,24113.75,125.5,2026-03-19 09:49:00-04:00,2026-03-19 10:31:00-04:00,2026-03-19 10:32:00-04:00,24255.75,24258.25,24218.25,24308.25,2026-03-19 10:34:00-04:00,24308.25,24305.75,target,93.66,24232.692230713248,27.057769286751864
2026-03-20,False,zero_volume_or,unknown,False,zero_volume_or,,,,,,,,,,,,,,,,,
2026-03-23,True,clean,normal,True,,24568.5,24432.5,136.0,2026-03-23 09:49:00-04:00,2026-03-23 10:07:00-04:00,2026-03-23 10:08:00-04:00,24581.25,24583.75,24543.75,24633.75,2026-03-23 10:17:00-04:00,24633.75,24631.25,target,93.66,24536.08790600029,45.662093999708304
2026-03-24,True,clean,wide,False,or_class_wide,24317.0,24140.25,176.75,,,,,,,,,,,,,,
2026-03-25,True,clean,tight,False,or_class_tight,24526.0,24426.0,100.0,,,,,,,,,,,,,,
2026-03-26,True,clean,tight,False,or_class_tight,24158.5,24066.0,92.5,,,,,,,,,,,,,,
2026-03-27,True,clean,normal,False,no_upside_breakout,23664.25,23531.5,132.75,,,,,,,,,,,,,,
2026-03-30,True,clean,wide,False,or_class_wide,23538.0,23374.25,163.75,,,,,,,,,,,,,,
2026-03-31,True,clean,tight,False,or_class_tight,23470.0,23378.75,91.25,,,,,,,,,,,,,,
2026-04-01,True,clean,normal,True,,24194.5,24043.5,151.0,2026-04-01 10:22:00-04:00,2026-04-01 10:47:00-04:00,2026-04-01 10:48:00-04:00,24204.25,24206.75,24166.75,24256.75,2026-04-01 10:53:00-04:00,24256.75,24254.25,target,93.66,24147.963251773286,56.286748226713826
2026-04-02,True,clean,normal,False,no_retest_signal,23819.0,23678.0,141.0,,,,,,,,,,,,,,
2026-04-06,True,clean,normal,True,,24373.75,24245.25,128.5,2026-04-06 09:50:00-04:00,2026-04-06 10:30:00-04:00,2026-04-06 10:31:00-04:00,24383.25,24385.75,24345.75,24435.75,2026-04-06 10:36:00-04:00,24345.75,24343.25,stop,-86.34,24340.97140802391,42.528591976089956
2026-04-07,True,clean,normal,False,no_retest_signal,24303.25,24187.75,115.5,,,,,,,,,,,,,,
2026-04-08,True,clean,wide,False,or_class_wide,25251.75,25089.5,162.25,,,,,,,,,,,,,,
2026-04-09,True,clean,tight,False,or_class_tight,25112.75,25019.0,93.75,,,,,,,,,,,,,,
2026-04-10,True,clean,tight,False,or_class_tight,25372.0,25290.0,82.0,,,,,,,,,,,,,,
2026-04-13,True,clean,tight,False,or_class_tight,25239.25,25174.5,64.75,,,,,,,,,,,,,,
2026-04-14,True,clean,normal,True,,25756.25,25655.5,100.75,2026-04-14 09:45:00-04:00,2026-04-14 10:09:00-04:00,2026-04-14 10:10:00-04:00,25758.5,25761.0,25721.0,25811.0,2026-04-14 10:35:00-04:00,25811.0,25808.5,target,93.66,25730.28130679072,28.2186932092809
2026-04-15,True,clean,tight,False,or_class_tight,26059.5,25982.75,76.75,,,,,,,,,,,,,,
2026-04-16,True,clean,normal,False,no_retest_signal,26453.5,26345.5,108.0,,,,,,,,,,,,,,
2026-04-17,True,clean,tight,False,or_class_tight,26720.75,26629.5,91.25,,,,,,,,,,,,,,
2026-04-20,True,clean,normal,False,no_upside_breakout,26826.0,26732.75,93.25,,,,,,,,,,,,,,
2026-04-21,True,clean,normal,True,,26838.0,26726.25,111.75,2026-04-21 09:59:00-04:00,2026-04-21 10:05:00-04:00,2026-04-21 10:06:00-04:00,26841.75,26844.25,26804.25,26894.25,2026-04-21 10:46:00-04:00,26804.25,26801.75,stop,-86.34,26781.532493586838,59.96750641316248
2026-04-22,True,clean,tight,False,or_class_tight,26892.5,26813.0,79.5,,,,,,,,,,,,,,
2026-04-23,True,clean,normal,True,,27067.75,26964.0,103.75,2026-04-23 09:46:00-04:00,2026-04-23 10:52:00-04:00,2026-04-23 10:53:00-04:00,27068.25,27070.75,27030.75,27120.75,2026-04-23 11:10:00-04:00,27120.75,27118.25,target,93.66,27027.71171539747,40.28828460253135
2026-04-24,True,clean,tight,False,or_class_tight,27260.25,27177.0,83.25,,,,,,,,,,,,,,
