scope,rule_id,family,direction,trades,total_pnl,avg_pnl,median_pnl,win_rate,profit_factor,max_drawdown,sharpe_trade,adjusted_t,is_trades,is_pnl,is_avg,is_win_rate,oos_trades,oos_pnl,oos_avg,oos_win_rate,largest_day_pnl,largest_day_concentration,rules_tried,passes_n80,passes_oos,passes_concentration,passes_pf,passes_adjusted_t,passes_all_core
full_history,or_retest|long|buffer_points=0|confirm_pattern=break_prev|end=12:00|max_risk_points=120|max_stop=80|min_reward_points=8|or_class=all|rr=1.5|start=09:45|stop_mode=fixed|stop_points=30|target_mode=rr|time_exit=12:00|touch_tolerance=5,or_retest,long,325,2602.9999999999977,8.009230769230761,-35.84,0.48307692307692307,1.2546936826573458,-610.2800000000036,0.11002172924918167,0.09053146086177925,195,1300.699999999999,6.670256410256405,0.4717948717948718,130,1302.2999999999993,10.017692307692302,0.5,87.66,0.03367652708413372,480,True,True,True,False,False,False
full_history,or_retest|long|buffer_points=0|confirm_pattern=simple|end=12:00|max_risk_points=120|max_stop=80|min_reward_points=8|or_class=all|rr=1.5|start=09:45|stop_mode=fixed|stop_points=30|target_mode=rr|time_exit=12:00|touch_tolerance=5,or_retest,long,340,2375.8999999999983,6.987941176470583,-62.34,0.47058823529411764,1.2155363233906664,-466.079999999999,0.09508783055677457,0.08002833452385677,204,1263.139999999999,6.191862745098034,0.46568627450980393,136,1112.7599999999993,8.182058823529406,0.47794117647058826,87.66,0.03689549223452168,480,True,True,True,False,False,False
full_history,or_retest|long|buffer_points=0|confirm_pattern=break_prev|end=11:00|max_risk_points=120|max_stop=80|min_reward_points=8|or_class=all|rr=1.5|start=09:45|stop_mode=fixed|stop_points=30|target_mode=rr|time_exit=12:00|touch_tolerance=5,or_retest,long,288,2243.579999999998,7.790208333333327,-62.34,0.4722222222222222,1.2386106939723562,-656.580000000002,0.10495479061609377,0.08129763123216352,172,1286.519999999999,7.47976744186046,0.46511627906976744,116,957.0599999999995,8.250517241379306,0.4827586206896552,87.66,0.03907148396758755,480,True,True,True,False,False,False
full_history,or_retest|long|buffer_points=0|confirm_pattern=simple|end=11:00|max_risk_points=120|max_stop=80|min_reward_points=8|or_class=all|rr=1.5|start=09:45|stop_mode=fixed|stop_points=30|target_mode=rr|time_exit=12:00|touch_tolerance=5,or_retest,long,309,2079.9399999999987,6.731197411003232,-62.34,0.4627831715210356,1.2021333457726666,-440.7599999999992,0.0904221544430205,0.07254934094523609,185,1211.599999999999,6.549189189189184,0.4594594594594595,124,868.339999999999,7.002741935483863,0.46774193548387094,87.66,0.042145446503264544,480,True,True,True,False,False,False
full_history,or_retest|long|buffer_points=0|confirm_pattern=break_prev|end=12:00|max_risk_points=120|max_stop=80|min_reward_points=8|or_class=all|or_stop_fraction=0.25|rr=1.5|start=09:45|stop_mode=or_fraction|target_mode=rr|time_exit=12:00|touch_tolerance=5,or_retest,long,325,1997.1874999999986,6.145192307692303,-22.59,0.47692307692307695,1.2377483877303819,-654.1749999999984,0.09340282665525848,0.07685658463492091,195,629.5749999999994,3.2285897435897404,0.4512820512820513,130,1367.6124999999995,10.52009615384615,0.5153846153846153,237.66,0.11899734000938827,480,True,True,True,False,False,False
full_history,or_retest|long|buffer_points=0|confirm_pattern=break_prev|end=11:00|max_risk_points=120|max_stop=80|min_reward_points=8|or_class=all|or_stop_fraction=0.25|rr=1.5|start=09:45|stop_mode=or_fraction|target_mode=rr|time_exit=12:00|touch_tolerance=5,or_retest,long,288,1836.267499999999,6.375928819444441,-22.5275,0.4756944444444444,1.2409771406899386,-614.6899999999966,0.09448518247406669,0.07318790763708584,172,640.8324999999993,3.725770348837205,0.4476744186046512,116,1195.4349999999995,10.30547413793103,0.5172413793103449,237.66,0.1294255875029102,480,True,True,True,False,False,False
full_history,or_retest|long|buffer_points=0|confirm_pattern=break_prev|end=12:00|max_risk_points=120|max_stop=80|min_reward_points=8|or_class=all|start=09:45|stop_mode=fixed|stop_points=30|target_mode=fixed|target_points=30|time_exit=12:00|touch_tolerance=5,or_retest,long,325,1508.9999999999982,4.643076923076918,57.66,0.563076923076923,1.1754798076117992,-427.7200000000002,0.07969309717444499,0.06557552364462496,195,321.19999999999925,1.6471794871794834,0.5384615384615384,130,1187.7999999999993,9.136923076923072,0.6,57.66,0.03821073558648116,480,True,True,True,False,False,False
full_history,or_retest|long|buffer_points=0|confirm_pattern=break_prev|end=12:00|max_risk_points=120|max_stop=80|min_reward_points=8|or_class=all|or_stop_fraction=0.25|start=09:45|stop_mode=or_fraction|target_mode=fixed|target_points=30|time_exit=12:00|touch_tolerance=5,or_retest,long,325,1389.2499999999986,4.27461538461538,-22.34,0.48307692307692307,1.1853477546805555,-715.9249999999984,0.08080062478772092,0.06648685355607856,195,657.6999999999995,3.37282051282051,0.4512820512820513,130,731.5499999999997,5.62730769230769,0.5307692307692308,57.66,0.04150440885369808,480,True,True,True,False,False,False
full_history,or_retest|long|buffer_points=0|confirm_pattern=break_prev|end=11:00|max_risk_points=120|max_stop=80|min_reward_points=8|or_class=all|start=09:45|stop_mode=fixed|stop_points=30|target_mode=fixed|target_points=30|time_exit=12:00|touch_tolerance=5,or_retest,long,288,1351.5799999999986,4.692986111111106,57.66,0.5590277777777778,1.1723035422440578,-459.7800000000003,0.07911005637598342,0.06127838617234273,172,356.51999999999896,2.0727906976744124,0.5348837209302325,116,995.0599999999996,8.578103448275858,0.5948275862068966,57.66,0.04266118172805165,480,True,True,True,False,False,False
full_history,fade|long|buffer_points=0|ema_ext=10|end=11:00|max_risk_points=120|min_reward_points=8|or_ext=0|or_location=none|pattern=green_close|rsi_mode=not_bull|start=10:00|stop_mode=fixed|stop_points=30|target_mode=vwap|time_exit=12:00|vwap_ext=10,fade_extreme,long,289,841.1239823135047,2.9104636066211236,-62.34,0.4671280276816609,1.0876137959736405,-1454.5895191208206,0.03624080948691535,0.02812070421582691,173,-515.9652255344785,-2.9824579510663494,0.43352601156069365,116,1357.089207847983,11.699044895241233,0.5172413793103449,413.30360224431587,0.4913706075857303,480,True,False,False,False,False,False
full_history,fade|long|buffer_points=0|ema_ext=0|end=11:00|max_risk_points=120|min_reward_points=8|or_ext=0|or_location=none|pattern=close_prev_high|rsi_mode=not_bull|start=10:00|stop_mode=fixed|stop_points=30|target_mode=vwap|time_exit=12:00|vwap_ext=0,fade_extreme,long,248,766.8105146557552,3.0919778816764323,-62.34,0.4637096774193548,1.0924846421462404,-841.4720475084829,0.03738623110167593,0.026873046767974765,148,295.123949728454,1.9940807414084731,0.46621621621621623,100,471.68656492730145,4.716865649273014,0.46,413.30360224431587,0.5389905254883738,480,True,True,False,False,False,False
full_history,or_retest|long|buffer_points=0|confirm_pattern=simple|end=12:00|max_risk_points=120|max_stop=80|min_reward_points=8|or_class=all|start=09:45|stop_mode=fixed|stop_points=30|target_mode=fixed|target_points=30|time_exit=12:00|touch_tolerance=5,or_retest,long,340,751.899999999998,2.2114705882352883,57.66,0.5411764705882353,1.0789227294101833,-808.4200000000016,0.03753743494836991,0.03159245913620893,204,13.639999999998963,0.06686274509803414,0.5245098039215687,136,738.2599999999994,5.428382352941172,0.5661764705882353,57.66,0.0766857294853041,480,True,True,True,False,False,False
full_history,or_retest|long|buffer_points=0|confirm_pattern=simple|end=12:00|max_risk_points=120|max_stop=80|min_reward_points=8|or_class=all|or_stop_fraction=0.25|start=09:45|stop_mode=or_fraction|target_mode=fixed|target_points=30|time_exit=12:00|touch_tolerance=5,or_retest,long,340,695.0249999999986,2.044191176470584,-23.2775,0.45588235294117646,1.0857920512511914,-697.405000000001,0.03918804783609112,0.0329816568871143,204,290.1399999999993,1.4222549019607809,0.4264705882352941,136,404.8849999999996,2.977095588235291,0.5,57.66,0.08296104456674236,480,True,True,True,False,False,False
full_history,fade|long|buffer_points=8|ema_ext=0|end=11:00|max_risk_points=120|min_reward_points=8|or_ext=0|or_location=none|pattern=green_close|rr=1.5|rsi_mode=not_bull|start=09:45|stop_mode=signal_extreme|target_mode=rr|time_exit=12:00|vwap_ext=0,fade_extreme,long,353,691.4799999999985,1.9588668555240751,-31.84,0.44192634560906513,1.0655681122095808,-1083.7200000000007,0.028328147895172896,0.024293210599846973,211,-193.99000000000117,-0.9193838862559297,0.4265402843601896,142,885.469999999999,6.235704225352106,0.4647887323943662,245.91,0.35562850697055665,480,True,False,False,False,False,False
full_history,or_retest|long|buffer_points=0|confirm_pattern=simple|end=11:00|max_risk_points=120|max_stop=80|min_reward_points=8|or_class=all|start=09:45|stop_mode=fixed|stop_points=30|target_mode=fixed|target_points=30|time_exit=12:00|touch_tolerance=5,or_retest,long,309,627.9399999999986,2.0321682847896394,57.66,0.5372168284789643,1.0709046399551942,-911.8800000000014,0.03408615437967811,0.02734869624414374,185,11.599999999999113,0.06270270270269791,0.518918918918919,124,616.3399999999995,4.970483870967738,0.5645161290322581,57.66,0.09182405962353112,480,True,True,True,False,False,False
full_history,fade|long|buffer_points=0|ema_ext=0|end=11:00|max_risk_points=120|min_reward_points=8|or_ext=0|or_location=beyond_or|pattern=close_prev_high|rsi_mode=not_bull|start=10:00|stop_mode=fixed|stop_points=30|target_mode=vwap|time_exit=12:00|vwap_ext=0,fade_extreme,long,203,595.199862130418,2.9320190252729947,-62.34,0.39408866995073893,1.0776230874134258,-813.0262710049084,0.03205891809544088,0.02084856952418978,121,640.8777500270065,5.2965103308017065,0.4214876033057851,82,-45.67788789658829,-0.5570474133730279,0.35365853658536583,413.30360224431587,0.6943946538646112,480,True,False,False,False,False,False
full_history,or_retest|long|buffer_points=0|confirm_pattern=simple|end=11:00|max_risk_points=120|max_stop=80|min_reward_points=8|or_class=all|or_stop_fraction=0.25|rr=1.5|start=09:45|stop_mode=or_fraction|target_mode=rr|time_exit=12:00|touch_tolerance=5,or_retest,long,309,549.6899999999983,1.778932038834946,-25.715,0.43042071197411,1.0626519097098546,-671.6975000000002,0.0266907249750908,0.02141504499888475,185,212.16249999999945,1.1468243243243215,0.41621621621621624,124,337.52749999999924,2.7219959677419294,0.45161290322580644,237.66,0.43235278065819044,480,True,True,False,False,False,False
full_history,fade|long|buffer_points=0|ema_ext=10|end=11:00|max_risk_points=120|min_reward_points=8|or_ext=0|or_location=none|pattern=green_close|rr=1.5|rsi_mode=not_bull|start=10:00|stop_mode=fixed|stop_points=30|target_mode=rr|time_exit=12:00|vwap_ext=10,fade_extreme,long,290,517.399999999998,1.784137931034476,-62.34,0.43103448275862066,1.0505194500859236,-1126.2800000000018,0.024165250201432106,0.01878320404512401,174,328.8399999999989,1.889885057471258,0.43103448275862066,116,188.55999999999932,1.6255172413793044,0.43103448275862066,87.66,0.16942404329339067,480,True,True,True,False,False,False
full_history,fade|long|buffer_points=0|ema_ext=0|end=11:00|max_risk_points=120|min_reward_points=8|or_ext=0|or_location=none|pattern=close_prev_high|rr=1.5|rsi_mode=not_bull|start=10:00|stop_mode=fixed|stop_points=30|target_mode=rr|time_exit=12:00|vwap_ext=0,fade_extreme,long,286,513.7599999999985,1.796363636363631,-62.34,0.4370629370629371,1.0511879355248812,-1309.7000000000046,0.024433792575449104,0.018860503418262536,171,412.8599999999984,2.4143859649122716,0.4444444444444444,115,100.8999999999995,0.8773913043478216,0.4260869565217391,87.66,0.1706244160697607,480,True,False,True,False,False,False
full_history,fade|long|buffer_points=0|ema_ext=20|end=11:00|max_risk_points=120|min_reward_points=8|or_ext=0|or_location=beyond_or|pattern=close_prev_high|rsi_mode=not_bull|start=10:00|stop_mode=fixed|stop_points=30|target_mode=vwap|time_exit=12:00|vwap_ext=20,fade_extreme,long,175,436.62749491533623,2.495014256659064,-62.34,0.36,1.0625354471612087,-745.4402241486887,0.02605225427611881,0.015730542991781768,105,259.72462619570035,2.4735678685304796,0.37142857142857144,70,176.90286871963582,2.5271838388519403,0.34285714285714286,413.30360224431587,0.9465817133766554,480,True,True,False,False,False,False
full_history,fade|long|buffer_points=0|ema_ext=10|end=11:00|max_risk_points=120|min_reward_points=8|or_ext=0|or_location=none|pattern=green_close|rr=1.5|rsi_mode=not_bull|start=09:45|stop_mode=fixed|stop_points=30|target_mode=rr|time_exit=12:00|vwap_ext=10,fade_extreme,long,323,424.17999999999785,1.3132507739938013,-62.34,0.42724458204334365,1.0369208540417267,-1932.8600000000024,0.017794644842957823,0.014597213731215879,193,-815.6200000000015,-4.226010362694308,0.39378238341968913,130,1239.7999999999993,9.536923076923072,0.47692307692307695,87.66,0.20665755103965402,480,True,False,True,False,False,False
full_history,fade|long|buffer_points=0|ema_ext=10|end=11:00|max_risk_points=120|min_reward_points=8|or_ext=0|or_location=beyond_or|pattern=close_prev_high|rsi_mode=not_bull|start=10:00|stop_mode=fixed|stop_points=30|target_mode=vwap|time_exit=12:00|vwap_ext=10,fade_extreme,long,196,412.856835426579,2.106412425645811,-62.34,0.3826530612244898,1.0547327552486863,-787.1666983780977,0.022805891448959108,0.01457318472237726,117,244.02780840515825,2.085707764146652,0.39316239316239315,79,168.82902702142013,2.1370762914103816,0.3670886075949367,413.30360224431587,1.001082134966411,480,True,True,False,False,False,False
full_history,fade|long|buffer_points=0|ema_ext=0|end=11:00|max_risk_points=120|min_reward_points=8|or_ext=0|or_location=none|pattern=green_close|rr=1.5|rsi_mode=not_bull|start=09:45|stop_mode=fixed|stop_points=30|target_mode=rr|time_exit=12:00|vwap_ext=0,fade_extreme,long,353,382.47999999999803,1.0835127478753486,-62.34,0.42492917847025496,1.0304655215810714,-2045.8400000000015,0.014713947083884056,0.012618156915394696,211,-234.74000000000137,-1.1125118483412388,0.41232227488151657,142,617.2199999999992,4.346619718309854,0.44366197183098594,87.66,0.22918845429826512,480,True,False,True,False,False,False
full_history,inverse_orb|short|buffer_points=0|confirm_pattern=break_prev|end=12:00|max_risk_points=120|max_stop=80|min_reward_points=8|or_class=tight|or_stop_fraction=0.25|rr=1.5|start=09:45|stop_mode=or_fraction|target_mode=rr|time_exit=12:00|touch_tolerance=5,inverse_orb,short,101,138.28499999999974,1.3691584158415815,-22.59,0.40594059405940597,1.0715242577842143,-430.14250000000004,0.03191957993937365,0.014641893230137093,60,-194.65000000000015,-3.2441666666666693,0.36666666666666664,41,332.93499999999983,8.120365853658532,0.4634146341463415,88.035,0.6366200238637608,480,True,False,False,False,False,False
full_history,inverse_orb|short|buffer_points=0|confirm_pattern=simple|end=12:00|max_risk_points=120|max_stop=80|min_reward_points=8|or_class=tight|or_stop_fraction=0.25|rr=1.5|start=09:45|stop_mode=or_fraction|target_mode=rr|time_exit=12:00|touch_tolerance=5,inverse_orb,short,101,138.28499999999974,1.3691584158415815,-22.59,0.40594059405940597,1.0715242577842143,-430.14250000000004,0.03191957993937365,0.014641893230137093,60,-194.65000000000015,-3.2441666666666693,0.36666666666666664,41,332.93499999999983,8.120365853658532,0.4634146341463415,88.035,0.6366200238637608,480,True,False,False,False,False,False
full_history,fade|long|buffer_points=0|ema_ext=10|end=11:00|max_risk_points=120|min_reward_points=8|or_ext=0|or_location=beyond_or|pattern=green_close|rr=1.5|rsi_mode=not_bull|start=10:00|stop_mode=fixed|stop_points=30|target_mode=rr|time_exit=12:00|vwap_ext=10,fade_extreme,long,230,85.29999999999862,0.3708695652173853,-62.34,0.4217391304347826,1.0102879913933047,-1327.640000000003,0.005024488432297246,0.003478044625889678,138,-402.9200000000005,-2.91971014492754,0.39855072463768115,92,488.21999999999935,5.306739130434775,0.45652173913043476,87.66,1.0276670574443307,480,True,False,False,False,False,False
full_history,fade|short|buffer_points=8|ema_ext=10|end=11:00|max_risk_points=120|min_reward_points=8|or_ext=0|or_location=none|pattern=red_close|rsi_mode=not_bear|start=10:00|stop_mode=signal_extreme|target_mode=vwap|time_exit=12:00|vwap_ext=10,fade_extreme,short,363,82.22387932753628,0.22651206426318535,-29.34,0.4049586776859504,1.0091345250679375,-1396.2843648276726,0.0037547187325545164,0.0032652023712475414,217,611.4633610184446,2.8178035069974405,0.4470046082949309,146,-529.2394816909084,-3.624927956787044,0.3424657534246575,270.881840842336,3.294442478969966,480,True,False,False,False,False,False
full_history,fade|short|buffer_points=8|ema_ext=20|end=11:00|max_risk_points=120|min_reward_points=8|or_ext=0|or_location=none|pattern=red_close|rsi_mode=not_bear|start=10:00|stop_mode=signal_extreme|target_mode=vwap|time_exit=12:00|vwap_ext=20,fade_extreme,short,317,40.526441864048735,0.1278436651862736,-30.34,0.33753943217665616,1.0047656301066625,-1036.4490418510275,0.0020052108897022766,0.0016295551640972256,190,489.7399163345815,2.5775785070241133,0.35789473684210527,127,-449.21347447053313,-3.5371139722089224,0.30708661417322836,263.77794848533466,6.508786272681238,480,True,False,False,False,False,False
full_history,inverse_orb|short|buffer_points=0|confirm_pattern=break_prev|end=12:00|max_risk_points=120|max_stop=80|min_reward_points=8|or_class=tight|or_stop_fraction=0.25|start=09:45|stop_mode=or_fraction|target_mode=fixed|target_points=30|time_exit=12:00|touch_tolerance=5,inverse_orb,short,101,31.909999999999684,0.31594059405940284,-24.215,0.36633663366336633,1.0155241278320222,-432.8100000000002,0.007236573323502877,0.0033195027677694004,60,-272.15000000000015,-4.535833333333335,0.3,41,304.05999999999983,7.416097560975605,0.4634146341463415,57.66,1.8069570667502528,480,True,False,False,False,False,False
full_history,inverse_orb|short|buffer_points=0|confirm_pattern=simple|end=12:00|max_risk_points=120|max_stop=80|min_reward_points=8|or_class=tight|or_stop_fraction=0.25|start=09:45|stop_mode=or_fraction|target_mode=fixed|target_points=30|time_exit=12:00|touch_tolerance=5,inverse_orb,short,101,31.909999999999684,0.31594059405940284,-24.215,0.36633663366336633,1.0155241278320222,-432.8100000000002,0.007236573323502877,0.0033195027677694004,60,-272.15000000000015,-4.535833333333335,0.3,41,304.05999999999983,7.416097560975605,0.4634146341463415,57.66,1.8069570667502528,480,True,False,False,False,False,False
full_history,fade|short|buffer_points=8|ema_ext=20|end=11:00|max_risk_points=120|min_reward_points=8|or_ext=0|or_location=none|pattern=red_close|rr=1.5|rsi_mode=not_bear|start=10:00|stop_mode=signal_extreme|target_mode=rr|time_exit=12:00|vwap_ext=20,fade_extreme,short,317,-49.03000000000115,-0.15466876971609197,-29.34,0.39747634069400634,0.9939251190072028,-1280.050000000002,-0.0026164255309037757,-0.0021262650014797755,190,-62.850000000000705,-0.33078947368421424,0.3894736842105263,127,13.819999999999595,0.1088188976377921,0.4094488188976378,272.16,,480,True,False,False,False,False,False
full_history,fade|short|buffer_points=8|ema_ext=10|end=11:00|max_risk_points=120|min_reward_points=8|or_ext=0|or_location=none|pattern=red_close|rr=1.5|rsi_mode=not_bear|start=10:00|stop_mode=signal_extreme|target_mode=rr|time_exit=12:00|vwap_ext=10,fade_extreme,short,365,-86.85000000000133,-0.2379452054794557,-29.34,0.4246575342465753,0.9906531495173213,-1372.9100000000021,-0.004101289766834123,-0.0035764014966488656,219,1.5399999999990257,0.007031963470315186,0.4337899543378995,146,-88.39000000000055,-0.6054109589041133,0.410958904109589,272.16,,480,True,False,False,False,False,False
full_history,fade|long|buffer_points=0|ema_ext=0|end=11:00|max_risk_points=120|min_reward_points=8|or_ext=0|or_location=beyond_or|pattern=green_close|rr=1.5|rsi_mode=not_bull|start=10:00|stop_mode=fixed|stop_points=30|target_mode=rr|time_exit=12:00|vwap_ext=0,fade_extreme,long,236,-114.240000000001,-0.48406779661017374,-62.34,0.4152542372881356,0.98668286234528,-1614.8400000000036,-0.006578801645506467,-0.004612986410092885,141,-565.4400000000007,-4.010212765957452,0.3900709219858156,95,451.1999999999995,4.749473684210521,0.45263157894736844,87.66,,480,True,False,False,False,False,False
full_history,fade|long|buffer_points=0|ema_ext=0|end=11:00|max_risk_points=120|min_reward_points=8|or_ext=0|or_location=none|pattern=close_prev_high|rsi_mode=not_bull|start=09:45|stop_mode=fixed|stop_points=30|target_mode=vwap|time_exit=12:00|vwap_ext=0,fade_extreme,long,253,-127.43299630568487,-0.503687732433537,-62.34,0.48616600790513836,0.9842756846689756,-968.0820615343794,-0.006758191320807694,-0.004906481031067062,151,14.471732054214385,0.09583928512724758,0.4966887417218543,102,-141.9047283598993,-1.3912228270578364,0.47058823529411764,413.30360224431587,,480,True,False,False,False,False,False
full_history,fade|short|buffer_points=8|ema_ext=20|end=11:00|max_risk_points=120|min_reward_points=8|or_ext=0|or_location=none|pattern=close_prev_low|rr=1.5|rsi_mode=not_bear|start=10:00|stop_mode=signal_extreme|target_mode=rr|time_exit=12:00|vwap_ext=20,fade_extreme,short,261,-175.740000000001,-0.6733333333333372,-34.34,0.40229885057471265,0.9767140494816505,-1020.1100000000021,-0.01077620914123617,-0.007946312612087206,156,-485.2900000000004,-3.110833333333336,0.38461538461538464,105,309.54999999999944,2.9480952380952328,0.42857142857142855,231.66,,480,True,False,False,False,False,False
full_history,fade|short|buffer_points=8|ema_ext=10|end=11:00|max_risk_points=120|min_reward_points=8|or_ext=0|or_location=beyond_or|pattern=red_close|rsi_mode=not_bear|start=10:00|stop_mode=signal_extreme|target_mode=vwap|time_exit=12:00|vwap_ext=10,fade_extreme,short,263,-360.633926135316,-1.3712316583091864,-33.34,0.29277566539923955,0.9515878229006827,-1215.3670917071101,-0.0205854797337193,-0.01523765891721326,157,84.26519724514617,0.5367210015614405,0.3057324840764331,106,-444.89912338046213,-4.197161541325114,0.27358490566037735,270.881840842336,,480,True,False,False,False,False,False
full_history,fade|short|buffer_points=0|ema_ext=10|end=11:00|max_risk_points=120|min_reward_points=8|or_ext=0|or_location=none|pattern=red_close|rsi_mode=not_bear|start=10:00|stop_mode=fixed|stop_points=30|target_mode=vwap|time_exit=12:00|vwap_ext=10,fade_extreme,short,364,-428.0726388743342,-1.1760237331712478,-35.09,0.4945054945054945,0.9623376404071122,-1615.5396355723772,-0.016822686079312046,-0.014649588102855831,218,-237.1218156487796,-1.0877147506824751,0.518348623853211,146,-190.95082322555513,-1.3078823508599666,0.4589041095890411,270.881840842336,,480,True,False,False,False,False,False
full_history,fade|long|buffer_points=8|ema_ext=10|end=11:00|max_risk_points=120|min_reward_points=8|or_ext=0|or_location=beyond_or|pattern=green_close|rr=1.5|rsi_mode=not_bull|start=10:00|stop_mode=signal_extreme|target_mode=rr|time_exit=12:00|vwap_ext=10,fade_extreme,long,229,-437.11000000000115,-1.9087772925764241,-33.34,0.4148471615720524,0.9405580426351313,-1381.8900000000026,-0.027915747037651588,-0.019281746851051964,137,-489.08000000000084,-3.569927007299276,0.40145985401459855,92,51.9699999999996,0.5648913043478218,0.43478260869565216,183.66,,480,True,False,False,False,False,False
full_history,inverse_orb|short|buffer_points=0|confirm_pattern=break_prev|end=12:00|max_risk_points=120|max_stop=80|min_reward_points=8|or_class=tight|start=09:45|stop_mode=fixed|stop_points=30|target_mode=fixed|target_points=30|time_exit=12:00|touch_tolerance=5,inverse_orb,short,101,-439.3400000000005,-4.349900990099015,-39.84,0.48514851485148514,0.8610861674276241,-932.2000000000013,-0.07360444132143819,-0.03376323789784611,60,-643.4000000000003,-10.723333333333338,0.43333333333333335,41,204.05999999999977,4.9770731707317015,0.5609756097560976,57.66,,480,True,False,False,False,False,False
full_history,inverse_orb|short|buffer_points=0|confirm_pattern=simple|end=12:00|max_risk_points=120|max_stop=80|min_reward_points=8|or_class=tight|start=09:45|stop_mode=fixed|stop_points=30|target_mode=fixed|target_points=30|time_exit=12:00|touch_tolerance=5,inverse_orb,short,101,-439.3400000000005,-4.349900990099015,-39.84,0.48514851485148514,0.8610861674276241,-932.2000000000013,-0.07360444132143819,-0.03376323789784611,60,-643.4000000000003,-10.723333333333338,0.43333333333333335,41,204.05999999999977,4.9770731707317015,0.5609756097560976,57.66,,480,True,False,False,False,False,False
full_history,fade|long|buffer_points=0|ema_ext=0|end=11:00|max_risk_points=120|min_reward_points=8|or_ext=0|or_location=none|pattern=close_prev_high|rsi_mode=not_bull|start=09:45|stop_mode=fixed|stop_points=30|target_mode=or_mid|time_exit=12:00|vwap_ext=0,fade_extreme,long,254,-451.1100000000019,-1.7760236220472516,-62.34,0.452755905511811,0.947940396479736,-1433.070000000002,-0.02350157740300985,-0.017095950523755527,152,-750.930000000001,-4.940328947368427,0.45394736842105265,102,299.81999999999937,2.939411764705876,0.45098039215686275,332.16,,480,True,False,False,False,False,False
full_history,fade|short|buffer_points=0|ema_ext=10|end=11:00|max_risk_points=120|min_reward_points=8|or_ext=0|or_location=none|pattern=red_close|rr=1.5|rsi_mode=not_bear|start=10:00|stop_mode=fixed|stop_points=30|target_mode=rr|time_exit=12:00|vwap_ext=10,fade_extreme,short,366,-461.4400000000019,-1.2607650273224096,-62.34,0.412568306010929,0.9649444279842887,-1670.940000000004,-0.017397061802960495,-0.015191331130754167,219,-351.4600000000016,-1.6048401826484093,0.4155251141552511,147,-109.9800000000007,-0.7481632653061272,0.40816326530612246,87.66,,480,True,False,False,False,False,False
full_history,fade|long|buffer_points=8|ema_ext=20|end=11:00|max_risk_points=120|min_reward_points=8|or_ext=0|or_location=beyond_or|pattern=green_close|rr=1.5|rsi_mode=not_bull|start=10:00|stop_mode=signal_extreme|target_mode=rr|time_exit=12:00|vwap_ext=20,fade_extreme,long,214,-477.01000000000107,-2.22901869158879,-33.59,0.411214953271028,0.9307611469313455,-1444.5800000000029,-0.03254932434217986,-0.021733428660242995,128,-586.0200000000004,-4.578281250000003,0.390625,86,109.00999999999974,1.2675581395348807,0.4418604651162791,183.66,,480,True,False,False,False,False,False
full_history,fade|long|buffer_points=8|ema_ext=0|end=11:00|max_risk_points=120|min_reward_points=8|or_ext=0|or_location=beyond_or|pattern=green_close|rr=1.5|rsi_mode=not_bull|start=10:00|stop_mode=signal_extreme|target_mode=rr|time_exit=12:00|vwap_ext=0,fade_extreme,long,235,-477.4000000000008,-2.031489361702131,-32.34,0.4085106382978723,0.9361060847778834,-1500.3400000000029,-0.0300157093049467,-0.021002061366763303,141,-604.6900000000005,-4.288581560283691,0.3971631205673759,94,127.2899999999996,1.3541489361702084,0.425531914893617,183.66,,480,True,False,False,False,False,False
full_history,inverse_orb|long|buffer_points=0|confirm_pattern=break_prev|end=12:00|max_risk_points=120|max_stop=80|min_reward_points=8|or_class=all|rr=1.5|start=09:45|stop_mode=fixed|stop_points=30|target_mode=rr|time_exit=12:00|touch_tolerance=5,inverse_orb,long,309,-509.56000000000154,-1.649061488673144,-62.34,0.4174757281553398,0.9543821954844133,-1392.0400000000036,-0.022792580203428944,-0.01828740624889902,185,-532.9000000000008,-2.8805405405405446,0.41081081081081083,124,23.339999999999236,0.18822580645160675,0.4274193548387097,87.66,,480,True,False,False,False,False,False
full_history,inverse_orb|long|buffer_points=0|confirm_pattern=simple|end=12:00|max_risk_points=120|max_stop=80|min_reward_points=8|or_class=all|rr=1.5|start=09:45|stop_mode=fixed|stop_points=30|target_mode=rr|time_exit=12:00|touch_tolerance=5,inverse_orb,long,309,-509.56000000000154,-1.649061488673144,-62.34,0.4174757281553398,0.9543821954844133,-1392.0400000000036,-0.022792580203428944,-0.01828740624889902,185,-532.9000000000008,-2.8805405405405446,0.41081081081081083,124,23.339999999999236,0.18822580645160675,0.4274193548387097,87.66,,480,True,False,False,False,False,False
full_history,fade|short|buffer_points=0|ema_ext=20|end=11:00|max_risk_points=120|min_reward_points=8|or_ext=0|or_location=none|pattern=red_close|rsi_mode=not_bear|start=10:00|stop_mode=fixed|stop_points=30|target_mode=vwap|time_exit=12:00|vwap_ext=20,fade_extreme,short,318,-516.4081992445051,-1.6239251548569342,-62.34,0.4276729559748428,0.9538050145234129,-1076.1386470073,-0.02158170297963658,-0.017566233548190716,190,-424.04256835169,-2.231802991324684,0.43157894736842106,128,-92.36563089281515,-0.7216064913501183,0.421875,263.77794848533466,,480,True,False,False,False,False,False
full_history,fade|short|buffer_points=8|ema_ext=10|end=11:00|max_risk_points=120|min_reward_points=8|or_ext=0|or_location=none|pattern=red_close|rsi_mode=not_bear|start=10:00|stop_mode=signal_extreme|target_mode=or_mid|time_exit=12:00|vwap_ext=10,fade_extreme,short,297,-532.2300000000008,-1.7920202020202047,-33.34,0.3164983164983165,0.9407119511820178,-1816.7100000000019,-0.023578017701625438,-0.018546625190832916,178,14.479999999999393,0.08134831460673816,0.34269662921348315,119,-546.7100000000007,-4.594201680672275,0.2773109243697479,430.66,,480,True,False,False,False,False,False
full_history,ema_pullback|long|buffer_points=8|confirm_pattern=break_prev|end=11:00|max_risk_points=120|min_reward_points=8|min_slope=0|rr=1.5|rsi_threshold=50|start=09:45|stop_mode=signal_extreme|target_mode=rr|time_exit=12:00|touch_tolerance=5,ema_pullback,long,139,-592.2600000000004,-4.260863309352521,-41.34,0.37410071942446044,0.8836099658450881,-1710.1899999999987,-0.053594270835082926,-0.02884065690067028,83,-911.7200000000006,-10.984578313253019,0.3614457831325301,56,319.4599999999998,5.704642857142853,0.39285714285714285,326.16,,480,True,False,False,False,False,False
full_history,fade|short|buffer_points=8|ema_ext=20|end=11:00|max_risk_points=120|min_reward_points=8|or_ext=0|or_location=beyond_or|pattern=red_close|rsi_mode=not_bear|start=10:00|stop_mode=signal_extreme|target_mode=vwap|time_exit=12:00|vwap_ext=20,fade_extreme,short,250,-619.4002851728083,-2.477601140691233,-33.34,0.272,0.913928907982512,-1444.192196909416,-0.03749445722807135,-0.027059293717182378,150,-149.14554577297596,-0.9943036384865064,0.28,100,-470.2547393998325,-4.702547393998325,0.26,231.68890086904517,,480,True,False,False,False,False,False
full_history,fade|long|buffer_points=0|ema_ext=20|end=11:00|max_risk_points=120|min_reward_points=8|or_ext=0|or_location=beyond_or|pattern=green_close|rr=1.5|rsi_mode=not_bull|start=10:00|stop_mode=fixed|stop_points=30|target_mode=rr|time_exit=12:00|vwap_ext=20,fade_extreme,long,215,-656.1000000000009,-3.0516279069767487,-62.34,0.4,0.9184143966694266,-1902.720000000002,-0.041718162652965005,-0.027920538119177666,129,-991.8600000000005,-7.68883720930233,0.3643410852713178,86,335.75999999999954,3.9041860465116227,0.45348837209302323,87.66,,480,True,False,False,False,False,False
full_history,fade|short|buffer_points=8|ema_ext=10|end=11:00|max_risk_points=120|min_reward_points=8|or_ext=0|or_location=beyond_or|pattern=red_close|rr=1.5|rsi_mode=not_bear|start=10:00|stop_mode=signal_extreme|target_mode=rr|time_exit=12:00|vwap_ext=10,fade_extreme,short,263,-686.9200000000011,-2.6118631178707266,-31.34,0.38022813688212925,0.8971356350480384,-1638.8899999999994,-0.048298851571143296,-0.035751482882795116,157,-385.3800000000007,-2.4546496815286667,0.3821656050955414,106,-301.5400000000003,-2.8447169811320783,0.37735849056603776,272.16,,480,True,False,False,False,False,False
full_history,fade|short|buffer_points=0|ema_ext=0|end=11:00|max_risk_points=120|min_reward_points=8|or_ext=0|or_location=none|pattern=close_prev_low|rr=1.5|rsi_mode=not_bear|start=10:00|stop_mode=fixed|stop_points=30|target_mode=rr|time_exit=12:00|vwap_ext=0,fade_extreme,short,356,-725.0400000000016,-2.0366292134831503,-62.34,0.40730337078651685,0.9438007509355684,-1271.500000000002,-0.028179330679320116,-0.024268059649906085,213,-68.42000000000087,-0.3212206572769994,0.4225352112676056,143,-656.6200000000007,-4.591748251748257,0.38461538461538464,87.66,,480,True,False,False,False,False,False
full_history,fade|short|buffer_points=8|ema_ext=20|end=11:00|max_risk_points=120|min_reward_points=8|or_ext=0|or_location=none|pattern=red_close|rsi_mode=not_bear|start=10:00|stop_mode=signal_extreme|target_mode=or_mid|time_exit=12:00|vwap_ext=20,fade_extreme,short,282,-760.3800000000011,-2.6963829787234084,-32.84,0.28368794326241137,0.9111153193339785,-2210.3300000000013,-0.03678674185513185,-0.028196503703220268,169,-484.2100000000007,-2.865147928994087,0.2781065088757396,113,-276.1700000000004,-2.4439823008849593,0.2920353982300885,327.16,,480,True,False,False,False,False,False
full_history,fade|short|buffer_points=8|ema_ext=0|end=11:00|max_risk_points=120|min_reward_points=8|or_ext=0|or_location=beyond_or|pattern=red_close|rr=1.5|rsi_mode=not_bear|start=10:00|stop_mode=signal_extreme|target_mode=rr|time_exit=12:00|vwap_ext=0,fade_extreme,short,267,-774.0300000000009,-2.898988764044947,-30.84,0.3707865168539326,0.8869636457630531,-1522.6399999999985,-0.05310999656821991,-0.03961058763586711,160,-405.4000000000006,-2.533750000000004,0.375,107,-368.63000000000045,-3.445140186915892,0.3644859813084112,272.16,,480,True,False,False,False,False,False
full_history,inverse_orb|long|buffer_points=0|confirm_pattern=break_prev|end=11:00|max_risk_points=120|max_stop=80|min_reward_points=8|or_class=all|rr=1.5|start=09:45|stop_mode=fixed|stop_points=30|target_mode=rr|time_exit=12:00|touch_tolerance=5,inverse_orb,long,280,-786.7000000000013,-2.8096428571428618,-62.34,0.4035714285714286,0.924434096196442,-1590.140000000004,-0.038527017654048805,-0.029425495783429772,168,-324.6200000000009,-1.9322619047619103,0.4107142857142857,112,-462.0800000000006,-4.125714285714291,0.39285714285714285,87.66,,480,True,False,False,False,False,False
full_history,inverse_orb|long|buffer_points=0|confirm_pattern=simple|end=11:00|max_risk_points=120|max_stop=80|min_reward_points=8|or_class=all|rr=1.5|start=09:45|stop_mode=fixed|stop_points=30|target_mode=rr|time_exit=12:00|touch_tolerance=5,inverse_orb,long,280,-786.7000000000013,-2.8096428571428618,-62.34,0.4035714285714286,0.924434096196442,-1590.140000000004,-0.038527017654048805,-0.029425495783429772,168,-324.6200000000009,-1.9322619047619103,0.4107142857142857,112,-462.0800000000006,-4.125714285714291,0.39285714285714285,87.66,,480,True,False,False,False,False,False
full_history,fade|short|buffer_points=0|ema_ext=20|end=11:00|max_risk_points=120|min_reward_points=8|or_ext=0|or_location=beyond_or|pattern=red_close|rsi_mode=not_bear|start=10:00|stop_mode=fixed|stop_points=30|target_mode=vwap|time_exit=12:00|vwap_ext=20,fade_extreme,short,251,-802.220266638154,-3.196096679833283,-62.34,0.3705179282868526,0.9178828743094987,-1819.9207066291256,-0.03937143141447282,-0.028470654208828154,150,-671.054899279189,-4.473699328527927,0.37333333333333335,101,-131.16536735896506,-1.2986670035541095,0.36633663366336633,231.68890086904517,,480,True,False,False,False,False,False
full_history,inverse_orb|short|buffer_points=0|confirm_pattern=break_prev|end=12:00|max_risk_points=120|max_stop=80|min_reward_points=8|or_class=tight|rr=1.5|start=09:45|stop_mode=fixed|stop_points=30|target_mode=rr|time_exit=12:00|touch_tolerance=5,inverse_orb,short,101,-817.3400000000006,-8.092475247524758,-62.34,0.37623762376237624,0.7876167362190191,-1326.600000000001,-0.1152524841629319,-0.052867693460468164,60,-661.4000000000002,-11.023333333333337,0.36666666666666664,41,-155.94000000000025,-3.8034146341463475,0.3902439024390244,87.66,,480,True,False,False,False,False,False
full_history,inverse_orb|short|buffer_points=0|confirm_pattern=simple|end=12:00|max_risk_points=120|max_stop=80|min_reward_points=8|or_class=tight|rr=1.5|start=09:45|stop_mode=fixed|stop_points=30|target_mode=rr|time_exit=12:00|touch_tolerance=5,inverse_orb,short,101,-817.3400000000006,-8.092475247524758,-62.34,0.37623762376237624,0.7876167362190191,-1326.600000000001,-0.1152524841629319,-0.052867693460468164,60,-661.4000000000002,-11.023333333333337,0.36666666666666664,41,-155.94000000000025,-3.8034146341463475,0.3902439024390244,87.66,,480,True,False,False,False,False,False
full_history,fade|short|buffer_points=8|ema_ext=10|end=11:00|max_risk_points=120|min_reward_points=8|or_ext=0|or_location=none|pattern=red_close|rsi_mode=not_bear|start=09:45|stop_mode=signal_extreme|target_mode=or_mid|time_exit=12:00|vwap_ext=10,fade_extreme,short,315,-947.6000000000014,-3.008253968253973,-31.84,0.3682539682539683,0.8907370979607173,-2230.5299999999993,-0.04651401408073223,-0.03768065801241471,189,-314.2600000000009,-1.6627513227513275,0.3915343915343915,126,-633.3400000000006,-5.026507936507941,0.3333333333333333,430.66,,480,True,False,False,False,False,False
full_history,fade|short|buffer_points=8|ema_ext=10|end=11:00|max_risk_points=120|min_reward_points=8|or_ext=0|or_location=none|pattern=close_prev_low|rr=1.5|rsi_mode=not_bear|start=10:00|stop_mode=signal_extreme|target_mode=rr|time_exit=12:00|vwap_ext=10,fade_extreme,short,312,-948.0800000000015,-3.0387179487179536,-34.59,0.38782051282051283,0.8978795640643945,-1747.1800000000026,-0.04917653519461496,-0.039647390190726085,187,-548.0800000000008,-2.9309090909090956,0.40106951871657753,125,-400.00000000000057,-3.2000000000000046,0.368,231.66,,480,True,False,False,False,False,False
full_history,fade|short|buffer_points=0|ema_ext=20|end=11:00|max_risk_points=120|min_reward_points=8|or_ext=0|or_location=none|pattern=red_close|rr=1.5|rsi_mode=not_bear|start=10:00|stop_mode=fixed|stop_points=30|target_mode=rr|time_exit=12:00|vwap_ext=20,fade_extreme,short,318,-955.6200000000013,-3.0050943396226453,-62.34,0.39308176100628933,0.9188992389112559,-1745.859999999997,-0.04138274322772193,-0.033683112638927266,190,-739.1000000000009,-3.890000000000005,0.3894736842105263,128,-216.52000000000095,-1.6915625000000074,0.3984375,87.66,,480,True,False,False,False,False,False
full_history,ema_pullback|short|buffer_points=0|confirm_pattern=break_prev|end=12:00|max_risk_points=120|min_reward_points=8|min_slope=0|rsi_threshold=50|start=09:45|stop_mode=fixed|stop_points=30|target_mode=fixed|target_points=30|time_exit=12:00|touch_tolerance=5,ema_pullback,short,169,-1000.4600000000007,-5.919881656804738,-33.84,0.46745562130177515,0.8129491829637654,-1616.2800000000002,-0.10174422286229609,-0.06037157312063844,101,-542.3400000000005,-5.369702970297035,0.4752475247524752,68,-458.12000000000035,-6.737058823529416,0.45588235294117646,57.66,,480,True,False,False,False,False,False
full_history,fade|short|buffer_points=8|ema_ext=20|end=11:00|max_risk_points=120|min_reward_points=8|or_ext=0|or_location=beyond_or|pattern=red_close|rr=1.5|rsi_mode=not_bear|start=10:00|stop_mode=signal_extreme|target_mode=rr|time_exit=12:00|vwap_ext=20,fade_extreme,short,250,-1054.0000000000007,-4.216000000000003,-31.34,0.356,0.8369617339599112,-1960.3599999999983,-0.07875657911927997,-0.05683766519371293,150,-630.2500000000006,-4.201666666666671,0.35333333333333333,100,-423.75000000000045,-4.237500000000004,0.36,272.16,,480,True,False,False,False,False,False
full_history,fade|short|buffer_points=0|ema_ext=10|end=11:00|max_risk_points=120|min_reward_points=8|or_ext=0|or_location=beyond_or|pattern=red_close|rsi_mode=not_bear|start=10:00|stop_mode=fixed|stop_points=30|target_mode=vwap|time_exit=12:00|vwap_ext=10,fade_extreme,short,264,-1059.749366777236,-4.01420214688347,-62.34,0.375,0.8959152425181466,-1969.879709360486,-0.050008528388264646,-0.03708731725749288,158,-1003.779615437641,-6.353035540744563,0.37341772151898733,106,-55.96975133959489,-0.52801652207165,0.37735849056603776,270.881840842336,,480,True,False,False,False,False,False
full_history,fade|long|buffer_points=0|ema_ext=0|end=11:00|max_risk_points=120|min_reward_points=8|or_ext=0|or_location=none|pattern=close_prev_high|rr=1.5|rsi_mode=not_bull|start=09:45|stop_mode=fixed|stop_points=30|target_mode=rr|time_exit=12:00|vwap_ext=0,fade_extreme,long,315,-1083.1000000000017,-3.4384126984127037,-62.34,0.4,0.908073663287009,-2466.7199999999953,-0.04727308696817626,-0.03829557733175427,189,-878.2600000000015,-4.646878306878315,0.3968253968253968,126,-204.84000000000046,-1.6257142857142894,0.40476190476190477,87.66,,480,True,False,False,False,False,False
full_history,fade|long|buffer_points=0|ema_ext=0|end=11:00|max_risk_points=120|min_reward_points=8|or_ext=0|or_location=beyond_or|pattern=close_prev_high|rsi_mode=not_bull|start=09:45|stop_mode=fixed|stop_points=30|target_mode=vwap|time_exit=12:00|vwap_ext=0,fade_extreme,long,210,-1101.5049001430375,-5.24526142925256,-62.34,0.35714285714285715,0.8691162085881438,-1400.6680667710543,-0.06092447257700553,-0.04029775079913277,126,-670.1271248086312,-5.318469244512945,0.373015873015873,84,-431.3777753344066,-5.1354497063619835,0.3333333333333333,413.30360224431587,,480,True,False,False,False,False,False
full_history,ema_pullback|short|buffer_points=8|confirm_pattern=break_prev|end=12:00|max_risk_points=120|min_reward_points=8|min_slope=0|rsi_threshold=50|start=09:45|stop_mode=signal_extreme|target_mode=fixed|target_points=30|time_exit=12:00|touch_tolerance=5,ema_pullback,short,167,-1126.2800000000009,-6.744191616766472,-32.84,0.41317365269461076,0.7738992877389923,-1592.8999999999983,-0.12185363258035,-0.07187470866746026,100,-780.5000000000005,-7.805000000000004,0.4,67,-345.7800000000002,-5.160895522388063,0.43283582089552236,57.66,,480,True,False,False,False,False,False
full_history,fade|short|buffer_points=0|ema_ext=20|end=11:00|max_risk_points=120|min_reward_points=8|or_ext=0|or_location=none|pattern=red_close|rsi_mode=not_bear|start=10:00|stop_mode=fixed|stop_points=30|target_mode=or_mid|time_exit=12:00|vwap_ext=20,fade_extreme,short,283,-1161.4700000000016,-4.10413427561838,-62.34,0.3568904593639576,0.8962637924043303,-2371.6699999999983,-0.047695682439309404,-0.036622810199281874,169,-1412.7100000000007,-8.359230769230773,0.3431952662721893,114,251.2399999999995,2.2038596491228026,0.37719298245614036,327.16,,480,True,False,False,False,False,False
full_history,fade|short|buffer_points=0|ema_ext=10|end=11:00|max_risk_points=120|min_reward_points=8|or_ext=0|or_location=none|pattern=red_close|rsi_mode=not_bear|start=10:00|stop_mode=fixed|stop_points=30|target_mode=or_mid|time_exit=12:00|vwap_ext=10,fade_extreme,short,298,-1183.8200000000015,-3.972550335570475,-62.34,0.38926174496644295,0.89406892651525,-2530.879999999997,-0.04660881679658171,-0.03672447462032984,178,-1019.2700000000007,-5.726235955056183,0.4044943820224719,120,-164.55000000000095,-1.3712500000000079,0.36666666666666664,430.66,,480,True,False,False,False,False,False
full_history,ema_pullback|short|buffer_points=8|confirm_pattern=break_prev|end=12:00|max_risk_points=120|min_reward_points=8|min_slope=2|rsi_threshold=50|start=09:45|stop_mode=signal_extreme|target_mode=fixed|target_points=30|time_exit=12:00|touch_tolerance=5,ema_pullback,short,140,-1214.6000000000008,-8.675714285714292,-33.84,0.40714285714285714,0.7225496377109542,-1630.699999999998,-0.15477827282396941,-0.08358982099329783,84,-816.5600000000004,-9.720952380952387,0.39285714285714285,56,-398.04000000000013,-7.107857142857145,0.42857142857142855,57.66,,480,True,False,False,False,False,False
full_history,fade|short|buffer_points=0|ema_ext=0|end=11:00|max_risk_points=120|min_reward_points=8|or_ext=0|or_location=beyond_or|pattern=red_close|rsi_mode=not_bear|start=10:00|stop_mode=fixed|stop_points=30|target_mode=vwap|time_exit=12:00|vwap_ext=0,fade_extreme,short,267,-1218.4609140608839,-4.56352402269994,-62.34,0.37453183520599254,0.8819181226791455,-1838.9877541750343,-0.05706986689747557,-0.04256394483486775,160,-1034.5204644226465,-6.46575290264154,0.375,107,-183.94044963823777,-1.7190696227872688,0.37383177570093457,270.881840842336,,480,True,False,False,False,False,False
full_history,ema_pullback|long|buffer_points=8|confirm_pattern=simple|end=11:00|max_risk_points=120|min_reward_points=8|min_slope=2|rr=1.5|rsi_threshold=50|start=09:45|stop_mode=signal_extreme|target_mode=rr|time_exit=12:00|touch_tolerance=5,ema_pullback,long,162,-1238.3300000000008,-7.644012345679018,-39.09,0.36419753086419754,0.78803050999483,-1880.6899999999994,-0.10467177537138092,-0.06080880642469829,97,-944.2300000000005,-9.734329896907221,0.36082474226804123,65,-294.10000000000025,-4.524615384615388,0.36923076923076925,326.16,,480,True,False,False,False,False,False
full_history,fade|long|buffer_points=0|ema_ext=10|end=11:00|max_risk_points=120|min_reward_points=8|or_ext=0|or_location=beyond_or|pattern=close_prev_high|rsi_mode=not_bull|start=09:45|stop_mode=fixed|stop_points=30|target_mode=vwap|time_exit=12:00|vwap_ext=10,fade_extreme,long,203,-1251.8720216120023,-6.166857249320208,-62.34,0.3448275862068966,0.8490123260977269,-1549.1840510313878,-0.07102629867971326,-0.04618985337126693,121,-889.5811350060842,-7.351910206661853,0.35537190082644626,82,-362.29088660591833,-4.4181815439746135,0.32926829268292684,413.30360224431587,,480,True,False,False,False,False,False
full_history,fade|long|buffer_points=8|ema_ext=10|end=11:00|max_risk_points=120|min_reward_points=8|or_ext=0|or_location=beyond_or|pattern=green_close|rr=1.5|rsi_mode=not_bull|start=09:45|stop_mode=signal_extreme|target_mode=rr|time_exit=12:00|vwap_ext=10,fade_extreme,long,243,-1258.3700000000013,-5.178477366255149,-34.84,0.37448559670781895,0.8342217034573973,-1678.8000000000015,-0.0832405749819769,-0.0592267074041422,145,-1386.3000000000006,-9.560689655172418,0.3448275862068966,98,127.92999999999944,1.3054081632653003,0.41836734693877553,175.41,,480,True,False,False,False,False,False
full_history,fade|long|buffer_points=0|ema_ext=20|end=11:00|max_risk_points=120|min_reward_points=8|or_ext=0|or_location=beyond_or|pattern=close_prev_high|rsi_mode=not_bull|start=09:45|stop_mode=fixed|stop_points=30|target_mode=vwap|time_exit=12:00|vwap_ext=20,fade_extreme,long,182,-1289.6634273376224,-7.086062787569354,-62.34,0.31868131868131866,0.833164717504214,-1636.5577518389773,-0.0791986502904338,-0.04876776534899039,109,-1012.4495193479921,-9.288527700440294,0.3211009174311927,73,-277.21390798963023,-3.7974507943784963,0.3150684931506849,413.30360224431587,,480,True,False,False,False,False,False
full_history,fade|long|buffer_points=8|ema_ext=0|end=11:00|max_risk_points=120|min_reward_points=8|or_ext=0|or_location=beyond_or|pattern=green_close|rr=1.5|rsi_mode=not_bull|start=09:45|stop_mode=signal_extreme|target_mode=rr|time_exit=12:00|vwap_ext=0,fade_extreme,long,248,-1323.3200000000013,-5.335967741935489,-34.34,0.36693548387096775,0.8277685081305358,-1819.0700000000015,-0.08673460797360098,-0.06234442755509665,148,-1526.5700000000006,-10.314662162162167,0.33783783783783783,100,203.24999999999946,2.0324999999999944,0.41,175.41,,480,True,False,False,False,False,False
full_history,ema_pullback|short|buffer_points=0|confirm_pattern=break_prev|end=12:00|max_risk_points=120|min_reward_points=8|min_slope=2|rsi_threshold=50|start=09:45|stop_mode=fixed|stop_points=30|target_mode=fixed|target_points=30|time_exit=12:00|touch_tolerance=5,ema_pullback,short,143,-1342.6200000000008,-9.388951048951055,-62.34,0.43356643356643354,0.719939758533512,-1721.0599999999993,-0.16207908957960757,-0.08846559209765407,85,-957.4000000000004,-11.263529411764711,0.4235294117647059,58,-385.22000000000025,-6.641724137931039,0.4482758620689655,57.66,,480,True,False,False,False,False,False
full_history,fade|long|buffer_points=8|ema_ext=20|end=11:00|max_risk_points=120|min_reward_points=8|or_ext=0|or_location=beyond_or|pattern=green_close|rr=1.5|rsi_mode=not_bull|start=09:45|stop_mode=signal_extreme|target_mode=rr|time_exit=12:00|vwap_ext=20,fade_extreme,long,226,-1484.840000000001,-6.570088495575226,-35.59,0.35398230088495575,0.793431958754281,-1857.6599999999985,-0.10583027877552512,-0.0726178758222538,135,-1642.6500000000005,-12.167777777777783,0.3111111111111111,91,157.80999999999966,1.7341758241758205,0.4175824175824176,175.41,,480,True,False,False,False,False,False
full_history,ema_pullback|long|buffer_points=8|confirm_pattern=break_prev|end=12:00|max_risk_points=120|min_reward_points=8|min_slope=2|rr=1.5|rsi_threshold=50|start=09:45|stop_mode=signal_extreme|target_mode=rr|time_exit=12:00|touch_tolerance=5,ema_pullback,long,167,-1490.2800000000007,-8.923832335329346,-37.84,0.3532934131736527,0.7407631611906647,-2515.119999999997,-0.12408879232467751,-0.07319310560029557,100,-1655.25,-16.5525,0.31,67,164.96999999999977,2.462238805970146,0.417910447761194,326.16,,480,True,False,False,False,False,False
full_history,ema_pullback|short|buffer_points=8|confirm_pattern=break_prev|end=12:00|max_risk_points=120|min_reward_points=8|min_slope=2|rr=1.5|rsi_threshold=50|start=09:45|stop_mode=signal_extreme|target_mode=rr|time_exit=12:00|touch_tolerance=5,ema_pullback,short,140,-1505.1000000000008,-10.750714285714292,-40.84,0.3357142857142857,0.7107590485085378,-2429.809999999999,-0.15010519633855654,-0.08106607124614883,84,-1620.31,-19.289404761904763,0.2976190476190476,56,115.20999999999975,2.057321428571424,0.39285714285714285,214.41,,480,True,False,False,False,False,False
full_history,fade|short|buffer_points=8|ema_ext=0|end=11:00|max_risk_points=120|min_reward_points=8|or_ext=0|or_location=none|pattern=red_close|rsi_mode=not_bear|start=10:00|stop_mode=signal_extreme|target_mode=or_mid|time_exit=12:00|vwap_ext=0,fade_extreme,short,286,-1508.740000000001,-5.275314685314688,-34.34,0.2972027972027972,0.832405796715076,-2243.899999999996,-0.07017235362701643,-0.05416620900595267,171,-887.8900000000006,-5.192339181286553,0.30994152046783624,115,-620.8500000000006,-5.3986956521739184,0.2782608695652174,430.66,,480,True,False,False,False,False,False
full_history,fade|short|buffer_points=0|ema_ext=20|end=11:00|max_risk_points=120|min_reward_points=8|or_ext=0|or_location=beyond_or|pattern=red_close|rr=1.5|rsi_mode=not_bear|start=10:00|stop_mode=fixed|stop_points=30|target_mode=rr|time_exit=12:00|vwap_ext=20,fade_extreme,short,251,-1515.3400000000015,-6.037211155378492,-62.34,0.3745019920318725,0.8434627566273218,-2647.1999999999966,-0.08358002089293394,-0.060439201423970294,150,-976.0000000000006,-6.50666666666667,0.37333333333333335,101,-539.3400000000006,-5.340000000000006,0.37623762376237624,87.66,,480,True,False,False,False,False,False
full_history,fade|short|buffer_points=8|ema_ext=20|end=11:00|max_risk_points=120|min_reward_points=8|or_ext=0|or_location=none|pattern=red_close|rr=1.5|rsi_mode=not_bear|start=09:45|stop_mode=signal_extreme|target_mode=rr|time_exit=12:00|vwap_ext=20,fade_extreme,short,334,-1574.310000000001,-4.7135029940119795,-30.34,0.36826347305389223,0.8203814374413839,-2277.1099999999938,-0.09201846604191007,-0.07675869878722565,200,-1498.500000000001,-7.492500000000004,0.345,134,-75.81000000000046,-0.5657462686567198,0.40298507462686567,119.16,,480,True,False,False,False,False,False
full_history,ema_pullback|short|buffer_points=8|confirm_pattern=break_prev|end=12:00|max_risk_points=120|min_reward_points=8|min_slope=0|rr=1.5|rsi_threshold=50|start=09:45|stop_mode=signal_extreme|target_mode=rr|time_exit=12:00|touch_tolerance=5,ema_pullback,short,167,-1601.7800000000007,-9.591497005988028,-38.84,0.3473053892215569,0.7329948358576172,-2548.7900000000022,-0.13730494710602645,-0.08098858329347924,100,-1866.5000000000002,-18.665000000000003,0.31,67,264.7199999999997,3.951044776119398,0.40298507462686567,214.41,,480,True,False,False,False,False,False
full_history,fade|short|buffer_points=8|ema_ext=20|end=11:00|max_risk_points=120|min_reward_points=8|or_ext=0|or_location=beyond_or|pattern=red_close|rr=1.5|rsi_mode=not_bear|start=09:45|stop_mode=signal_extreme|target_mode=rr|time_exit=12:00|vwap_ext=20,fade_extreme,short,265,-1652.6000000000008,-6.236226415094342,-31.84,0.3320754716981132,0.7613980578038685,-2144.309999999995,-0.12341358155006782,-0.09169914246031055,159,-1344.06,-8.45320754716981,0.32075471698113206,106,-308.5400000000003,-2.9107547169811347,0.3490566037735849,272.16,,480,True,False,False,False,False,False
full_history,ema_pullback|long|buffer_points=8|confirm_pattern=break_prev|end=12:00|max_risk_points=120|min_reward_points=8|min_slope=0|rr=1.5|rsi_threshold=50|start=09:45|stop_mode=signal_extreme|target_mode=rr|time_exit=12:00|touch_tolerance=5,ema_pullback,long,197,-1659.730000000001,-8.425025380710665,-37.84,0.36548223350253806,0.7555085806879275,-2730.0199999999977,-0.11870917991164466,-0.0760495763585773,118,-1567.6200000000001,-13.284915254237289,0.3559322033898305,79,-92.1100000000003,-1.1659493670886114,0.379746835443038,326.16,,480,True,False,False,False,False,False
full_history,fade|short|buffer_points=0|ema_ext=10|end=11:00|max_risk_points=120|min_reward_points=8|or_ext=0|or_location=beyond_or|pattern=red_close|rr=1.5|rsi_mode=not_bear|start=10:00|stop_mode=fixed|stop_points=30|target_mode=rr|time_exit=12:00|vwap_ext=10,fade_extreme,short,264,-1695.2600000000016,-6.4214393939394,-62.34,0.3712121212121212,0.8332165864523767,-2540.6799999999957,-0.08933530916680232,-0.06625283846870628,158,-1318.2200000000005,-8.343164556962028,0.36075949367088606,106,-377.0400000000009,-3.55698113207548,0.3867924528301887,87.66,,480,True,False,False,False,False,False
full_history,fade|short|buffer_points=8|ema_ext=0|end=11:00|max_risk_points=120|min_reward_points=8|or_ext=0|or_location=none|pattern=red_close|rr=1.5|rsi_mode=not_bear|start=10:00|stop_mode=signal_extreme|target_mode=rr|time_exit=12:00|vwap_ext=0,fade_extreme,short,392,-1723.0300000000013,-4.395484693877554,-31.34,0.38010204081632654,0.843887717085616,-2446.9900000000007,-0.07418209115810363,-0.0670380675165077,235,-1802.9000000000008,-7.671914893617025,0.35319148936170214,157,79.86999999999932,0.5087261146496772,0.42038216560509556,272.16,,480,True,False,False,False,False,False
full_history,fade|short|buffer_points=8|ema_ext=0|end=11:00|max_risk_points=120|min_reward_points=8|or_ext=0|or_location=none|pattern=red_close|rr=1.5|rsi_mode=not_bear|start=09:45|stop_mode=signal_extreme|target_mode=rr|time_exit=12:00|vwap_ext=0,fade_extreme,short,414,-1756.510000000002,-4.242777777777783,-31.34,0.38405797101449274,0.8454823755025198,-2174.8599999999956,-0.07744279518479831,-0.07192180391720483,248,-1309.070000000001,-5.278508064516133,0.375,166,-447.44000000000074,-2.6954216867469922,0.39759036144578314,167.91,,480,True,False,False,False,False,False
full_history,ema_pullback|long|buffer_points=8|confirm_pattern=simple|end=12:00|max_risk_points=120|min_reward_points=8|min_slope=2|rr=1.5|rsi_threshold=50|start=09:45|stop_mode=signal_extreme|target_mode=rr|time_exit=12:00|touch_tolerance=5,ema_pullback,long,229,-1779.860000000002,-7.772314410480358,-33.84,0.37117903930131,0.7620813371545894,-2344.1299999999974,-0.11775140568188527,-0.08133233162814316,137,-1346.3300000000004,-9.827226277372265,0.35036496350364965,92,-433.53000000000037,-4.712282608695657,0.40217391304347827,326.16,,480,True,False,False,False,False,False
full_history,fade|short|buffer_points=0|ema_ext=0|end=11:00|max_risk_points=120|min_reward_points=8|or_ext=0|or_location=none|pattern=red_close|rsi_mode=not_bear|start=10:00|stop_mode=fixed|stop_points=30|target_mode=vwap|time_exit=12:00|vwap_ext=0,fade_extreme,short,309,-1853.782989096264,-5.99929769934066,-62.34,0.4368932038834951,0.8276378046355176,-2486.4184562850674,-0.08314495743445868,-0.06671055231924185,185,-1405.468307840295,-7.597125988325919,0.4486486486486487,124,-448.31468125596905,-3.615440977870718,0.41935483870967744,270.881840842336,,480,True,False,False,False,False,False
full_history,fade|short|buffer_points=0|ema_ext=0|end=11:00|max_risk_points=120|min_reward_points=8|or_ext=0|or_location=beyond_or|pattern=red_close|rr=1.5|rsi_mode=not_bear|start=10:00|stop_mode=fixed|stop_points=30|target_mode=rr|time_exit=12:00|vwap_ext=0,fade_extreme,short,268,-1855.6200000000015,-6.923955223880602,-62.34,0.3694029850746269,0.8209545386126534,-2447.7599999999993,-0.09661820100710401,-0.07219476800710084,160,-1341.400000000001,-8.383750000000006,0.3625,108,-514.2200000000012,-4.761296296296307,0.37962962962962965,87.66,,480,True,False,False,False,False,False
full_history,fade|short|buffer_points=8|ema_ext=20|end=11:00|max_risk_points=120|min_reward_points=8|or_ext=0|or_location=none|pattern=red_close|rsi_mode=not_bear|start=09:45|stop_mode=signal_extreme|target_mode=vwap|time_exit=12:00|vwap_ext=20,fade_extreme,short,335,-1911.9111373642877,-5.707197424968023,-31.84,0.3164179104477612,0.796688685564833,-2666.152112117097,-0.10020311239258194,-0.08371108984936346,201,-1280.3087514053814,-6.369695280623788,0.31343283582089554,134,-631.6023859589068,-4.713450641484379,0.3208955223880597,191.42614246774988,,480,True,False,False,False,False,False
full_history,fade|short|buffer_points=8|ema_ext=20|end=11:00|max_risk_points=120|min_reward_points=8|or_ext=0|or_location=beyond_or|pattern=red_close|rsi_mode=not_bear|start=09:45|stop_mode=signal_extreme|target_mode=vwap|time_exit=12:00|vwap_ext=20,fade_extreme,short,266,-1932.7535778417723,-7.265990894142001,-34.09,0.23684210526315788,0.7573295593655646,-2567.371024105835,-0.11686483683307265,-0.08699695592631274,159,-1424.781405479403,-8.960889342637754,0.22641509433962265,107,-507.9721723623693,-4.747403480022143,0.2523364485981308,231.68890086904517,,480,True,False,False,False,False,False
full_history,fade|short|buffer_points=0|ema_ext=20|end=11:00|max_risk_points=120|min_reward_points=8|or_ext=0|or_location=beyond_or|pattern=red_close|rsi_mode=not_bear|start=10:00|stop_mode=fixed|stop_points=30|target_mode=or_mid|time_exit=12:00|vwap_ext=20,fade_extreme,short,251,-2010.3400000000015,-8.009322709163353,-62.34,0.2908366533864542,0.8172919798382623,-3053.620000000005,-0.08988438473673539,-0.06499807461082452,150,-1476.0000000000002,-9.840000000000002,0.3,101,-534.3400000000009,-5.29049504950496,0.27722772277227725,285.91,,480,True,False,False,False,False,False
full_history,fade|short|buffer_points=8|ema_ext=20|end=11:00|max_risk_points=120|min_reward_points=8|or_ext=0|or_location=none|pattern=red_close|rsi_mode=not_bear|start=09:45|stop_mode=signal_extreme|target_mode=or_mid|time_exit=12:00|vwap_ext=20,fade_extreme,short,301,-2034.090000000001,-6.757774086378741,-32.34,0.2956810631229236,0.7718883311577329,-3125.760000000007,-0.1097825741207163,-0.0869352763045558,180,-1852.9500000000005,-10.29416666666667,0.2722222222222222,121,-181.14000000000044,-1.4970247933884333,0.3305785123966942,253.16,,480,True,False,False,False,False,False
full_history,ema_pullback|short|buffer_points=0|confirm_pattern=break_prev|end=12:00|max_risk_points=120|min_reward_points=8|min_slope=0|rr=1.5|rsi_threshold=50|start=09:45|stop_mode=fixed|stop_points=30|target_mode=rr|time_exit=12:00|touch_tolerance=5,ema_pullback,short,169,-2067.960000000001,-12.236449704142018,-62.34,0.34911242603550297,0.6801249825983382,-2769.960000000002,-0.18472330765416528,-0.10960854937408246,101,-1785.34,-17.676633663366335,0.31683168316831684,68,-282.62000000000023,-4.156176470588239,0.39705882352941174,87.66,,480,True,False,False,False,False,False
full_history,ema_pullback|long|buffer_points=8|confirm_pattern=break_prev|end=12:00|max_risk_points=120|min_reward_points=8|min_slope=2|rsi_threshold=50|start=09:45|stop_mode=signal_extreme|target_mode=fixed|target_points=30|time_exit=12:00|touch_tolerance=5,ema_pullback,long,168,-2084.120000000001,-12.405476190476195,-36.09,0.38095238095238093,0.6077954631849539,-2418.4599999999973,-0.2274574734045067,-0.13456565599233208,100,-1515.5,-15.155,0.35,68,-568.6200000000003,-8.362058823529416,0.4264705882352941,57.66,,480,True,False,False,False,False,False
full_history,ema_pullback|long|buffer_points=0|confirm_pattern=break_prev|end=11:00|max_risk_points=120|min_reward_points=8|min_slope=0|rr=1.5|rsi_threshold=50|start=09:45|stop_mode=fixed|stop_points=30|target_mode=rr|time_exit=12:00|touch_tolerance=5,ema_pullback,long,139,-2153.76,-15.494676258992808,-62.34,0.31654676258992803,0.6246693271526406,-2653.279999999998,-0.22971285921658985,-0.12361526064462953,83,-1444.7200000000003,-17.406265060240965,0.30120481927710846,56,-709.0400000000003,-12.661428571428576,0.3392857142857143,87.66,,480,True,False,False,False,False,False
full_history,fade|short|buffer_points=0|ema_ext=10|end=11:00|max_risk_points=120|min_reward_points=8|or_ext=0|or_location=beyond_or|pattern=red_close|rsi_mode=not_bear|start=10:00|stop_mode=fixed|stop_points=30|target_mode=or_mid|time_exit=12:00|vwap_ext=10,fade_extreme,short,264,-2265.0100000000016,-8.57958333333334,-62.34,0.2916666666666667,0.8028210824683031,-3000.5500000000093,-0.09487798354803897,-0.07036339580476539,158,-1906.7200000000007,-12.067848101265827,0.2911392405063291,106,-358.29000000000076,-3.380094339622649,0.29245283018867924,430.66,,480,True,False,False,False,False,False
full_history,ema_pullback|long|buffer_points=0|confirm_pattern=break_prev|end=12:00|max_risk_points=120|min_reward_points=8|min_slope=2|rsi_threshold=50|start=09:45|stop_mode=fixed|stop_points=30|target_mode=fixed|target_points=30|time_exit=12:00|touch_tolerance=5,ema_pullback,long,168,-2327.620000000001,-13.854880952380958,-62.34,0.4107142857142857,0.5889891862493728,-2726.9599999999987,-0.25401645035440107,-0.15027815865163993,100,-1834.5,-18.345,0.37,68,-493.1200000000003,-7.2517647058823576,0.47058823529411764,57.66,,480,True,False,False,False,False,False
full_history,ema_pullback|short|buffer_points=0|confirm_pattern=break_prev|end=12:00|max_risk_points=120|min_reward_points=8|min_slope=2|rr=1.5|rsi_threshold=50|start=09:45|stop_mode=fixed|stop_points=30|target_mode=rr|time_exit=12:00|touch_tolerance=5,ema_pullback,short,143,-2328.62,-16.284055944055943,-62.34,0.3076923076923077,0.5950690877221047,-3005.300000000004,-0.25074846574553644,-0.1368628830979575,85,-1968.9,-23.163529411764706,0.25882352941176473,58,-359.72000000000025,-6.202068965517245,0.3793103448275862,87.66,,480,True,False,False,False,False,False
full_history,fade|short|buffer_points=0|ema_ext=0|end=11:00|max_risk_points=120|min_reward_points=8|or_ext=0|or_location=beyond_or|pattern=red_close|rsi_mode=not_bear|start=10:00|stop_mode=fixed|stop_points=30|target_mode=or_mid|time_exit=12:00|vwap_ext=0,fade_extreme,short,268,-2395.3700000000026,-8.937947761194039,-62.34,0.291044776119403,0.7950327725771393,-2969.6400000000117,-0.09913074527302933,-0.07407218394421515,160,-2029.4000000000012,-12.683750000000007,0.2875,108,-365.9700000000007,-3.3886111111111177,0.2962962962962963,430.66,,480,True,False,False,False,False,False
full_history,ema_pullback|long|buffer_points=0|confirm_pattern=break_prev|end=12:00|max_risk_points=120|min_reward_points=8|min_slope=2|rr=1.5|rsi_threshold=50|start=09:45|stop_mode=fixed|stop_points=30|target_mode=rr|time_exit=12:00|touch_tolerance=5,ema_pullback,long,168,-2564.120000000001,-15.262619047619053,-62.34,0.34523809523809523,0.5886152513276319,-3129.4600000000037,-0.2476514084221955,-0.14651254906226968,100,-2169.0000000000005,-21.690000000000005,0.29,68,-395.1200000000003,-5.810588235294122,0.4264705882352941,87.66,,480,True,False,False,False,False,False
full_history,fade|short|buffer_points=0|ema_ext=0|end=11:00|max_risk_points=120|min_reward_points=8|or_ext=0|or_location=none|pattern=red_close|rsi_mode=not_bear|start=10:00|stop_mode=fixed|stop_points=30|target_mode=or_mid|time_exit=12:00|vwap_ext=0,fade_extreme,short,287,-2567.8300000000017,-8.947142857142863,-62.34,0.3554006968641115,0.7742547187228017,-3373.6000000000104,-0.10600321011044612,-0.0819670579018062,172,-2116.730000000001,-12.306569767441866,0.36627906976744184,115,-451.1000000000007,-3.92260869565218,0.3391304347826087,430.66,,480,True,False,False,False,False,False
full_history,inverse_orb|short|buffer_points=0|confirm_pattern=break_prev|end=11:00|max_risk_points=120|max_stop=80|min_reward_points=8|or_class=all|or_stop_fraction=0.25|start=09:45|stop_mode=or_fraction|target_mode=fixed|target_points=30|time_exit=12:00|touch_tolerance=5,inverse_orb,short,279,-2588.8600000000015,-9.279068100358428,-29.715,0.36917562724014336,0.6964225407606142,-3214.5650000000055,-0.1705595431061024,-0.1300341750811182,167,-2046.155,-12.2524251497006,0.32335329341317365,112,-542.7050000000004,-4.84558035714286,0.4375,57.66,,480,True,False,False,False,False,False
full_history,inverse_orb|short|buffer_points=0|confirm_pattern=simple|end=11:00|max_risk_points=120|max_stop=80|min_reward_points=8|or_class=all|or_stop_fraction=0.25|start=09:45|stop_mode=or_fraction|target_mode=fixed|target_points=30|time_exit=12:00|touch_tolerance=5,inverse_orb,short,279,-2588.8600000000015,-9.279068100358428,-29.715,0.36917562724014336,0.6964225407606142,-3214.5650000000055,-0.1705595431061024,-0.1300341750811182,167,-2046.155,-12.2524251497006,0.32335329341317365,112,-542.7050000000004,-4.84558035714286,0.4375,57.66,,480,True,False,False,False,False,False
full_history,inverse_orb|short|buffer_points=0|confirm_pattern=break_prev|end=12:00|max_risk_points=120|max_stop=80|min_reward_points=8|or_class=all|or_stop_fraction=0.25|start=09:45|stop_mode=or_fraction|target_mode=fixed|target_points=30|time_exit=12:00|touch_tolerance=5,inverse_orb,short,313,-2599.7950000000014,-8.306054313099047,-28.715,0.3769968051118211,0.7195830086261984,-3165.685000000013,-0.15440801226144096,-0.12468705927587666,187,-2274.330000000001,-12.16219251336899,0.32085561497326204,126,-325.4650000000007,-2.5830555555555614,0.4603174603174603,57.66,,480,True,False,False,False,False,False
full_history,inverse_orb|short|buffer_points=0|confirm_pattern=simple|end=12:00|max_risk_points=120|max_stop=80|min_reward_points=8|or_class=all|or_stop_fraction=0.25|start=09:45|stop_mode=or_fraction|target_mode=fixed|target_points=30|time_exit=12:00|touch_tolerance=5,inverse_orb,short,313,-2599.7950000000014,-8.306054313099047,-28.715,0.3769968051118211,0.7195830086261984,-3165.685000000013,-0.15440801226144096,-0.12468705927587666,187,-2274.330000000001,-12.16219251336899,0.32085561497326204,126,-325.4650000000007,-2.5830555555555614,0.4603174603174603,57.66,,480,True,False,False,False,False,False
full_history,fade|short|buffer_points=0|ema_ext=0|end=11:00|max_risk_points=120|min_reward_points=8|or_ext=0|or_location=none|pattern=red_close|rr=1.5|rsi_mode=not_bear|start=09:45|stop_mode=fixed|stop_points=30|target_mode=rr|time_exit=12:00|vwap_ext=0,fade_extreme,short,417,-2719.2800000000025,-6.521055155875306,-62.34,0.37889688249400477,0.8293256074353395,-3452.4400000000087,-0.09137986275585545,-0.08517220882944221,250,-2003.5000000000011,-8.014000000000005,0.372,167,-715.7800000000005,-4.286107784431141,0.38922155688622756,87.66,,480,True,False,False,False,False,False
full_history,fade|short|buffer_points=0|ema_ext=20|end=11:00|max_risk_points=120|min_reward_points=8|or_ext=0|or_location=none|pattern=red_close|rr=1.5|rsi_mode=not_bear|start=09:45|stop_mode=fixed|stop_points=30|target_mode=rr|time_exit=12:00|vwap_ext=20,fade_extreme,short,336,-2869.7400000000016,-8.540892857142861,-62.34,0.35714285714285715,0.7835618835291506,-3423.2800000000093,-0.11973706691454447,-0.10017921758183515,201,-2266.840000000002,-11.277810945273641,0.3383084577114428,135,-602.9000000000005,-4.46592592592593,0.3851851851851852,87.66,,480,True,False,False,False,False,False
full_history,fade|short|buffer_points=0|ema_ext=0|end=11:00|max_risk_points=120|min_reward_points=8|or_ext=0|or_location=none|pattern=red_close|rr=1.5|rsi_mode=not_bear|start=10:00|stop_mode=fixed|stop_points=30|target_mode=rr|time_exit=12:00|vwap_ext=0,fade_extreme,short,393,-2901.1200000000017,-7.3819847328244315,-62.34,0.37659033078880405,0.8071230545232122,-3291.2800000000184,-0.10440520469125754,-0.0944708462446108,235,-2571.400000000002,-10.942127659574476,0.3574468085106383,158,-329.72000000000077,-2.0868354430379794,0.4050632911392405,87.66,,480,True,False,False,False,False,False
full_history,inverse_orb|short|buffer_points=0|confirm_pattern=break_prev|end=11:00|max_risk_points=120|max_stop=80|min_reward_points=8|or_class=all|start=09:45|stop_mode=fixed|stop_points=30|target_mode=fixed|target_points=30|time_exit=12:00|touch_tolerance=5,inverse_orb,short,279,-2996.8600000000015,-10.741433691756278,-62.34,0.43010752688172044,0.6948226385582159,-3441.4400000000123,-0.18173780772749976,-0.1385564564639759,167,-2374.78,-14.220239520958085,0.40119760479041916,112,-622.0800000000006,-5.55428571428572,0.4732142857142857,57.66,,480,True,False,False,False,False,False
full_history,inverse_orb|short|buffer_points=0|confirm_pattern=simple|end=11:00|max_risk_points=120|max_stop=80|min_reward_points=8|or_class=all|start=09:45|stop_mode=fixed|stop_points=30|target_mode=fixed|target_points=30|time_exit=12:00|touch_tolerance=5,inverse_orb,short,279,-2996.8600000000015,-10.741433691756278,-62.34,0.43010752688172044,0.6948226385582159,-3441.4400000000123,-0.18173780772749976,-0.1385564564639759,167,-2374.78,-14.220239520958085,0.40119760479041916,112,-622.0800000000006,-5.55428571428572,0.4732142857142857,57.66,,480,True,False,False,False,False,False
full_history,inverse_orb|short|buffer_points=0|confirm_pattern=break_prev|end=12:00|max_risk_points=120|max_stop=80|min_reward_points=8|or_class=all|start=09:45|stop_mode=fixed|stop_points=30|target_mode=fixed|target_points=30|time_exit=12:00|touch_tolerance=5,inverse_orb,short,313,-3050.920000000002,-9.747348242811508,-62.34,0.43769968051118213,0.7154480947300085,-3518.8200000000093,-0.16620497650543956,-0.134213305734359,187,-2691.5800000000017,-14.393475935828887,0.39572192513368987,126,-359.3400000000005,-2.8519047619047657,0.5,57.66,,480,True,False,False,False,False,False
full_history,inverse_orb|short|buffer_points=0|confirm_pattern=simple|end=12:00|max_risk_points=120|max_stop=80|min_reward_points=8|or_class=all|start=09:45|stop_mode=fixed|stop_points=30|target_mode=fixed|target_points=30|time_exit=12:00|touch_tolerance=5,inverse_orb,short,313,-3050.920000000002,-9.747348242811508,-62.34,0.43769968051118213,0.7154480947300085,-3518.8200000000093,-0.16620497650543956,-0.134213305734359,187,-2691.5800000000017,-14.393475935828887,0.39572192513368987,126,-359.3400000000005,-2.8519047619047657,0.5,57.66,,480,True,False,False,False,False,False
full_history,inverse_orb|short|buffer_points=0|confirm_pattern=break_prev|end=11:00|max_risk_points=120|max_stop=80|min_reward_points=8|or_class=all|rr=1.5|start=09:45|stop_mode=fixed|stop_points=30|target_mode=rr|time_exit=12:00|touch_tolerance=5,inverse_orb,short,279,-3285.3600000000015,-11.775483870967747,-62.34,0.34050179211469533,0.7097497495375054,-4205.260000000015,-0.1680130474853626,-0.12809273309927266,167,-2362.7800000000007,-14.148383233532938,0.32934131736526945,112,-922.5800000000005,-8.237321428571432,0.35714285714285715,87.66,,480,True,False,False,False,False,False
full_history,inverse_orb|short|buffer_points=0|confirm_pattern=simple|end=11:00|max_risk_points=120|max_stop=80|min_reward_points=8|or_class=all|rr=1.5|start=09:45|stop_mode=fixed|stop_points=30|target_mode=rr|time_exit=12:00|touch_tolerance=5,inverse_orb,short,279,-3285.3600000000015,-11.775483870967747,-62.34,0.34050179211469533,0.7097497495375054,-4205.260000000015,-0.1680130474853626,-0.12809273309927266,167,-2362.7800000000007,-14.148383233532938,0.32934131736526945,112,-922.5800000000005,-8.237321428571432,0.35714285714285715,87.66,,480,True,False,False,False,False,False
full_history,inverse_orb|short|buffer_points=0|confirm_pattern=break_prev|end=12:00|max_risk_points=120|max_stop=80|min_reward_points=8|or_class=all|rr=1.5|start=09:45|stop_mode=fixed|stop_points=30|target_mode=rr|time_exit=12:00|touch_tolerance=5,inverse_orb,short,313,-3556.4200000000023,-11.362364217252404,-62.34,0.3450479233226837,0.7148064986928835,-4526.920000000016,-0.16367011869676928,-0.1321663655450738,187,-2686.580000000002,-14.36673796791445,0.32620320855614976,126,-869.8400000000015,-6.903492063492076,0.373015873015873,87.66,,480,True,False,False,False,False,False
full_history,inverse_orb|short|buffer_points=0|confirm_pattern=simple|end=12:00|max_risk_points=120|max_stop=80|min_reward_points=8|or_class=all|rr=1.5|start=09:45|stop_mode=fixed|stop_points=30|target_mode=rr|time_exit=12:00|touch_tolerance=5,inverse_orb,short,313,-3556.4200000000023,-11.362364217252404,-62.34,0.3450479233226837,0.7148064986928835,-4526.920000000016,-0.16367011869676928,-0.1321663655450738,187,-2686.580000000002,-14.36673796791445,0.32620320855614976,126,-869.8400000000015,-6.903492063492076,0.373015873015873,87.66,,480,True,False,False,False,False,False
