idea_id,entry_time_et,direction,setup_label,human_1c,max_size,entry_price,pdh,pdl,pdc,pdh_dist,pdl_dist,pdc_dist,gap_pts,round_signed,round_abs,ema20_60m,ema50_60m,entry_vs_60m_ema20,pre_entry_pattern,vol_z,vol_3bar_z
1,2025-11-13 09:41:55.866320-05:00,long,pre_or_locked_trade,56.66,3,25347.0,25780.5,25488.75,25625.25,-433.5,-141.75,-278.25,-148.0,-3.0,3.0,25564.133839544556,25575.55838576796,below,red_against,-0.599299696794394,-0.09079911855535311
3,2025-11-14 09:45:59.318167-05:00,short,ema_continuation_candidate,29.0975,4,25040.46875,25501.5,25002.0,25100.0,-461.03125,38.46875,-59.53125,-376.75,-9.53125,9.53125,25356.434301712903,25474.740670777413,below,green_against,-0.12619330739167026,-1.2067027665582066
6,2025-11-17 10:07:07.726037-05:00,short,inverse_orb_candidate,27.82666666666424,1,25138.875,25293.5,24626.0,25105.5,-154.625,512.875,33.375,-107.75,-11.125,11.125,25250.819773195715,25388.63255360173,below,breakout_down,0.5615243238629176,0.28482425278493523
7,2025-11-17 13:58:16.361276-05:00,long,discretionary_or_unclassified,2.4599999999956346,6,24826.075,25293.5,24626.0,25105.5,-467.4249999999993,200.07500000000073,-279.4249999999993,-107.75,-23.924999999999272,23.924999999999272,25209.027407877053,25355.019195473007,below,red_against,1.171508252991685,0.4155616247283969
9,2025-11-18 09:59:02.632250-05:00,long,discretionary_or_unclassified,46.45999999999563,2,24511.45,25254.75,24732.0,24887.75,-743.2999999999993,-220.54999999999927,-376.2999999999993,-169.5,11.450000000000728,11.450000000000728,25114.969656692443,25297.49951623587,below,red_against,-1.4115585533356867,-1.1467310384830123
11,2025-11-19 10:01:52.772502-05:00,short,discretionary_or_unclassified,14.445714285710128,4,24918.035714285714,24832.0,24380.0,24585.0,86.03571428571377,538.0357142857138,333.03571428571377,25.75,18.035714285713766,18.035714285713766,24881.13390023498,25127.758344513124,above,doji,-1.2626522329785907,0.20305115497967716
12,2025-11-19 12:35:11.636672-05:00,long,orb_breakout_or_retest_candidate,32.32666666666424,1,24610.0,24832.0,24380.0,24585.0,-222.0,230.0,25.0,25.75,10.0,10.0,24855.670834432716,25098.063931247987,below,red_against,0.06378184466201489,0.14805675467784243
13,2025-11-20 09:43:58.357097-05:00,short,pre_or_locked_trade,16.19333333333285,4,25238.9,24988.0,24508.0,24724.25,250.90000000000146,730.9000000000015,514.6500000000015,486.0,-11.099999999998545,11.099999999998545,24797.69539859475,25035.97269156117,above,green_against,0.5588884335187541,0.4186980102719858
14,2025-11-20 11:06:59.381765-05:00,long,discretionary_or_unclassified,27.02250000000291,21,24741.50625,24988.0,24508.0,24724.25,-246.49375000000146,233.50624999999854,17.256249999998545,486.0,-8.493750000001455,8.493750000001455,24873.519362568495,25049.920965950932,below,breakout_up,0.609046333330858,1.0424237259777456
16,2025-11-21 10:55:18.597736-05:00,long,discretionary_or_unclassified,10.41,1,24076.375,25310.0,24099.5,24137.75,-1233.625,-23.125,-61.375,65.0,-23.625,23.625,24616.02971071285,24893.192873157663,below,doji,-1.413317290160842,-0.8863938940032863
17,2025-11-21 11:41:57.420672-05:00,short,discretionary_or_unclassified,9.595185185189766,47,24483.76388888889,25310.0,24099.5,24137.75,-826.2361111111095,384.2638888888905,346.0138888888905,65.0,-16.236111111109494,16.236111111109494,24559.431643025913,24859.018642837756,below,doji,-1.1776892033775819,-1.3480908570327979
19,2025-11-24 09:43:58.618162-05:00,short,pre_or_locked_trade,1.146486486486683,31,24900.493243243243,24596.5,23927.25,24313.5,303.99324324324334,973.2432432432433,586.9932432432433,209.0,0.49324324324334157,0.49324324324334157,24494.163185451296,24774.729515490555,above,breakout_down,-1.0518050573788373,-0.6664193110261968
22,2025-11-25 09:39:41.662333-05:00,short,pre_or_locked_trade,18.66,7,24802.7,24993.25,24513.5,24935.25,-190.54999999999927,289.2000000000007,-132.54999999999927,-78.5,2.7000000000007276,2.7000000000007276,24684.847811091113,24796.511246054684,above,rejection_high,-0.7884596590766548,-0.5504102452786008
24,2025-11-26 09:30:34.230578-05:00,short,pre_or_locked_trade,38.66,1,25232.916666666668,25135.75,24602.0,25079.25,97.16666666666788,630.9166666666679,153.66666666666788,142.75,-17.08333333333212,17.08333333333212,24826.6267869009,24835.317977964278,above,unknown,,
25,2025-11-26 11:28:28.900353-05:00,short,discretionary_or_unclassified,9.493333333335759,1,25328.625,25135.75,24602.0,25079.25,192.875,726.625,249.375,142.75,-21.375,21.375,24898.01308406173,24864.79237412235,above,neutral_down,-1.2426507890038472,-1.0740256168356248
27,2025-11-28 09:39:32.875381-05:00,short,pre_or_locked_trade,14.604444444445253,7,25408.722222222223,25375.5,25134.75,25296.75,33.222222222222626,273.9722222222226,111.97222222222263,62.75,8.722222222222626,8.722222222222626,25066.288790343868,24948.56331793238,above,breakout_down,0.8982973258411316,1.0248392935933621
30,2025-12-01 10:02:09.927206-05:00,short,ema_continuation_candidate,21.81384615383664,9,25387.5,25500.25,25329.5,25484.75,-112.75,58.0,-97.25,-230.0,-12.5,12.5,25227.94460647989,25049.933783008433,above,breakout_down,-0.7228553758446644,-0.5182706664079066
31,2025-12-01 13:54:24.917903-05:00,short,discretionary_or_unclassified,44.66,1,25483.0,25500.25,25329.5,25484.75,-17.25,153.5,-1.75,-230.0,-17.0,17.0,25281.413352321084,25093.2945596879,above,doji,-1.089380425800825,-0.9038650156427515
36,2025-12-04 13:07:43.771385-05:00,short,discretionary_or_unclassified,-0.3400000000000001,1,25579.0,25685.75,25430.0,25657.5,-106.75,149.0,-78.5,54.0,-21.0,21.0,25553.71019873014,25369.004337594604,above,breakout_down,0.1973308394366277,-0.24013433299599415
37,2025-12-05 10:06:10.190509-05:00,short,discretionary_or_unclassified,30.16,1,25832.0,25713.25,25487.0,25627.25,118.75,345.0,204.75,52.75,-18.0,18.0,25588.9426386573,25411.420162663275,above,green_against,0.220606719841638,-0.11361364296238688
38,2025-12-05 11:03:18.216427-05:00,long,orb_breakout_or_retest_candidate,9.826666666664241,1,25735.416666666668,25713.25,25487.0,25627.25,22.16666666666788,248.41666666666788,108.16666666666788,52.75,-14.58333333333212,14.58333333333212,25603.638577832793,25424.433097460795,above,doji,-0.8808098908071792,-0.46745328464956637
39,2025-12-05 14:47:39.443075-05:00,long,orb_breakout_or_retest_candidate,22.66,1,25706.25,25713.25,25487.0,25627.25,-7.0,219.25,79.0,52.75,6.25,6.25,25636.10738638971,25458.86410945387,above,red_against,-1.085406433135479,-0.8883126829443695
41,2025-12-08 10:15:08.815176-05:00,long,discretionary_or_unclassified,7.301304347824189,81,25644.377717391304,25867.75,25651.0,25726.0,-223.37228260869597,-6.6222826086959685,-81.62228260869597,65.5,-5.6222826086959685,5.6222826086959685,25662.081045594106,25490.217304152542,below,red_against,0.08719310787934305,-0.5040132858733252
42,2025-12-09 12:04:06.941905-05:00,short,discretionary_or_unclassified,17.535,1,25715.75,25860.75,25563.75,25668.25,-145.0,152.0,47.5,-49.5,15.75,15.75,25657.7905665571,25539.239439492725,above,neutral_down,-0.5264274036804469,-0.14919228281294414
44,2025-12-10 09:57:57.944073-05:00,long,discretionary_or_unclassified,2.4172815534003895,99,25543.13349514563,25738.5,25560.0,25703.0,-195.36650485436985,-16.86650485436985,-159.86650485436985,-55.75,-6.86650485436985,6.86650485436985,25675.129161328296,25564.610973129566,below,rejection_low,-1.084037033804319,-0.23187511099912175
45,2025-12-10 13:18:53.667488-05:00,short,discretionary_or_unclassified,13.302857142855064,3,25774.85714285714,25738.5,25560.0,25703.0,36.3571428571413,214.8571428571413,71.8571428571413,-55.75,24.857142857141298,24.857142857141298,25660.462504992596,25574.161699483622,above,breakout_down,-0.911480798830243,-0.9207056863776029
47,2025-12-11 09:44:16.017757-05:00,long,pre_or_locked_trade,12.570112359546474,84,25435.629213483146,25869.75,25528.25,25800.25,-434.1207865168544,-92.62078651685442,-364.6207865168544,-156.75,-14.370786516854423,14.370786516854423,25684.244986690876,25593.883425549364,below,neutral_up,-1.5042930970641786,-0.48150965897113257
49,2025-12-16 10:09:46.311164-05:00,short,discretionary_or_unclassified,25.16,2,25338.75,25410.0,25034.5,25084.5,-71.25,304.25,254.25,-95.25,-11.25,11.25,25285.046406584977,25415.629637388098,above,breakout_down,-0.389251030173286,-0.5634291071016521
51,2025-12-17 10:46:09.623144-05:00,long,discretionary_or_unclassified,38.91,2,25114.25,25202.25,24926.25,25131.5,-88.0,188.0,-17.25,49.25,14.25,14.25,25180.517696586867,25332.459404616708,below,red_against,1.718707345097785,1.4426240373407306
55,2025-12-23 09:56:46.159842-05:00,short,discretionary_or_unclassified,7.916944444445253,71,25766.253472222223,25795.0,25629.5,25688.5,-28.746527777777374,136.75347222222263,77.75347222222263,-44.0,16.253472222222626,16.253472222222626,25390.68753393798,25295.069392845187,above,breakout_down,0.0794538047169382,-0.04706508425010982
56,2025-12-23 15:49:04.569539-05:00,short,discretionary_or_unclassified,1.66,1,25803.75,25795.0,25629.5,25688.5,8.75,174.25,115.25,-44.0,3.75,3.75,25556.927237700653,25393.397671703155,above,green_against,-0.016584574264698396,-0.41540086543064514
57,2025-12-24 10:09:18.634190-05:00,short,discretionary_or_unclassified,4.535,4,25832.4375,25820.25,25627.25,25811.0,12.1875,205.1875,21.4375,-15.25,-17.5625,17.5625,25602.89848709736,25425.45955776981,above,green_against,-0.7322171019675433,-0.6733366519719153
58,2025-12-26 09:45:25.940260-05:00,short,discretionary_or_unclassified,29.16,2,25931.0,25892.25,25781.75,25861.75,38.75,149.25,69.25,37.5,-19.0,19.0,25688.515154369914,25489.973844988635,above,doji,-0.5882576484048013,-0.5401996054522702
59,2025-12-26 10:25:55.595369-05:00,long,discretionary_or_unclassified,16.16,2,25869.5,25892.25,25781.75,25861.75,-22.75,87.75,7.75,37.5,19.5,19.5,25706.82323490611,25505.298400087122,above,red_against,0.45301148780446704,-0.3606166568049027
61,2025-12-29 10:08:40.806606-05:00,short,discretionary_or_unclassified,9.66,1,25690.5,25935.0,25834.25,25866.25,-244.5,-143.75,-175.75,-159.25,-9.5,9.5,25779.753052249656,25591.083345620165,below,rejection_high,-0.7748654755322878,-0.2673303076719963
62,2025-12-29 13:01:18.006874-05:00,short,orb_breakout_or_retest_candidate,0.6599999999999999,1,25688.25,25935.0,25834.25,25866.25,-246.75,-146.0,-178.0,-159.25,-11.75,11.75,25758.892094307354,25603.330755357045,below,doji,-0.4959532447027963,-0.351871950735635
63,2025-12-30 10:13:56.620036-05:00,long,orb_breakout_or_retest_candidate,7.66,2,25693.5,25818.75,25647.75,25741.25,-125.25,45.75,-47.75,-48.75,-6.5,6.5,25753.125298215396,25623.576844400195,below,doji,0.4018058745649865,0.12417642479286915
64,2025-12-30 12:09:14.661275-05:00,long,orb_breakout_or_retest_candidate,-0.8400000000000001,1,25720.25,25818.75,25647.75,25741.25,-98.5,72.5,-21.0,-48.75,20.25,20.25,25749.205742983577,25631.90484559972,below,neutral_up,-1.244176196039113,-1.0192605033687443
66,2025-12-31 09:52:23.333375-05:00,long,discretionary_or_unclassified,1.16,4,25606.5,25794.0,25668.25,25677.75,-187.5,-61.75,-71.25,0.75,6.5,6.5,25736.503782535892,25643.756837574838,below,breakout_up,0.6688221312475892,0.27397812591169035
67,2026-01-02 09:56:03.642855-05:00,short,discretionary_or_unclassified,140.66,2,25736.0,25692.25,25444.5,25455.0,43.75,291.5,281.0,231.25,-14.0,14.0,25646.311136700486,25623.771750005104,above,green_against,-1.2404782526054587,-1.1540642639510081
68,2026-01-02 10:30:15.713787-05:00,long,discretionary_or_unclassified,109.16,2,25482.5,25692.25,25444.5,25455.0,-209.75,38.0,27.5,231.25,-17.5,17.5,25654.591028443298,25628.065014710788,below,red_against,0.034572514645349925,-0.402573410705457
70,2026-01-05 09:30:41.584305-05:00,short,pre_or_locked_trade,2.7305882352995106,66,25653.03529411765,25803.5,25265.25,25385.25,-150.46470588235024,387.78529411764976,267.78529411764976,257.75,3.035294117649755,3.035294117649755,25519.524184885435,25569.61623382082,above,unknown,,
72,2026-01-06 15:17:30.523276-05:00,short,discretionary_or_unclassified,1.66,1,25815.5,25708.0,25538.5,25587.0,107.5,277.0,228.5,49.0,15.5,15.5,25652.92113948071,25617.804637808986,above,doji,-0.8575321757876366,-0.3916538959543012
73,2026-01-07 10:04:30.256596-05:00,short,discretionary_or_unclassified,11.588571428572468,3,25886.678571428572,25837.75,25608.75,25813.5,48.92857142857247,277.92857142857247,73.17857142857247,-23.0,-13.321428571427532,13.321428571427532,25686.193948645207,25634.558221983614,above,green_against,0.7715991023481977,0.013631401843807567
74,2026-01-08 09:44:51.457624-05:00,long,pre_or_locked_trade,53.66,3,25620.3,25998.0,25770.75,25834.25,-377.7000000000007,-150.45000000000073,-213.95000000000073,-48.0,20.299999999999272,20.299999999999272,25790.82881154649,25695.730286294875,below,doji,-0.8915405330919429,-0.008444473709324106
75,2026-01-09 10:30:11.675840-05:00,short,inverse_orb_candidate,74.66,2,25856.0,25802.75,25569.5,25682.75,53.25,286.5,173.25,31.5,6.0,6.0,25724.248535390572,25687.881166324594,above,doji,0.907370042904088,-0.1729374128261521
76,2026-01-09 12:26:17.794338-05:00,short,inverse_orb_candidate,10.16,1,25915.25,25802.75,25569.5,25682.75,112.5,345.75,232.5,31.5,15.25,15.25,25749.502769333325,25701.268619894407,above,doji,-1.1652470602852643,-1.044709254323713
78,2026-01-12 09:39:15.763764-05:00,short,pre_or_locked_trade,-1.09,2,25952.041666666668,25986.0,25615.75,25932.75,-33.95833333333212,336.2916666666679,19.29166666666788,-187.0,2.0416666666678793,2.0416666666678793,25813.365024872804,25737.010877317007,above,green_against,-0.7947077386769497,-0.8682048037239104
79,2026-01-13 09:46:41.326614-05:00,short,discretionary_or_unclassified,84.91,2,25962.5,26020.5,25743.75,25952.0,-58.0,218.75,10.5,-2.0,12.5,12.5,25887.61480965462,25790.96457116863,above,green_against,-0.6284548596467241,-0.2829822939806051
81,2026-01-14 10:00:18.046975-05:00,long,inverse_orb_candidate,96.16,2,25581.0,26043.0,25803.25,25904.0,-462.0,-222.25,-323.0,-163.5,-19.0,19.0,25864.673490294674,25809.26430087879,below,red_against,1.9265172014351903,-0.1477024714097478
82,2026-01-14 10:26:46.743905-05:00,short,orb_breakout_or_retest_candidate,166.66,1,25663.5,26043.0,25803.25,25904.0,-379.5,-139.75,-240.5,-163.5,13.5,13.5,25864.673490294674,25809.26430087879,below,doji,-1.466203082628377,-1.216216456459577
83,2026-01-14 12:01:38.402792-05:00,long,inverse_orb_candidate,9.16,1,25463.25,26043.0,25803.25,25904.0,-579.75,-340.0,-440.75,-163.5,13.25,13.25,25793.99916098952,25783.604416151473,below,rejection_low,-0.9952430136784209,-0.5969181031930819
85,2026-01-15 09:55:36.631130-05:00,short,discretionary_or_unclassified,33.16,1,25907.5,25791.25,25421.25,25636.75,116.25,486.25,270.75,287.5,7.5,7.5,25707.69960900713,25745.843445720897,above,doji,-0.6130334930373693,-0.294646867470944
86,2026-01-16 09:35:00.665283-05:00,short,pre_or_locked_trade,41.16,1,25832.625,25954.25,25680.75,25718.25,-121.625,151.875,114.375,150.0,-17.375,17.375,25769.27084193071,25768.025534130873,above,doji,-1.0202424205282157,-0.7888006896789047
87,2026-01-16 11:43:34.482257-05:00,short,orb_breakout_or_retest_candidate,14.66,1,25711.0,25954.25,25680.75,25718.25,-243.25,30.25,-7.25,150.0,11.0,11.0,25757.348693734664,25763.123147807855,below,doji,-1.3181111042868356,-1.3665434985900229
89,2026-01-20 10:01:20.785264-05:00,short,discretionary_or_unclassified,17.035,1,25348.1875,25418.0,25236.25,25397.75,-69.8125,111.9375,-49.5625,-155.5,-1.8125,1.8125,25582.975672285356,25678.53255710516,below,doji,-0.7949522362777689,-1.1606701625740912
90,2026-01-21 10:05:49.068050-05:00,short,discretionary_or_unclassified,-15.768571428565192,3,25423.39285714286,25430.0,25099.0,25142.0,-6.607142857141298,324.3928571428587,281.3928571428587,55.0,23.392857142858702,23.392857142858702,25420.46386461375,25577.755363049637,near,rejection_high,-0.9028118948304064,-0.8463878750111493
91,2026-01-21 11:55:03.087982-05:00,long,orb_breakout_or_retest_candidate,8.506153846141533,2,25240.653846153848,25430.0,25099.0,25142.0,-189.34615384615245,141.65384615384755,98.65384615384755,55.0,-9.346153846152447,9.346153846152447,25425.181591793393,25573.529662537887,below,red_against,1.0062588409012483,0.1778320292441662
93,2026-01-22 10:56:25.628149-05:00,short,orb_breakout_or_retest_candidate,-6.268571428572468,5,25683.964285714286,25653.25,25128.5,25471.25,30.714285714286234,555.4642857142862,212.71428571428623,258.5,-16.035714285713766,16.035714285713766,25427.823078694473,25540.213644942898,above,neutral_down,-1.0774187835872737,-0.6341218717641869
94,2026-01-23 10:20:16.571756-05:00,short,discretionary_or_unclassified,2.16,2,25749.416666666668,25732.25,25534.75,25660.75,17.16666666666788,214.66666666666788,88.66666666666788,-53.75,-0.5833333333321207,0.5833333333321207,25546.495272944758,25570.117149940615,above,green_against,1.7342412480229061,-0.11715755457252296
95,2026-01-26 09:58:40.779219-05:00,short,discretionary_or_unclassified,-0.1399999999956345,2,25880.9,25845.5,25562.5,25734.75,35.400000000001455,318.40000000000146,146.15000000000146,14.0,-19.099999999998545,19.099999999998545,25637.74357030816,25608.72996585081,above,neutral_down,-0.5953636257855281,-0.5563894832397486
96,2026-01-27 10:05:07.299025-05:00,short,discretionary_or_unclassified,21.41,4,26056.625,25932.75,25704.25,25844.25,123.875,352.375,212.375,138.5,6.625,6.625,25786.252738878855,25689.122330423907,above,breakout_down,1.227407662267341,-0.43704006452945954
100,2026-01-28 10:00:25.281679-05:00,short,discretionary_or_unclassified,35.16,1,26256.0,26114.5,25917.25,26075.5,141.5,338.75,180.5,177.75,6.0,6.0,25950.77121197239,25791.36221799521,above,doji,-0.5079054698478375,-0.6184001684084888
101,2026-01-28 12:31:02.865287-05:00,long,discretionary_or_unclassified,-5.09,1,26131.25,26114.5,25917.25,26075.5,16.75,214.0,55.75,177.75,-18.75,18.75,25984.822919551098,25818.106184316228,above,red_against,-1.0496880900230214,-0.9759723080905964
102,2026-01-29 10:30:25.310555-05:00,long,inverse_orb_candidate,7.874285714282596,4,25639.178571428572,26305.25,26100.75,26151.0,-666.0714285714275,-461.57142857142753,-511.82142857142753,-18.0,-10.821428571427532,10.821428571427532,26024.27804326523,25867.83017779086,below,doji,0.2867440908786251,-0.7831875806763838
103,2026-01-30 09:38:25.473614-05:00,short,pre_or_locked_trade,55.16,1,25881.0,26177.25,25536.0,25992.75,-296.25,345.0,-111.75,-158.5,-19.0,19.0,25927.20646938631,25852.619713281612,below,green_against,-0.4752021794112753,-0.4468104192427049
104,2026-01-30 11:17:28.271564-05:00,short,orb_breakout_or_retest_candidate,41.16,1,25805.75,26177.25,25536.0,25992.75,-371.5,269.75,-187.0,-158.5,5.75,5.75,25910.493277660902,25851.25564459406,below,breakout_down,-1.0611476114775296,-0.8389289047931191
105,2026-02-02 10:16:20.427572-05:00,short,inverse_orb_candidate,31.66,2,25860.75,25939.25,25568.75,25676.75,-78.5,292.0,184.0,-134.75,10.75,10.75,25820.16438485815,25821.263120220854,above,green_against,-1.1861745954208474,-0.7145298115897588
106,2026-02-03 10:04:07.758503-05:00,long,inverse_orb_candidate,-0.09000000000000008,4,25493.625,25949.0,25540.25,25856.25,-455.375,-46.625,-362.625,78.25,-6.375,6.375,25827.880126864915,25826.60427810278,below,red_against,0.5349346242227175,0.4472317370522558
107,2026-02-03 14:38:28.431381-05:00,long,inverse_orb_candidate,1.66,1,25303.75,25949.0,25540.25,25856.25,-645.25,-236.5,-552.5,78.25,3.75,3.75,25693.474028378932,25767.896786882047,below,doji,-0.3133572105679714,-0.548883294414996
108,2026-02-04 09:49:26.339423-05:00,short,discretionary_or_unclassified,101.41,1,25215.125,25952.5,25218.0,25446.0,-737.375,-2.875,-230.875,-61.0,15.125,15.125,25637.443592391824,25738.27515774848,below,neutral_down,-0.7598440268936628,-0.3835416243188503
109,2026-02-04 12:39:53.408073-05:00,long,discretionary_or_unclassified,11.66,1,24821.75,25952.5,25218.0,25446.0,-1130.75,-396.25,-624.25,-61.0,21.75,21.75,25504.286157025756,25669.186455691637,below,red_against,-0.8986104398994609,-0.897988872059888
110,2026-02-05 13:49:09.496477-05:00,short,orb_breakout_or_retest_candidate,22.66,1,24717.75,25386.5,24784.0,24998.0,-668.75,-66.25,-280.25,-227.0,17.75,17.75,25142.286075358155,25446.93695208755,below,green_against,-1.2153432225390812,-1.0078386897443092
111,2026-02-06 10:50:35.479641-05:00,short,discretionary_or_unclassified,3.0842424242402195,99,25034.46212121212,24961.25,24537.0,24639.0,73.21212121212011,497.4621212121201,395.4621212121201,121.5,-15.53787878787989,15.53787878787989,25006.889719955936,25340.734080824986,above,breakout_down,0.5684579907768433,-0.12652579347429196
112,2026-02-06 13:32:12.993523-05:00,short,inverse_orb_candidate,47.66,1,25092.0,24961.25,24537.0,24639.0,130.75,555.0,453.0,121.5,-8.0,8.0,25005.825622414184,25302.071212240982,above,neutral_down,-1.1704620708291629,-0.9335022102766257
113,2026-02-09 10:59:29.018099-05:00,short,inverse_orb_candidate,5.66,2,25365.25,25221.5,24700.5,25147.5,143.75,664.75,217.75,-89.75,15.25,15.25,25038.803502340274,25272.866309426434,above,breakout_down,-0.8020038104829924,-0.8504851864743028
116,2026-02-10 10:25:56.985680-05:00,short,discretionary_or_unclassified,0.6599999999999999,1,25382.0,25429.0,24955.5,25338.5,-47.0,426.5,43.5,37.75,-18.0,18.0,25204.499360919923,25295.706144572527,above,green_against,-0.1842256286708721,-0.21796032832003168
117,2026-02-11 09:55:11.423520-05:00,short,discretionary_or_unclassified,199.66,1,25312.375,25447.0,25197.5,25219.25,-134.625,114.875,93.125,199.25,12.375,12.375,25252.38504946976,25299.924104937745,above,rejection_high,-1.2003854880686977,-1.165594495206007
118,2026-02-12 09:55:01.363693-05:00,short,discretionary_or_unclassified,105.66,1,25271.5,25465.5,25058.0,25278.25,-194.0,213.5,-6.75,68.5,21.5,21.5,25262.146557914075,25292.643814998282,above,breakout_down,-1.2880416845205633,-0.8416103021713272
119,2026-02-12 12:01:36.779246-05:00,long,discretionary_or_unclassified,0.6599999999999999,1,24839.5,25465.5,25058.0,25278.25,-626.0,-218.5,-438.75,68.5,-10.5,10.5,25199.61254084145,25262.66406352559,below,doji,-0.677098478044627,-0.8699878548395453
120,2026-02-13 10:41:38.674383-05:00,long,orb_breakout_or_retest_candidate,-97.34,1,24825.0,25393.75,24721.5,24764.0,-568.75,103.5,61.0,-21.25,25.0,25.0,25046.25559425807,25181.537607964074,below,doji,-0.9834240498855532,-0.4521309883826832
121,2026-02-13 10:45:00.980024-05:00,short,inverse_orb_candidate,26.16,4,24911.1875,25393.75,24721.5,24764.0,-482.5625,189.6875,147.1875,-21.25,11.1875,11.1875,25046.25559425807,25181.537607964074,below,green_against,-0.6376308975079017,-0.7083484661656867
123,2026-02-17 09:53:59.546958-05:00,short,discretionary_or_unclassified,81.41,1,24618.375,24995.5,24578.75,24803.0,-377.125,39.625,-184.625,-144.25,18.375,18.375,24967.22411992434,25115.602112548608,below,breakout_down,-0.04306403539419134,-0.11520773050069662
124,2026-02-18 11:03:53.001946-05:00,short,discretionary_or_unclassified,110.66,1,25087.75,24889.5,24449.25,24775.75,198.25,638.5,312.0,33.25,-12.25,12.25,24878.410071368082,25018.411737621453,above,rejection_high,-1.3386177403456025,-1.1807905671229373
125,2026-02-19 10:12:22.198450-05:00,short,ema_continuation_candidate,129.16,1,24916.5,25128.5,24752.0,24958.0,-212.0,164.5,-41.5,-124.0,16.5,16.5,24921.02993418327,25010.225038122007,near,doji,0.12860766848299848,-0.6681131026030159
126,2026-02-20 10:19:17.789331-05:00,short,discretionary_or_unclassified,78.66,1,25059.583333333332,24961.75,24748.0,24862.75,97.83333333333212,311.5833333333321,196.83333333333212,-147.5,9.58333333333212,9.58333333333212,24883.560976675748,24970.239044959017,above,neutral_down,-0.424092361183517,0.057951332657034435
127,2026-02-23 09:58:40.905914-05:00,short,discretionary_or_unclassified,80.16,1,24907.75,25139.75,24677.0,25073.75,-232.0,230.75,-166.0,-92.5,7.75,7.75,24968.388265955637,24992.21816076443,below,breakout_down,-1.577844868199235,-1.3521803003478123
129,2026-02-24 10:02:56.184700-05:00,long,discretionary_or_unclassified,63.66,1,24867.0,25040.0,24667.75,24768.5,-173.0,199.25,98.5,36.25,17.0,17.0,24861.89689218771,24932.69583762935,above,rejection_low,-0.8926014599408467,-0.2849167045880615
130,2026-02-24 11:43:01.473556-05:00,short,discretionary_or_unclassified,-0.6733333333357587,5,25054.083333333332,25040.0,24667.75,24768.5,14.08333333333212,386.3333333333321,285.5833333333321,36.25,4.083333333332121,4.083333333332121,24872.78766436031,24934.403843996828,above,doji,-0.8394175869449366,-0.9159547944057662
131,2026-02-25 09:35:29.103516-05:00,short,pre_or_locked_trade,2.3266666666642415,5,25343.027777777777,25080.75,24694.0,25030.0,262.2777777777774,649.0277777777774,313.0277777777774,130.25,-6.972222222222626,6.972222222222626,24934.976809813197,24951.91890343864,above,doji,-0.43222960096502955,-0.5445427702515513
132,2026-02-26 10:30:46.593621-05:00,long,discretionary_or_unclassified,137.66,1,24905.0,25396.75,25156.75,25383.5,-491.75,-251.75,-478.5,-42.25,5.0,5.0,25148.050101997796,25053.826935987825,below,red_against,0.5435439468280326,0.4323473773184323
133,2026-02-26 13:35:05.995992-05:00,long,discretionary_or_unclassified,40.66,1,24971.0,25396.75,25156.75,25383.5,-425.75,-185.75,-412.5,-42.25,21.0,21.0,25100.319474095984,25043.815939510685,below,red_against,-0.3614988809087476,0.36680893001803094
134,2026-02-27 12:57:13.346741-05:00,long,orb_breakout_or_retest_candidate,33.46000000000291,4,24904.35,25342.0,24862.0,25082.75,-437.65000000000146,42.349999999998545,-178.40000000000146,-267.25,4.349999999998545,4.349999999998545,25051.287753386936,25033.334982037133,below,red_against,-1.4147091167928376,-1.2247288151456583
135,2026-03-02 10:27:43.996779-05:00,short,inverse_orb_candidate,8.560000000001455,4,25005.2,25036.75,24780.0,24998.0,-31.549999999999272,225.20000000000073,7.200000000000728,-353.25,5.200000000000728,5.200000000000728,24999.32790591458,25012.829343051046,above,breakout_down,-0.48318461346577346,-0.500394530413064
136,2026-03-03 10:00:36.743049-05:00,short,orb_breakout_or_retest_candidate,6.731428571427532,4,24632.928571428572,25100.0,24605.25,25021.25,-467.07142857142753,27.678571428572468,-388.32142857142753,-486.5,-17.071428571427532,17.071428571427532,24959.457129509654,24993.394619591327,below,green_against,1.7959681871952684,0.23013995525498682
137,2026-03-04 09:31:01.366804-05:00,short,pre_or_locked_trade,29.759999999998545,6,25125.05,24850.25,24350.75,24756.75,274.7999999999993,774.2999999999993,368.2999999999993,96.25,-24.950000000000728,24.950000000000728,24842.40002408425,24928.76479005671,above,neutral_down,,
138,2026-03-05 10:19:26.530576-05:00,short,discretionary_or_unclassified,82.16,1,25067.75,25217.0,24813.5,25120.5,-149.25,254.25,-52.75,-132.75,17.75,17.75,25007.702982828654,24985.530614840907,above,neutral_down,-1.1714703659770302,-0.5760396743820122
139,2026-03-06 11:17:57.247233-05:00,short,discretionary_or_unclassified,38.16,1,24819.25,25208.25,24774.0,25048.0,-389.0,45.25,-228.75,-362.75,19.25,19.25,24940.090972145583,24960.395047494494,below,breakout_down,-0.6741472847936303,-0.4216171809388723
140,2026-03-09 10:01:05.731506-04:00,short,discretionary_or_unclassified,2.6140816326552887,97,24632.47193877551,24921.0,24605.0,24667.75,-288.52806122448965,27.471938775510353,-35.27806122448965,-234.25,-17.528061224489647,17.528061224489647,24829.00836399883,24906.77964775983,below,doji,-1.1743283725948725,-1.1815299811656705
143,2026-03-10 10:55:50.113049-04:00,short,discretionary_or_unclassified,39.66,1,25133.0,25055.0,24313.25,24991.5,78.0,819.75,141.5,-0.75,-17.0,17.0,24793.93900954488,24866.71782829931,above,green_against,-1.7007274865424216,-1.579733394655803
144,2026-03-10 13:36:49.332421-04:00,short,discretionary_or_unclassified,24.66,1,25114.625,25055.0,24313.25,24991.5,59.625,801.375,123.125,-0.75,14.625,14.625,24886.889716711838,24899.006820767172,above,doji,0.17685940797511862,0.4121814422301044
146,2026-03-11 10:24:38.002834-04:00,short,discretionary_or_unclassified,2.9599999999956346,1,24971.6,25217.75,24892.5,24985.75,-246.15000000000146,79.09999999999854,-14.150000000001455,48.75,21.599999999998545,21.599999999998545,24946.84316602446,24924.321039443683,above,rejection_high,0.0420337966696795,-0.025299532750887234
148,2026-03-12 09:51:49.843583-04:00,short,discretionary_or_unclassified,122.66,1,24732.625,25180.0,24873.75,24984.0,-447.375,-141.125,-251.375,-208.25,-17.375,17.375,24962.037194930967,24936.672756158703,below,rejection_high,-0.6605344604478606,0.10725857854924177
149,2026-03-13 09:45:09.274633-04:00,short,discretionary_or_unclassified,50.66,1,24766.0,24834.75,24543.0,24555.75,-68.75,223.0,210.25,90.5,16.0,16.0,24790.01769503686,24860.3208091176,below,green_against,0.4774634549117753,0.6320805296660363
150,2026-03-16 10:48:26.219151-04:00,short,discretionary_or_unclassified,8.91,1,24657.875,24805.0,24350.75,24398.0,-147.125,307.125,259.875,258.0,7.875,7.875,24629.493300508388,24760.902091764914,above,green_against,0.03605237945637236,0.27505365536397897
153,2026-03-18 09:46:17.470060-04:00,short,discretionary_or_unclassified,36.16,1,24920.125,24896.75,24727.0,24791.0,23.375,193.125,129.125,-78.75,20.125,20.125,24730.643726199378,24760.165082842457,above,green_against,0.864805201588119,0.08403048457728035
154,2026-03-19 10:10:11.960194-04:00,short,discretionary_or_unclassified,-162.34,1,24478.5,24779.5,24424.25,24434.25,-301.0,54.25,44.25,-220.25,-21.5,21.5,24630.35879206538,24707.297492785736,below,green_against,-0.09984028154628001,-0.539749874076729
155,2026-03-19 11:06:32.959339-04:00,long,orb_breakout_or_retest_candidate,6.731428571427532,7,24529.714285714286,24779.5,24424.25,24434.25,-249.78571428571377,105.46428571428623,95.46428571428623,-220.25,-20.285714285713766,20.285714285713766,24596.65795472582,24690.403473460807,below,rejection_low,0.12977165089503392,0.2995656799338045
156,2026-03-19 11:10:56.061765-04:00,short,discretionary_or_unclassified,47.535,1,24467.75,24779.5,24424.25,24434.25,-311.75,43.5,33.5,-220.25,17.75,17.75,24596.65795472582,24690.403473460807,below,doji,-0.4178018354722694,-0.408131636504192
162,2026-03-23 10:36:26.322896-04:00,short,discretionary_or_unclassified,31.66,1,24520.333333333332,24274.0,24274.0,24274.0,246.33333333333212,246.33333333333212,246.33333333333212,220.0,20.33333333333212,20.33333333333212,24394.96104096213,24535.460478110876,above,breakout_down,0.43131003909605925,-0.29671713387427556
163,2026-03-23 15:32:25.236738-04:00,short,discretionary_or_unclassified,7.16,1,24475.25,24274.0,24274.0,24274.0,201.25,201.25,201.25,220.0,-24.75,24.75,24423.400515331352,24523.21419084637,above,green_against,-1.3819051817760402,-1.1567163495360053
164,2026-03-24 09:57:41.767244-04:00,short,discretionary_or_unclassified,24.535,5,24284.65625,24690.0,24305.0,24399.25,-405.34375,-20.34375,-114.59375,-143.5,-15.34375,15.34375,24421.100466252174,24518.352850028867,below,green_against,0.6242788189305576,-0.5028874570646168
165,2026-03-25 09:50:12.733886-04:00,short,discretionary_or_unclassified,25.4725,1,24396.0,24384.75,24134.75,24218.5,11.25,261.25,177.5,212.25,-4.0,4.0,24336.45086716952,24453.601092192155,above,breakout_down,2.8617806106863637,0.5093109173536493
167,2026-03-26 10:43:14.121860-04:00,short,discretionary_or_unclassified,29.66,1,24100.4375,24526.0,24287.25,24371.75,-425.5625,-186.8125,-271.3125,-215.75,0.4375,0.4375,24352.87243161255,24431.608949931877,below,breakout_down,1.0269906582515302,1.4839041302264548
168,2026-03-26 14:16:03.132140-04:00,short,discretionary_or_unclassified,-10.59,1,23859.5,24526.0,24287.25,24371.75,-666.5,-427.75,-512.25,-215.75,9.5,9.5,24237.535060803777,24369.191479185356,below,green_against,-0.4609232619105183,-0.733805439149706
169,2026-03-26 14:39:25.278026-04:00,long,discretionary_or_unclassified,18.66,1,23873.5,24526.0,24287.25,24371.75,-652.5,-413.75,-498.25,-215.75,23.5,23.5,24237.535060803777,24369.191479185356,below,doji,-0.8443242916659366,-0.8516940004607831
171,2026-03-27 10:00:10.695454-04:00,long,discretionary_or_unclassified,66.91,1,23518.125,24241.25,23775.0,23787.0,-723.125,-256.875,-268.875,-133.0,18.125,18.125,24098.81681050136,24294.737754217298,below,rejection_low,2.915475474946802,0.7602822979107368
172,2026-03-27 15:21:34.532885-04:00,long,discretionary_or_unclassified,12.66,1,23338.25,24241.25,23775.0,23787.0,-903.0,-436.75,-448.75,-133.0,-11.75,11.75,23838.045811591244,24140.319841673656,below,red_against,-0.29839784252191776,-0.5068017270036508
175,2026-03-30 12:24:37.707412-04:00,short,orb_breakout_or_retest_candidate,14.16,1,23295.5,23664.25,23269.0,23309.0,-368.75,26.5,-13.5,200.25,-4.5,4.5,23675.197423976548,24022.32354154742,below,doji,-1.1717722003951727,-1.1223131804648614
177,2026-03-31 10:35:09.691052-04:00,short,discretionary_or_unclassified,-44.97636363636033,4,23543.25,23538.0,23024.25,23136.25,5.25,519.0,407.0,245.5,-6.75,6.75,23517.94709479783,23885.75793259453,above,breakout_down,-0.34688363429603103,-0.2357443989991512
178,2026-03-31 12:39:29.738130-04:00,long,orb_breakout_or_retest_candidate,85.16,2,23625.0,23538.0,23024.25,23136.25,87.0,600.75,488.75,245.5,25.0,25.0,23501.752610480762,23850.56854908092,above,breakout_up,3.536221051343129,2.132741853751787
179,2026-03-31 12:44:21.187059-04:00,short,discretionary_or_unclassified,43.23142857142753,1,23789.071428571428,23538.0,23024.25,23136.25,251.07142857142753,764.8214285714275,652.8214285714275,245.5,-10.928571428572468,10.928571428572468,23501.752610480762,23850.56854908092,above,breakout_down,3.6463103928096734,4.051755675864851
181,2026-04-01 10:55:21.932472-04:00,short,discretionary_or_unclassified,10.16,2,24262.166666666668,23974.0,23377.5,23910.75,288.1666666666679,884.6666666666679,351.4166666666679,177.5,12.16666666666788,12.16666666666788,23659.187843801807,23857.94718528645,above,breakout_down,-0.9814150579960536,-0.5287434887887391
182,2026-04-02 10:32:47.417127-04:00,short,discretionary_or_unclassified,13.41,1,24059.0,24349.0,24043.5,24199.75,-290.0,15.5,-140.75,-436.5,9.0,9.0,23921.58789202984,23939.938673547123,above,green_against,0.04506233069486692,-0.14547513642222118
184,2026-04-06 10:01:03.670989-04:00,short,discretionary_or_unclassified,199.66,1,24392.0,24267.75,23678.0,24221.0,124.25,714.0,171.0,43.0,-8.0,8.0,24061.982261284094,24001.367226165727,above,neutral_down,-0.352408981998992,0.3798101597321598
186,2026-04-07 11:51:23.887394-04:00,short,orb_breakout_or_retest_candidate,-27.215,4,24178.59375,24453.0,24202.5,24363.0,-274.40625,-23.90625,-184.40625,-119.25,-21.40625,21.40625,24158.236380233822,24069.051365012518,above,breakout_down,-1.4658879878018385,-1.2810697435910163
189,2026-04-09 09:54:04.611262-04:00,long,ema_continuation_candidate,-26.84,1,25036.75,25251.75,24926.5,25080.0,-215.0,110.25,-43.25,0.5,-13.25,13.25,24622.132399119877,24329.645242062852,above,red_against,-0.7371822280217486,-0.16079676505366125
190,2026-04-09 12:17:24.183587-04:00,short,discretionary_or_unclassified,19.16,1,25217.833333333332,25251.75,24926.5,25080.0,-33.91666666666788,291.3333333333321,137.83333333333212,0.5,17.83333333333212,17.83333333333212,24744.25333393405,24415.610866736417,above,doji,-0.9348503757060069,-0.5877719901326974
191,2026-04-10 09:47:22.479268-04:00,short,discretionary_or_unclassified,93.16,1,25333.5,25273.25,24960.25,25249.0,60.25,373.25,84.5,65.75,-16.5,16.5,24899.36434269476,24533.606797221986,above,green_against,-1.0873959868328666,-0.7861324698143041
192,2026-04-13 10:02:35.902811-04:00,short,discretionary_or_unclassified,3.16,1,25296.5,25393.5,25222.0,25284.25,-97.0,74.5,12.25,-68.75,-3.5,3.5,25113.78250964102,24740.687282863444,above,doji,-0.4710905946869659,-0.1985507593293683
193,2026-04-14 10:00:34.273271-04:00,short,discretionary_or_unclassified,0.6599999999999999,24,25962.896739130436,25550.25,25160.0,25537.5,412.6467391304359,802.8967391304359,425.3967391304359,118.0,12.89673913043589,12.89673913043589,25297.19371991585,24917.261657197552,above,green_against,-0.7313277107960933,-0.918104114983886
194,2026-04-16 09:41:38.318596-04:00,short,pre_or_locked_trade,85.16,1,26381.0,26377.25,25982.75,26364.0,3.75,398.25,17.0,75.5,-19.0,19.0,25902.46658196267,25394.326529613998,above,breakout_down,1.6074346955702463,0.36124365141317893
195,2026-04-20 09:50:17.227233-04:00,short,discretionary_or_unclassified,39.16,2,26752.75,26883.0,26629.5,26827.5,-130.25,123.25,-74.75,-31.5,2.75,2.75,26496.19337537708,25933.876459068044,above,doji,-0.9720894147886652,0.2061255629986371
196,2026-04-20 13:01:44.577118-04:00,short,orb_breakout_or_retest_candidate,5.3266666666642415,4,26722.333333333332,26883.0,26629.5,26827.5,-160.66666666666788,92.83333333333212,-105.16666666666788,-31.5,22.33333333333212,22.33333333333212,26558.740405862354,26045.353308957405,above,breakout_down,-0.9349213106823528,-0.9947269100297141
197,2026-04-21 10:25:10.142551-04:00,short,discretionary_or_unclassified,147.66,1,26830.0,26826.0,26569.0,26745.0,4.0,261.0,85.0,63.0,-20.0,20.0,26625.436137372737,26150.70528397175,above,green_against,-0.9654151602100107,-0.031095126879751033
198,2026-04-21 11:43:33.221070-04:00,long,orb_breakout_or_retest_candidate,4.16,1,26732.5,26826.0,26569.0,26745.0,-93.5,163.5,-12.5,63.0,-17.5,17.5,26636.085076670573,26173.707037541488,above,doji,-0.6178207853673612,-0.9446208305586615
199,2026-04-22 10:33:04.463592-04:00,short,discretionary_or_unclassified,4.874285714282596,2,26992.071428571428,26885.0,26551.75,26641.5,107.07142857142753,440.32142857142753,350.57142857142753,240.0,-7.928571428572468,7.928571428572468,26677.40171631896,26291.168303405168,above,doji,0.6491692968196563,0.7865727916347776
200,2026-04-23 11:08:04.849126-04:00,short,discretionary_or_unclassified,10.767142857144936,1,26986.053571428572,27093.0,26807.75,27080.0,-106.94642857142753,178.30357142857247,-93.94642857142753,-65.0,-13.946428571427532,13.946428571427532,26870.44024078656,26491.507974482145,above,doji,-0.9816642851616886,-1.006385179611509
