idea_id,direction,human_1c,max_size,setup_label,or_high_dist,or_low_dist,or_mid_dist,vwap_dist,ema9_15m_dist,ema9_5m_dist,swing_high_dist,swing_low_dist,sess_high_dist,sess_low_dist
1,long,56.66,3,pre_or_locked_trade,-154.5,63.0,-45.75,-65.1863158078122,,-185.72098095506954,,,-154.5,5.75
3,short,29.0975,4,ema_continuation_candidate,195.71875,414.46875,305.09375,295.178464318411,-3.2772950287799176,109.05138683060795,,,195.71875,414.46875
6,short,27.82666666666424,1,inverse_orb_candidate,-60.375,183.625,61.625,-15.455656103789806,-25.45678928081543,-24.400868097654893,-115.875,,-115.875,183.625
7,long,2.4599999999956346,6,discretionary_or_unclassified,-373.1749999999993,-129.17499999999927,-251.17499999999927,-261.2967883157253,-219.86892561555214,-166.4312839079903,-224.67499999999927,-131.17499999999927,-428.6749999999993,-85.92499999999927
9,long,46.45999999999563,2,discretionary_or_unclassified,-320.5499999999993,-135.29999999999927,-227.92499999999927,-166.85067643089496,-300.82115476442414,-193.06271235186068,,,-320.5499999999993,-27.299999999999272
11,short,14.445714285710128,4,discretionary_or_unclassified,159.53571428571377,345.28571428571377,252.41071428571377,185.53945520560592,183.18952447435004,161.97092610966502,,,9.535714285713766,345.28571428571377
12,long,32.32666666666424,1,orb_breakout_or_retest_candidate,-148.5,37.25,-55.625,-152.14157840090775,-95.39864528155886,-20.19070780838956,-39.0,30.0,-378.0,47.25
13,short,16.19333333333285,4,pre_or_locked_trade,-3.349999999998545,93.90000000000146,45.275000000001455,48.09321908908896,,337.12296102601977,,,-3.349999999998545,93.90000000000146
14,long,27.02250000000291,21,discretionary_or_unclassified,-500.74375000000146,-403.49375000000146,-452.11875000000146,-476.46309517015106,-348.6622174403965,-451.753565145078,-564.2437500000015,-414.49375000000146,-568.4937500000015,-325.49375000000146
16,long,10.41,1,discretionary_or_unclassified,-203.625,-76.375,-140.0,-46.61176523972972,-77.67174517941021,-2.004856352636125,-29.625,149.125,-221.875,149.125
17,short,9.595185185189766,47,discretionary_or_unclassified,203.7638888888905,331.0138888888905,267.3888888888905,370.32934453890266,357.0879553570303,363.9379326322669,282.0138888888905,493.2638888888905,185.5138888888905,556.5138888888905
19,short,1.146486486486683,31,pre_or_locked_trade,178.24324324324334,386.99324324324334,282.61824324324334,253.1597214579524,,412.6783680894223,178.24324324324334,,178.24324324324334,386.99324324324334
22,short,18.66,7,pre_or_locked_trade,-79.29999999999927,83.20000000000073,1.9500000000007276,-45.8389612760875,,-127.52434236179761,,,-79.29999999999927,-14.799999999999272
24,short,38.66,1,pre_or_locked_trade,-38.08333333333212,43.66666666666788,2.7916666666678793,,,,,,,
25,short,9.493333333335759,1,discretionary_or_unclassified,57.625,139.375,98.5,104.17400829793405,134.36728301769108,47.407867228033865,21.875,41.625,-9.875,193.875
27,short,14.604444444445253,7,pre_or_locked_trade,-12.777777777777374,79.22222222222263,33.222222222222626,19.142280148607824,,71.03295948117739,,,-12.777777777777374,56.222222222222626
30,short,21.81384615383664,9,ema_continuation_candidate,67.75,178.5,123.125,89.48562283337014,-1.4745402599946829,36.60923721409563,67.75,,2.5,178.5
31,short,44.66,1,discretionary_or_unclassified,163.25,274.0,218.625,113.43673184953514,33.35301003856512,15.763835935558745,5.75,22.0,-12.75,274.0
36,short,-0.3400000000000001,1,discretionary_or_unclassified,-134.25,28.5,-52.875,-12.203441040488542,-29.31185990754966,-31.959397028615058,-43.75,-20.0,-134.25,73.75
37,short,30.16,1,discretionary_or_unclassified,54.25,171.5,112.875,77.39945760455885,182.34941173488915,94.65563866671437,28.75,171.5,5.0,171.5
38,long,9.826666666664241,1,orb_breakout_or_retest_candidate,-42.33333333333212,74.91666666666788,16.29166666666788,-47.5694526673833,-5.5254142867233895,-62.052164572869515,-97.33333333333212,18.91666666666788,-132.33333333333212,74.91666666666788
39,long,22.66,1,orb_breakout_or_retest_candidate,-71.5,45.75,-12.875,-40.453959320133436,-17.296175600000424,-16.134830144692387,-27.25,-3.0,-161.5,55.25
41,long,7.301304347824189,81,discretionary_or_unclassified,-216.37228260869597,-123.62228260869597,-169.99728260869597,-138.66928766821002,-97.4841185488549,-112.25111096790715,-134.12228260869597,-89.62228260869597,-216.37228260869597,-77.62228260869597
42,short,17.535,1,discretionary_or_unclassified,62.5,155.75,109.125,65.12315866198333,40.920630144591996,19.0430779394992,2.0,48.75,-11.75,155.75
44,long,2.4172815534003895,99,discretionary_or_unclassified,-120.11650485436985,-23.86650485436985,-71.99150485436985,-83.40072921829415,-148.00028200315865,-109.6534923581894,-129.86650485436985,-23.86650485436985,-129.86650485436985,-23.86650485436985
45,short,13.302857142855064,3,discretionary_or_unclassified,111.6071428571413,207.8571428571413,159.7321428571413,155.4200267457236,134.33480558160954,125.71404450335467,111.8571428571413,131.8571428571413,92.8571428571413,246.6071428571413
47,long,12.570112359546474,84,pre_or_locked_trade,-214.12078651685442,-120.12078651685442,-167.12078651685442,-159.00454101260402,,-301.13956104005774,-194.37078651685442,,-214.12078651685442,-120.12078651685442
49,short,25.16,2,discretionary_or_unclassified,232.25,372.75,302.5,258.5352208926597,228.45019344314642,241.61591892991783,174.25,378.25,174.25,378.25
51,long,38.91,2,discretionary_or_unclassified,-91.5,54.75,-18.375,50.63065297857975,58.20163475411027,91.99005984260293,2.25,70.0,-91.5,243.75
55,short,7.916944444445253,71,discretionary_or_unclassified,28.753472222222626,128.25347222222263,78.50347222222263,49.50827790865151,68.82165419927696,56.71240141560338,15.003472222222626,74.25347222222263,15.003472222222626,128.25347222222263
56,short,1.66,1,discretionary_or_unclassified,66.25,165.75,116.0,78.6033994692225,15.459117012080242,6.182935060816817,-0.75,9.25,-2.5,176.5
57,short,4.535,4,discretionary_or_unclassified,4.9375,50.6875,27.8125,27.900440309531405,35.83456791018034,27.254744294579723,11.4375,47.4375,4.9375,50.6875
58,short,29.16,2,discretionary_or_unclassified,-1.5,66.5,32.5,26.800583688909683,55.23479942143604,37.43136502052221,,,-1.5,66.5
59,long,16.16,2,discretionary_or_unclassified,-63.0,5.0,-29.0,-13.922957342263544,-0.35972837028384674,-4.7341601587650075,-3.0,35.25,-65.5,35.25
61,short,9.66,1,discretionary_or_unclassified,-128.25,26.25,-51.0,-53.95219928624647,-141.74846974439788,-75.34366193830283,-51.0,-20.5,-128.25,26.25
62,short,0.6599999999999999,1,orb_breakout_or_retest_candidate,-130.5,24.0,-53.25,-29.686639933097467,-12.212199280940695,1.9764500145356578,11.25,40.5,-130.5,40.5
63,long,7.66,2,orb_breakout_or_retest_candidate,-39.5,18.0,-10.75,-28.7278301255501,-38.68792156422569,-38.41983120653458,-81.25,20.0,-81.25,20.0
64,long,-0.8400000000000001,1,orb_breakout_or_retest_candidate,-12.75,44.75,16.0,-6.1101322634312965,-13.860204486747534,-13.378179026396538,-73.75,-11.0,-73.75,46.75
66,long,1.16,4,discretionary_or_unclassified,-85.75,-2.25,-44.0,-25.413463214983494,-84.01949640382009,-48.88053483530166,,-5.5,-85.75,24.75
67,short,140.66,2,discretionary_or_unclassified,2.5,98.0,50.25,27.40790796973306,180.5804465034562,95.4486655871151,-67.5,98.0,-67.5,98.0
68,long,109.16,2,discretionary_or_unclassified,-251.0,-155.5,-203.25,-171.21544596910098,-90.32081139023649,-107.36385680667081,-297.5,-244.5,-321.0,25.25
70,short,2.7305882352995106,66,pre_or_locked_trade,-20.214705882350245,114.53529411764976,47.160294117649755,,,,,,,
72,short,1.66,1,discretionary_or_unclassified,136.5,206.75,171.625,93.78778920505283,22.350756269064732,6.65884881653983,-5.75,14.25,-14.5,206.75
73,short,11.588571428572468,3,discretionary_or_unclassified,22.428571428572468,115.92857142857247,69.17857142857247,53.67809471934015,63.2466272428137,43.909632980503375,6.678571428572468,41.17857142857247,6.678571428572468,115.92857142857247
74,long,53.66,3,pre_or_locked_trade,-182.45000000000073,7.049999999999272,-87.70000000000073,-87.59555741126678,,-170.98372561134238,,,-182.45000000000073,-1.4500000000007276
75,short,74.66,2,inverse_orb_candidate,65.0,207.75,136.375,126.59581263962173,124.27806357800728,95.31012859356997,96.25,240.25,-4.75,240.25
76,short,10.16,1,inverse_orb_candidate,124.25,267.0,195.625,129.8333852176729,66.77383415887016,14.80712206654789,-5.25,30.0,-10.75,299.5
78,short,-1.09,2,pre_or_locked_trade,59.54166666666788,208.29166666666788,133.91666666666788,118.98386842886976,,15.513882763545553,,,67.04166666666788,208.29166666666788
79,short,84.91,2,discretionary_or_unclassified,-80.5,31.75,-24.375,-23.150618229057727,-21.23766218399396,-24.507030173645035,,,-80.5,31.75
81,long,96.16,2,inverse_orb_candidate,-210.25,-42.5,-126.375,-93.49661690537687,-190.7792643867142,-121.19141998121631,-93.25,-33.0,-210.25,2.75
82,short,166.66,1,orb_breakout_or_retest_candidate,-127.75,40.0,-43.875,11.919072674158087,-88.72341150937427,2.357195500550006,-31.5,22.5,-127.75,130.5
83,long,9.16,1,inverse_orb_candidate,-328.0,-160.25,-244.125,-130.6989216940492,-102.87596958937502,-38.99198889484978,-128.75,23.25,-328.0,23.25
85,short,33.16,1,discretionary_or_unclassified,-39.25,54.5,7.625,14.74735279235756,276.9220462546291,106.16531864790886,-46.75,54.5,-46.75,64.75
86,short,41.16,1,pre_or_locked_trade,-58.625,15.125,-21.75,-31.772025294674677,,84.20130245947075,,,-58.625,-1.625
87,short,14.66,1,orb_breakout_or_retest_candidate,-180.25,-106.5,-143.375,-15.338765298984072,3.3270549087428662,8.613220496066788,-27.25,19.5,-180.25,120.75
89,short,17.035,1,discretionary_or_unclassified,-9.0625,115.6875,53.3125,41.28346302505088,-23.268802374579536,6.7257538890698925,-20.8125,80.6875,-20.8125,115.6875
90,short,-15.768571428565192,3,discretionary_or_unclassified,200.3928571428587,294.8928571428587,247.6428571428587,197.22598622924852,221.9960855488025,181.90436354937628,201.8928571428587,294.8928571428587,81.3928571428587,294.8928571428587
91,long,8.506153846141533,2,orb_breakout_or_retest_candidate,17.653846153847553,112.15384615384755,64.90384615384755,-96.10845721166334,-119.50199648036141,-113.39951591237332,-237.34615384615245,-206.09615384615245,-255.84615384615245,112.15384615384755
93,short,-6.268571428572468,5,orb_breakout_or_retest_candidate,-48.285714285713766,71.71428571428623,11.714285714286234,74.83422572662676,126.85179317209622,72.94687385155339,25.214285714286234,142.46428571428623,-48.285714285713766,149.21428571428623
94,short,2.16,2,discretionary_or_unclassified,96.66666666666788,186.91666666666788,141.79166666666788,109.35411570739961,91.60881335795784,83.12130210022588,29.91666666666788,73.66666666666788,29.91666666666788,186.91666666666788
95,short,-0.1399999999956345,2,discretionary_or_unclassified,53.650000000001455,176.65000000000146,115.15000000000146,88.19806074842927,130.20208255797843,99.7750273342499,45.900000000001455,80.15000000000146,30.900000000001455,176.65000000000146
96,short,21.41,4,discretionary_or_unclassified,44.125,139.375,91.75,69.55053068514462,129.2093269853831,70.55693119082935,72.875,139.375,-9.375,139.375
100,short,35.16,1,discretionary_or_unclassified,-42.5,42.5,0.0,-4.161250014913094,103.52034766137876,37.87662851205823,-35.0,26.0,-49.25,42.5
101,long,-5.09,1,discretionary_or_unclassified,-167.25,-82.25,-124.75,-75.30697000648433,-18.723727429704013,-6.650277058739448,-32.75,14.0,-174.0,30.5
102,long,7.874285714282596,4,inverse_orb_candidate,-538.0714285714275,-306.82142857142753,-422.44642857142753,-254.971435661937,-306.0491356544444,-186.67613739052103,-368.82142857142753,-79.07142857142753,-538.0714285714275,-79.07142857142753
103,short,55.16,1,pre_or_locked_trade,-58.25,68.0,4.875,12.24888072774047,,-38.97534732025815,,,-36.0,68.0
104,short,41.16,1,orb_breakout_or_retest_candidate,-133.5,-7.25,-70.375,-59.44190475738651,-51.0834922115464,-42.71811992015864,-63.5,-18.75,-133.5,35.5
105,short,31.66,2,inverse_orb_candidate,126.75,320.5,223.625,123.66169289109894,132.03775738295735,84.90441916927739,61.5,146.75,-17.25,320.5
106,long,-0.09000000000000008,4,inverse_orb_candidate,-458.875,-228.125,-343.5,-280.17401721085844,-313.48683247142617,-277.07190198283206,-317.875,-228.125,-458.875,-71.375
107,long,1.66,1,inverse_orb_candidate,-648.75,-418.0,-533.375,-215.3856740001902,-39.207264842349105,9.946547528878,-55.5,37.75,-648.75,85.75
108,short,101.41,1,discretionary_or_unclassified,-171.375,-14.875,-93.125,-101.95329242280422,-139.1076665878718,-144.6349158141602,-171.125,,-171.375,-14.875
109,long,11.66,1,discretionary_or_unclassified,-564.75,-408.25,-486.5,-320.057421531772,-247.16245869876002,-145.5978203738523,-221.0,-162.0,-564.75,2.25
110,short,22.66,1,orb_breakout_or_retest_candidate,-218.5,66.0,-76.25,-10.937769321881206,-45.040005468988966,-27.223754074908356,-56.5,24.0,-243.5,180.75
111,short,3.0842424242402195,99,discretionary_or_unclassified,106.96212121212011,333.9621212121201,220.4621212121201,170.46831759598354,217.3142854074722,149.48840110568926,100.21212121212011,174.7121212121201,50.46212121212011,333.9621212121201
112,short,47.66,1,inverse_orb_candidate,164.5,391.5,278.0,162.84689552449709,47.55015821706911,0.7744490567347384,-27.0,12.0,-31.75,391.5
113,short,5.66,2,inverse_orb_candidate,212.75,409.75,311.25,202.76057386727916,196.71534937003526,120.74786976919131,89.75,199.25,36.25,409.75
116,short,0.6599999999999999,1,discretionary_or_unclassified,-28.25,116.75,44.25,22.704287012082204,10.729413202381693,-0.808683723978902,-65.0,25.75,-65.0,130.75
117,short,199.66,1,discretionary_or_unclassified,-153.125,-26.625,-89.875,-79.05611919588773,19.09809364861576,-24.978468922072352,-123.875,-26.625,-153.125,-26.625
118,short,105.66,1,discretionary_or_unclassified,-122.25,-32.25,-77.25,-47.57316841604916,-26.94050871040963,-27.735300956337596,-122.25,,-122.25,36.5
119,long,0.6599999999999999,1,discretionary_or_unclassified,-554.25,-464.25,-509.25,-250.93125811359278,-162.53745150228497,-53.92951340751097,-80.5,-2.75,-554.25,34.0
120,long,-97.34,1,orb_breakout_or_retest_candidate,25.0,246.25,135.625,62.52052802648541,26.943768618803006,16.387702302985417,-104.25,107.25,-104.25,246.25
121,short,26.16,4,inverse_orb_candidate,111.1875,332.4375,221.8125,147.0538316727252,117.84251489504095,109.3976618423876,-18.0625,193.4375,-18.0625,332.4375
123,short,81.41,1,discretionary_or_unclassified,-197.125,12.625,-92.25,-77.11382366392718,-190.90233930237446,-132.20214269608186,-197.125,,-197.125,62.625
124,short,110.66,1,discretionary_or_unclassified,219.0,335.75,277.375,148.26514224259518,117.35670426886281,37.206322334201104,-11.75,36.25,-11.75,335.75
125,short,129.16,1,ema_continuation_candidate,33.25,154.0,93.625,60.46046002631556,-2.3531477790529607,29.680525048697746,-34.0,74.25,-34.0,154.0
126,short,78.66,1,discretionary_or_unclassified,110.83333333333212,382.5833333333321,246.70833333333212,155.0929113389393,195.09936218736766,148.81862210604595,-22.66666666666788,201.33333333333212,-22.66666666666788,382.5833333333321
127,short,80.16,1,discretionary_or_unclassified,-132.25,27.5,-52.375,-39.625231511647144,-106.9734209426606,-61.20672468256453,-57.75,50.25,-132.25,50.25
129,long,63.66,1,discretionary_or_unclassified,-45.25,173.0,63.875,26.8845985735461,78.06383981882391,25.263796951723634,-97.25,173.0,-97.25,173.0
130,short,-0.6733333333357587,5,discretionary_or_unclassified,141.83333333333212,360.0833333333321,250.95833333333212,139.34032726102305,110.25477255879377,56.5554621676165,19.58333333333212,84.83333333333212,7.083333333332121,360.0833333333321
131,short,2.3266666666642415,5,pre_or_locked_trade,63.277777777777374,186.27777777777737,124.77777777777737,128.2652388981478,,277.2771014183345,,,98.27777777777737,186.27777777777737
132,long,137.66,1,discretionary_or_unclassified,-437.0,-319.75,-378.375,-235.05666484542598,-294.3833892514958,-163.19912155734346,-390.5,-230.0,-437.0,20.0
133,long,40.66,1,discretionary_or_unclassified,-371.0,-253.75,-312.375,-81.93715154610254,5.580598881129845,32.41918566508684,35.0,64.0,-371.0,109.0
134,long,33.46000000000291,4,orb_breakout_or_retest_candidate,-5.650000000001455,124.34999999999854,59.349999999998545,-35.28109597301591,-54.83306045916834,-45.44589465202807,-89.90000000000146,-9.650000000001455,-132.40000000000146,124.34999999999854
135,short,8.560000000001455,4,inverse_orb_candidate,119.95000000000073,399.9500000000007,259.9500000000007,151.43490748167824,89.0068171126004,103.77845900258762,57.45000000000073,202.20000000000073,57.45000000000073,399.9500000000007
136,short,6.731428571427532,4,orb_breakout_or_retest_candidate,-28.071428571427532,130.67857142857247,51.30357142857247,72.68733506274293,-201.920492863268,-20.662418374602566,19.678571428572468,145.42857142857247,-28.071428571427532,152.92857142857247
137,short,29.759999999998545,6,pre_or_locked_trade,154.54999999999927,287.7999999999993,221.17499999999927,215.96666666666715,,,,,169.79999999999927,287.7999999999993
138,short,82.16,1,discretionary_or_unclassified,-57.5,82.5,12.5,-48.5282514583123,-85.84694168559508,-78.86976700505693,-140.5,-58.25,-140.5,82.5
139,short,38.16,1,discretionary_or_unclassified,87.0,207.5,147.25,56.93408838776304,-15.770712386831292,-15.024670093305758,-80.0,67.25,-80.0,207.5
140,short,2.6140816326552887,97,discretionary_or_unclassified,106.47193877551035,277.72193877551035,192.09693877551035,228.18677784416286,24.304476843779412,172.76399154025785,212.47193877551035,319.22193877551035,106.47193877551035,319.22193877551035
143,short,39.66,1,discretionary_or_unclassified,52.0,173.5,112.75,126.19408306161495,184.23646419827492,71.97238320331962,16.0,240.5,2.25,240.5
144,short,24.66,1,discretionary_or_unclassified,33.625,155.125,94.375,41.722253036277834,-28.82951573796163,-60.12176596424251,-103.125,-32.125,-103.125,222.125
146,short,2.9599999999956346,1,discretionary_or_unclassified,-143.90000000000146,-62.900000000001455,-103.40000000000146,-115.8007750749457,-91.28164604977428,-109.28899363152232,-140.90000000000146,-81.40000000000146,-208.40000000000146,-43.150000000001455
148,short,122.66,1,discretionary_or_unclassified,-102.125,-9.375,-55.75,-35.39910818204589,-187.23808117515,-121.40648608667107,-102.125,,-102.125,56.125
149,short,50.66,1,discretionary_or_unclassified,-6.75,155.0,74.125,85.91227801972491,128.84566568021182,119.14658755365235,,155.0,-6.75,155.0
150,short,8.91,1,discretionary_or_unclassified,-59.125,34.875,-12.125,-42.883398451955145,55.998210902187566,-19.837553622404812,-107.875,-22.625,-107.875,34.875
153,short,36.16,1,discretionary_or_unclassified,148.875,234.125,191.5,188.34483254840234,141.77779752582865,155.79317106971212,,,148.875,234.125
154,short,-162.34,1,discretionary_or_unclassified,239.25,364.75,302.0,259.7922533465535,42.89381666344343,180.1653197929336,161.25,229.75,161.25,364.75
155,long,6.731428571427532,7,orb_breakout_or_retest_candidate,290.46428571428623,415.96428571428623,353.21428571428623,284.1876878410949,199.10039301962752,248.93450783972003,222.71428571428623,271.71428571428623,179.71428571428623,415.96428571428623
156,short,47.535,1,discretionary_or_unclassified,228.5,354.0,291.25,218.90850990610488,137.13610730534128,179.02617770034703,160.75,199.5,103.5,354.0
162,short,31.66,1,discretionary_or_unclassified,-48.16666666666788,87.83333333333212,19.83333333333212,-48.69993072109355,56.08445381690399,-77.99542765357182,-169.66666666666788,-89.16666666666788,-169.66666666666788,87.83333333333212
163,short,7.16,1,discretionary_or_unclassified,-93.25,42.75,-25.25,-37.287955235984555,7.0170087731967214,-12.623153298089164,-40.75,16.0,-214.75,170.25
164,short,24.535,5,discretionary_or_unclassified,-32.34375,144.40625,56.03125,72.15376790209848,-117.16504150812762,6.246112981199985,55.65625,144.40625,-32.34375,149.90625
165,short,25.4725,1,discretionary_or_unclassified,-130.0,-30.0,-80.0,-76.91046502201789,101.60317666344781,31.33415533787411,-130.0,,-130.0,-18.25
167,short,29.66,1,discretionary_or_unclassified,-58.0625,34.4375,-11.8125,-71.72138602474297,-165.79499627281257,-93.58972918913787,-129.0625,-77.5625,-140.8125,34.4375
168,short,-10.59,1,discretionary_or_unclassified,-299.0,-206.5,-252.75,-226.09137226476378,-97.68358648648427,-40.97117271375464,-33.0,-5.5,-381.75,8.0
169,long,18.66,1,discretionary_or_unclassified,-285.0,-192.5,-238.75,-202.78561250888743,-61.946869189188874,-6.768192343559349,0.5,29.5,-367.75,29.5
171,long,66.91,1,discretionary_or_unclassified,-146.125,-13.375,-79.75,-56.82492092139,-219.42879524911405,-100.43750670324152,-128.625,-53.625,-146.125,46.125
172,long,12.66,1,discretionary_or_unclassified,-326.0,-193.25,-259.625,-149.02708561838153,-39.04367851004281,-4.5616140592392185,-15.0,28.75,-326.0,28.75
175,short,14.16,1,orb_breakout_or_retest_candidate,-242.5,-78.75,-160.625,-63.680053007145034,-54.278501937977126,-48.65789475078782,-138.75,-13.0,-242.5,33.25
177,short,-44.97636363636033,4,discretionary_or_unclassified,73.25,164.5,118.875,39.733564590103924,177.29853044460833,22.589820599459927,-29.5,41.0,-45.25,164.5
178,long,85.16,2,orb_breakout_or_retest_candidate,155.0,246.25,200.625,127.29789665419958,146.43115069751366,98.84338809788096,57.25,106.25,8.0,247.5
179,short,43.23142857142753,1,discretionary_or_unclassified,319.07142857142753,410.32142857142753,364.69642857142753,267.8580192384761,310.5025792689412,234.5461390497294,221.32142857142753,258.32142857142753,-70.92857142857247,411.57142857142753
181,short,10.16,2,discretionary_or_unclassified,67.66666666666788,218.66666666666788,143.16666666666788,108.3940477980832,198.32909116539668,67.07426969532025,17.91666666666788,86.16666666666788,1.1666666666678793,218.66666666666788
182,short,13.41,1,discretionary_or_unclassified,240.0,381.0,310.5,206.95280156287117,34.35947553736332,119.96454123548392,53.0,200.5,53.0,381.0
184,short,199.66,1,discretionary_or_unclassified,18.25,146.75,82.5,50.42630236253899,156.22965918849513,75.15545634306909,-18.25,146.75,-61.0,146.75
186,short,-27.215,4,orb_breakout_or_retest_candidate,-124.65625,-9.15625,-66.90625,83.71727264783476,83.89163315392943,123.91916900569413,92.34375,136.59375,-124.65625,237.09375
189,long,-26.84,1,ema_continuation_candidate,-76.0,17.75,-29.125,-26.67390616148259,-8.886527958355146,-15.324820842495683,-76.0,,-76.0,21.75
190,short,19.16,1,discretionary_or_unclassified,105.08333333333212,198.83333333333212,151.95833333333212,145.96120387399787,110.51354182582145,43.417284744955396,-46.66666666666788,109.83333333333212,-46.66666666666788,257.5833333333321
191,short,93.16,1,discretionary_or_unclassified,-38.5,43.5,2.5,3.0076878645304532,96.35078007398624,53.66053060522245,,43.5,-38.5,43.5
192,short,3.16,1,discretionary_or_unclassified,57.25,122.0,89.625,64.14036905052126,29.35321319322975,34.9043946051097,-1.75,136.5,-29.5,136.5
193,short,0.6599999999999999,24,discretionary_or_unclassified,206.6467391304359,307.3967391304359,257.0217391304359,233.59327367019796,408.4863048615298,295.2852544042944,202.3967391304359,234.1467391304359,199.1467391304359,307.3967391304359
194,short,85.16,1,pre_or_locked_trade,-72.5,35.5,-18.5,-5.217029691673815,,28.712420416126406,,,-72.5,23.0
195,short,39.16,2,discretionary_or_unclassified,-73.25,20.0,-26.625,-16.125393465754314,-39.00667539834103,-23.775589939235942,,20.0,-73.25,36.75
196,short,5.3266666666642415,4,orb_breakout_or_retest_candidate,-103.66666666666788,-10.41666666666788,-57.04166666666788,20.224221242959175,38.2204166821939,43.01962421619464,26.33333333333212,56.33333333333212,-103.66666666666788,153.33333333333212
197,short,147.66,1,discretionary_or_unclassified,-8.0,103.75,47.875,26.727027393109893,54.412626011369866,9.030520703287038,-55.0,103.75,-55.0,103.75
198,long,4.16,1,orb_breakout_or_retest_candidate,-105.5,6.25,-49.625,-45.82799900233658,-35.96695070860005,-17.112908522005455,-24.75,40.5,-152.5,70.25
199,short,4.874285714282596,2,discretionary_or_unclassified,99.57142857142753,179.07142857142753,139.32142857142753,103.39938349209842,168.92544119497325,82.49045710318751,92.07142857142753,139.82142857142753,-4.428571428572468,184.32142857142753
200,short,10.767142857144936,1,discretionary_or_unclassified,-81.69642857142753,22.053571428572468,-29.821428571427532,-49.456118202411744,-54.51445844171758,-75.58190838617156,-127.94642857142753,-18.446428571427532,-127.94642857142753,22.053571428572468
