rule,direction,entry_ts,entry_price,exit_ts,exit_price,exit_reason,net_pnl,date,or_class
orb_break,short,2025-11-13 10:46:00-05:00,25253.75,2025-11-13 11:07:00-05:00,25194.25,target,117.66,2025-11-13,wide
ema_continuation,short,2025-11-13 12:31:00-05:00,25246.5,2025-11-13 12:45:00-05:00,25187.0,target,117.66,2025-11-13,wide
orb_break,long,2025-11-14 09:46:00-05:00,24868.25,2025-11-14 09:52:00-05:00,24927.75,target,117.66,2025-11-14,wide
orb_retest,long,2025-11-14 09:47:00-05:00,24885.0,2025-11-14 09:54:00-05:00,24944.5,target,117.66,2025-11-14,wide
ema_continuation,long,2025-11-14 12:50:00-05:00,25185.75,2025-11-14 13:02:00-05:00,25155.25,stop,-62.34,2025-11-14,wide
ema_continuation,short,2025-11-14 13:54:00-05:00,25186.25,2025-11-14 14:09:00-05:00,25126.75,target,117.66,2025-11-14,wide
orb_break,long,2025-11-17 09:47:00-05:00,25220.5,2025-11-17 09:59:00-05:00,25190.0,stop,-62.34,2025-11-17,wide
orb_break,short,2025-11-17 11:17:00-05:00,24969.0,2025-11-17 11:26:00-05:00,24999.5,stop,-62.34,2025-11-17,wide
orb_retest,long,2025-11-17 09:48:00-05:00,25207.5,2025-11-17 10:01:00-05:00,25177.0,stop,-62.34,2025-11-17,wide
orb_retest,short,2025-11-17 11:18:00-05:00,24965.5,2025-11-17 11:26:00-05:00,24996.0,stop,-62.34,2025-11-17,wide
inverse_orb,long,2025-11-17 11:18:00-05:00,24966.5,2025-11-17 11:27:00-05:00,25026.0,target,117.66,2025-11-17,wide
inverse_orb,short,2025-11-17 10:01:00-05:00,25190.0,2025-11-17 10:04:00-05:00,25130.5,target,117.66,2025-11-17,wide
ema_continuation,long,2025-11-17 12:22:00-05:00,25151.75,2025-11-17 12:38:00-05:00,25121.25,stop,-62.34,2025-11-17,wide
ema_continuation,short,2025-11-17 11:32:00-05:00,25102.75,2025-11-17 11:40:00-05:00,25133.25,stop,-62.34,2025-11-17,wide
orb_break,short,2025-11-18 09:48:00-05:00,24668.5,2025-11-18 09:50:00-05:00,24609.0,target,117.66,2025-11-18,normal
orb_retest,short,2025-11-18 09:49:00-05:00,24623.0,2025-11-18 09:49:00-05:00,24653.5,stop,-62.34,2025-11-18,normal
inverse_orb,long,2025-11-18 09:49:00-05:00,24624.0,2025-11-18 09:51:00-05:00,24593.5,stop,-62.34,2025-11-18,normal
ema_continuation,long,2025-11-18 13:59:00-05:00,24709.75,2025-11-18 14:14:00-05:00,24769.25,target,117.66,2025-11-18,normal
ema_continuation,short,2025-11-18 11:25:00-05:00,24615.25,2025-11-18 11:27:00-05:00,24645.75,stop,-62.34,2025-11-18,normal
orb_break,long,2025-11-19 09:46:00-05:00,24739.25,2025-11-19 09:52:00-05:00,24798.75,target,117.66,2025-11-19,normal
orb_break,short,2025-11-19 12:35:00-05:00,24552.25,2025-11-19 12:42:00-05:00,24582.75,stop,-62.34,2025-11-19,normal
orb_retest,long,2025-11-19 09:47:00-05:00,24757.5,2025-11-19 09:53:00-05:00,24817.0,target,117.66,2025-11-19,normal
orb_retest,short,2025-11-19 12:36:00-05:00,24539.75,2025-11-19 12:41:00-05:00,24570.25,stop,-62.34,2025-11-19,normal
inverse_orb,long,2025-11-19 12:42:00-05:00,24613.75,2025-11-19 12:42:00-05:00,24583.25,stop,-62.34,2025-11-19,normal
inverse_orb,short,2025-11-19 09:47:00-05:00,24756.5,2025-11-19 09:51:00-05:00,24787.0,stop,-62.34,2025-11-19,normal
ema_continuation,short,2025-11-19 13:12:00-05:00,24672.25,2025-11-19 13:27:00-05:00,24612.75,target,117.66,2025-11-19,normal
orb_break,long,2025-11-20 09:48:00-05:00,25245.5,2025-11-20 09:49:00-05:00,25215.0,stop,-62.34,2025-11-20,normal
orb_break,short,2025-11-20 11:01:00-05:00,25126.0,2025-11-20 11:09:00-05:00,25066.5,target,117.66,2025-11-20,normal
orb_retest,long,2025-11-20 09:49:00-05:00,25212.25,2025-11-20 09:56:00-05:00,25271.75,target,117.66,2025-11-20,normal
inverse_orb,short,2025-11-20 09:50:00-05:00,25236.5,2025-11-20 09:56:00-05:00,25267.0,stop,-62.34,2025-11-20,normal
ema_continuation,long,2025-11-20 11:06:00-05:00,25104.75,2025-11-20 11:07:00-05:00,25074.25,stop,-62.34,2025-11-20,normal
orb_break,long,2025-11-21 09:55:00-05:00,24260.0,2025-11-21 09:56:00-05:00,24229.5,stop,-62.34,2025-11-21,normal
orb_break,short,2025-11-21 09:46:00-05:00,24112.5,2025-11-21 09:46:00-05:00,24143.0,stop,-62.34,2025-11-21,normal
orb_retest,long,2025-11-21 09:56:00-05:00,24186.5,2025-11-21 09:56:00-05:00,24246.0,target,117.66,2025-11-21,normal
orb_retest,short,2025-11-21 09:47:00-05:00,24143.0,2025-11-21 09:47:00-05:00,24173.5,stop,-62.34,2025-11-21,normal
inverse_orb,long,2025-11-21 09:49:00-05:00,24195.0,2025-11-21 09:54:00-05:00,24254.5,target,117.66,2025-11-21,normal
inverse_orb,short,2025-11-21 09:56:00-05:00,24185.5,2025-11-21 09:56:00-05:00,24216.0,stop,-62.34,2025-11-21,normal
ema_continuation,long,2025-11-21 15:24:00-05:00,24444.5,2025-11-21 15:28:00-05:00,24414.0,stop,-62.34,2025-11-21,normal
orb_break,long,2025-11-24 10:03:00-05:00,24741.25,2025-11-24 10:08:00-05:00,24710.75,stop,-62.34,2025-11-24,wide
orb_retest,long,2025-11-24 10:09:00-05:00,24710.75,2025-11-24 10:11:00-05:00,24680.25,stop,-62.34,2025-11-24,wide
inverse_orb,short,2025-11-24 10:10:00-05:00,24705.5,2025-11-24 10:14:00-05:00,24736.0,stop,-62.34,2025-11-24,wide
ema_continuation,long,2025-11-24 14:32:00-05:00,24911.75,2025-11-24 15:53:00-05:00,24971.25,target,117.66,2025-11-24,wide
orb_break,long,2025-11-25 11:43:00-05:00,24883.5,2025-11-25 11:45:00-05:00,24853.0,stop,-62.34,2025-11-25,normal
orb_break,short,2025-11-25 09:46:00-05:00,24685.0,2025-11-25 09:49:00-05:00,24625.5,target,117.66,2025-11-25,normal
orb_retest,long,2025-11-25 11:44:00-05:00,24871.75,2025-11-25 11:45:00-05:00,24841.25,stop,-62.34,2025-11-25,normal
orb_retest,short,2025-11-25 09:53:00-05:00,24718.75,2025-11-25 09:54:00-05:00,24749.25,stop,-62.34,2025-11-25,normal
inverse_orb,long,2025-11-25 09:55:00-05:00,24765.75,2025-11-25 09:56:00-05:00,24735.25,stop,-62.34,2025-11-25,normal
inverse_orb,short,2025-11-25 11:45:00-05:00,24849.0,2025-11-25 11:50:00-05:00,24879.5,stop,-62.34,2025-11-25,normal
ema_continuation,long,2025-11-25 10:49:00-05:00,24809.5,2025-11-25 10:51:00-05:00,24779.0,stop,-62.34,2025-11-25,normal
ema_continuation,short,2025-11-25 11:19:00-05:00,24829.75,2025-11-25 11:21:00-05:00,24860.25,stop,-62.34,2025-11-25,normal
orb_break,long,2025-11-26 09:51:00-05:00,25257.75,2025-11-26 09:52:00-05:00,25227.25,stop,-62.34,2025-11-26,tight
orb_break,short,2025-11-26 09:59:00-05:00,25166.75,2025-11-26 10:03:00-05:00,25197.25,stop,-62.34,2025-11-26,tight
orb_retest,long,2025-11-26 09:52:00-05:00,25239.0,2025-11-26 09:56:00-05:00,25208.5,stop,-62.34,2025-11-26,tight
orb_retest,short,2025-11-26 10:03:00-05:00,25183.0,2025-11-26 10:08:00-05:00,25213.5,stop,-62.34,2025-11-26,tight
inverse_orb,long,2025-11-26 10:09:00-05:00,25211.0,2025-11-26 10:11:00-05:00,25180.5,stop,-62.34,2025-11-26,tight
inverse_orb,short,2025-11-26 09:52:00-05:00,25238.0,2025-11-26 09:59:00-05:00,25178.5,target,117.66,2025-11-26,tight
ema_continuation,long,2025-11-26 13:10:00-05:00,25318.75,2025-11-26 13:45:00-05:00,25288.25,stop,-62.34,2025-11-26,tight
orb_break,long,2025-11-28 11:07:00-05:00,25426.5,2025-11-28 11:24:00-05:00,25396.0,stop,-62.34,2025-11-28,tight
orb_retest,long,2025-11-28 11:21:00-05:00,25412.0,2025-11-28 11:26:00-05:00,25381.5,stop,-62.34,2025-11-28,tight
inverse_orb,short,2025-11-28 11:21:00-05:00,25411.0,2025-11-28 12:55:00-05:00,25441.5,stop,-62.34,2025-11-28,tight
ema_continuation,long,2025-11-28 11:27:00-05:00,25372.25,2025-11-28 11:53:00-05:00,25431.75,target,117.66,2025-11-28,tight
orb_break,long,2025-12-01 09:51:00-05:00,25322.25,2025-12-01 10:00:00-05:00,25381.75,target,117.66,2025-12-01,normal
orb_retest,long,2025-12-01 09:52:00-05:00,25325.0,2025-12-01 10:00:00-05:00,25384.5,target,117.66,2025-12-01,normal
inverse_orb,short,2025-12-01 10:31:00-05:00,25324.75,2025-12-01 10:40:00-05:00,25355.25,stop,-62.34,2025-12-01,normal
ema_continuation,long,2025-12-01 11:10:00-05:00,25367.0,2025-12-01 11:15:00-05:00,25336.5,stop,-62.34,2025-12-01,normal
ema_continuation,short,2025-12-01 11:21:00-05:00,25374.75,2025-12-01 11:37:00-05:00,25405.25,stop,-62.34,2025-12-01,normal
orb_break,long,2025-12-02 10:01:00-05:00,25642.25,2025-12-02 10:11:00-05:00,25611.75,stop,-62.34,2025-12-02,normal
orb_break,short,2025-12-02 11:25:00-05:00,25464.5,2025-12-02 11:37:00-05:00,25495.0,stop,-62.34,2025-12-02,normal
orb_retest,long,2025-12-02 10:12:00-05:00,25631.5,2025-12-02 10:28:00-05:00,25601.0,stop,-62.34,2025-12-02,normal
orb_retest,short,2025-12-02 11:26:00-05:00,25465.75,2025-12-02 11:38:00-05:00,25496.25,stop,-62.34,2025-12-02,normal
inverse_orb,long,2025-12-02 11:38:00-05:00,25496.25,2025-12-02 12:15:00-05:00,25555.75,target,117.66,2025-12-02,normal
inverse_orb,short,2025-12-02 10:21:00-05:00,25614.25,2025-12-02 10:25:00-05:00,25644.75,stop,-62.34,2025-12-02,normal
ema_continuation,long,2025-12-02 12:56:00-05:00,25530.0,2025-12-02 13:00:00-05:00,25499.5,stop,-62.34,2025-12-02,normal
ema_continuation,short,2025-12-02 13:03:00-05:00,25544.75,2025-12-02 13:07:00-05:00,25575.25,stop,-62.34,2025-12-02,normal
orb_break,long,2025-12-03 10:03:00-05:00,25566.5,2025-12-03 10:06:00-05:00,25536.0,stop,-62.34,2025-12-03,tight
orb_break,short,2025-12-03 09:54:00-05:00,25489.5,2025-12-03 10:00:00-05:00,25520.0,stop,-62.34,2025-12-03,tight
orb_retest,long,2025-12-03 10:07:00-05:00,25531.5,2025-12-03 10:12:00-05:00,25501.0,stop,-62.34,2025-12-03,tight
orb_retest,short,2025-12-03 09:55:00-05:00,25488.75,2025-12-03 10:00:00-05:00,25519.25,stop,-62.34,2025-12-03,tight
inverse_orb,long,2025-12-03 09:55:00-05:00,25489.75,2025-12-03 10:02:00-05:00,25549.25,target,117.66,2025-12-03,tight
inverse_orb,short,2025-12-03 10:07:00-05:00,25530.5,2025-12-03 10:18:00-05:00,25561.0,stop,-62.34,2025-12-03,tight
ema_continuation,long,2025-12-03 10:55:00-05:00,25576.0,2025-12-03 11:10:00-05:00,25545.5,stop,-62.34,2025-12-03,tight
ema_continuation,short,2025-12-03 10:04:00-05:00,25571.5,2025-12-03 10:10:00-05:00,25512.0,target,117.66,2025-12-03,tight
orb_break,short,2025-12-04 10:26:00-05:00,25541.5,2025-12-04 10:28:00-05:00,25572.0,stop,-62.34,2025-12-04,normal
orb_retest,short,2025-12-04 10:28:00-05:00,25582.75,2025-12-04 10:37:00-05:00,25613.25,stop,-62.34,2025-12-04,normal
inverse_orb,long,2025-12-04 10:29:00-05:00,25590.5,2025-12-04 11:00:00-05:00,25560.0,stop,-62.34,2025-12-04,normal
ema_continuation,long,2025-12-04 12:23:00-05:00,25610.5,2025-12-04 13:07:00-05:00,25580.0,stop,-62.34,2025-12-04,normal
ema_continuation,short,2025-12-04 10:37:00-05:00,25623.25,2025-12-04 11:00:00-05:00,25563.75,target,117.66,2025-12-04,normal
orb_break,long,2025-12-05 09:54:00-05:00,25795.25,2025-12-05 10:12:00-05:00,25854.75,target,117.66,2025-12-05,normal
orb_retest,long,2025-12-05 09:57:00-05:00,25786.5,2025-12-05 10:12:00-05:00,25846.0,target,117.66,2025-12-05,normal
inverse_orb,short,2025-12-05 09:57:00-05:00,25785.5,2025-12-05 10:03:00-05:00,25816.0,stop,-62.34,2025-12-05,normal
ema_continuation,long,2025-12-05 10:59:00-05:00,25743.75,2025-12-05 11:11:00-05:00,25713.25,stop,-62.34,2025-12-05,normal
orb_break,short,2025-12-08 09:49:00-05:00,25757.75,2025-12-08 10:25:00-05:00,25698.25,target,117.66,2025-12-08,tight
orb_retest,short,2025-12-08 09:51:00-05:00,25757.0,2025-12-08 10:25:00-05:00,25697.5,target,117.66,2025-12-08,tight
inverse_orb,long,2025-12-08 09:51:00-05:00,25758.0,2025-12-08 10:15:00-05:00,25727.5,stop,-62.34,2025-12-08,tight
ema_continuation,long,2025-12-08 09:49:00-05:00,25758.75,2025-12-08 09:49:00-05:00,25728.25,stop,-62.34,2025-12-08,tight
ema_continuation,short,2025-12-08 12:53:00-05:00,25646.75,2025-12-08 12:57:00-05:00,25677.25,stop,-62.34,2025-12-08,tight
orb_break,long,2025-12-09 10:03:00-05:00,25650.75,2025-12-09 10:08:00-05:00,25620.25,stop,-62.34,2025-12-09,tight
orb_retest,long,2025-12-09 10:04:00-05:00,25639.0,2025-12-09 11:02:00-05:00,25698.5,target,117.66,2025-12-09,tight
inverse_orb,short,2025-12-09 10:04:00-05:00,25638.0,2025-12-09 10:41:00-05:00,25668.5,stop,-62.34,2025-12-09,tight
ema_continuation,long,2025-12-09 10:48:00-05:00,25639.25,2025-12-09 11:02:00-05:00,25698.75,target,117.66,2025-12-09,tight
ema_continuation,short,2025-12-09 09:50:00-05:00,25625.75,2025-12-09 10:02:00-05:00,25656.25,stop,-62.34,2025-12-09,tight
orb_break,long,2025-12-10 09:48:00-05:00,25661.0,2025-12-10 09:49:00-05:00,25630.5,stop,-62.34,2025-12-10,normal
orb_break,short,2025-12-10 10:56:00-05:00,25558.25,2025-12-10 11:11:00-05:00,25588.75,stop,-62.34,2025-12-10,normal
orb_retest,long,2025-12-10 09:49:00-05:00,25635.75,2025-12-10 09:55:00-05:00,25605.25,stop,-62.34,2025-12-10,normal
orb_retest,short,2025-12-10 10:57:00-05:00,25574.25,2025-12-10 11:12:00-05:00,25604.75,stop,-62.34,2025-12-10,normal
inverse_orb,long,2025-12-10 10:58:00-05:00,25565.25,2025-12-10 11:00:00-05:00,25534.75,stop,-62.34,2025-12-10,normal
inverse_orb,short,2025-12-10 09:49:00-05:00,25634.75,2025-12-10 10:37:00-05:00,25575.25,target,117.66,2025-12-10,normal
ema_continuation,long,2025-12-10 14:28:00-05:00,25649.75,2025-12-10 14:33:00-05:00,25709.25,target,117.66,2025-12-10,normal
ema_continuation,short,2025-12-10 11:22:00-05:00,25640.5,2025-12-10 12:55:00-05:00,25671.0,stop,-62.34,2025-12-10,normal
orb_break,long,2025-12-11 13:37:00-05:00,25654.75,2025-12-11 14:36:00-05:00,25714.25,target,117.66,2025-12-11,tight
orb_break,short,2025-12-11 09:47:00-05:00,25530.75,2025-12-11 09:50:00-05:00,25471.25,target,117.66,2025-12-11,tight
orb_retest,long,2025-12-11 13:54:00-05:00,25645.5,2025-12-11 14:35:00-05:00,25705.0,target,117.66,2025-12-11,tight
orb_retest,short,2025-12-11 10:13:00-05:00,25551.5,2025-12-11 10:20:00-05:00,25582.0,stop,-62.34,2025-12-11,tight
inverse_orb,long,2025-12-11 10:13:00-05:00,25552.5,2025-12-11 10:22:00-05:00,25612.0,target,117.66,2025-12-11,tight
inverse_orb,short,2025-12-11 13:54:00-05:00,25644.5,2025-12-11 14:15:00-05:00,25675.0,stop,-62.34,2025-12-11,tight
ema_continuation,long,2025-12-11 15:32:00-05:00,25671.25,2025-12-11 15:55:00-05:00,25689.5,rth_close,35.16,2025-12-11,tight
ema_continuation,short,2025-12-11 11:42:00-05:00,25574.25,2025-12-11 11:53:00-05:00,25514.75,target,117.66,2025-12-11,tight
orb_break,short,2025-12-12 09:49:00-05:00,25506.75,2025-12-12 09:51:00-05:00,25537.25,stop,-62.34,2025-12-12,normal
orb_retest,short,2025-12-12 09:50:00-05:00,25514.25,2025-12-12 09:52:00-05:00,25544.75,stop,-62.34,2025-12-12,normal
inverse_orb,long,2025-12-12 09:52:00-05:00,25551.5,2025-12-12 10:00:00-05:00,25521.0,stop,-62.34,2025-12-12,normal
ema_continuation,short,2025-12-12 12:19:00-05:00,25294.75,2025-12-12 12:26:00-05:00,25235.25,target,117.66,2025-12-12,normal
orb_break,short,2025-12-15 09:46:00-05:00,25277.5,2025-12-15 09:50:00-05:00,25308.0,stop,-62.34,2025-12-15,normal
orb_retest,short,2025-12-15 09:48:00-05:00,25278.5,2025-12-15 09:50:00-05:00,25309.0,stop,-62.34,2025-12-15,normal
inverse_orb,long,2025-12-15 09:50:00-05:00,25276.75,2025-12-15 09:52:00-05:00,25246.25,stop,-62.34,2025-12-15,normal
ema_continuation,short,2025-12-15 10:47:00-05:00,25178.5,2025-12-15 11:16:00-05:00,25209.0,stop,-62.34,2025-12-15,normal
orb_break,long,2025-12-16 09:51:00-05:00,25122.75,2025-12-16 09:53:00-05:00,25092.25,stop,-62.34,2025-12-16,normal
orb_break,short,2025-12-16 10:26:00-05:00,24943.75,2025-12-16 10:28:00-05:00,24974.25,stop,-62.34,2025-12-16,normal
orb_retest,long,2025-12-16 09:53:00-05:00,25092.25,2025-12-16 09:59:00-05:00,25151.75,target,117.66,2025-12-16,normal
orb_retest,short,2025-12-16 10:27:00-05:00,24950.5,2025-12-16 10:29:00-05:00,24981.0,stop,-62.34,2025-12-16,normal
inverse_orb,long,2025-12-16 10:29:00-05:00,24999.75,2025-12-16 10:29:00-05:00,24969.25,stop,-62.34,2025-12-16,normal
inverse_orb,short,2025-12-16 09:54:00-05:00,25094.0,2025-12-16 09:56:00-05:00,25124.5,stop,-62.34,2025-12-16,normal
ema_continuation,long,2025-12-16 14:09:00-05:00,25025.5,2025-12-16 14:13:00-05:00,24995.0,stop,-62.34,2025-12-16,normal
ema_continuation,short,2025-12-16 10:55:00-05:00,25081.25,2025-12-16 11:12:00-05:00,25021.75,target,117.66,2025-12-16,normal
orb_break,short,2025-12-17 09:47:00-05:00,25040.25,2025-12-17 09:49:00-05:00,25070.75,stop,-62.34,2025-12-17,normal
orb_retest,short,2025-12-17 09:50:00-05:00,25059.75,2025-12-17 09:57:00-05:00,25090.25,stop,-62.34,2025-12-17,normal
inverse_orb,long,2025-12-17 09:50:00-05:00,25060.75,2025-12-17 09:55:00-05:00,25030.25,stop,-62.34,2025-12-17,normal
ema_continuation,long,2025-12-17 10:06:00-05:00,25078.75,2025-12-17 10:12:00-05:00,25048.25,stop,-62.34,2025-12-17,normal
ema_continuation,short,2025-12-17 10:00:00-05:00,25075.75,2025-12-17 10:00:00-05:00,25106.25,stop,-62.34,2025-12-17,normal
orb_break,long,2025-12-18 10:29:00-05:00,25091.0,2025-12-18 10:37:00-05:00,25150.5,target,117.66,2025-12-18,wide
orb_retest,long,2025-12-18 10:30:00-05:00,25095.5,2025-12-18 10:38:00-05:00,25155.0,target,117.66,2025-12-18,wide
inverse_orb,short,2025-12-18 10:30:00-05:00,25094.5,2025-12-18 10:34:00-05:00,25125.0,stop,-62.34,2025-12-18,wide
ema_continuation,long,2025-12-18 15:18:00-05:00,25055.25,2025-12-18 15:58:00-05:00,25024.75,stop,-62.34,2025-12-18,wide
ema_continuation,short,2025-12-18 15:14:00-05:00,25054.5,2025-12-18 15:34:00-05:00,25085.0,stop,-62.34,2025-12-18,wide
orb_break,short,2025-12-22 10:36:00-05:00,25643.0,2025-12-22 10:42:00-05:00,25673.5,stop,-62.34,2025-12-22,normal
orb_retest,short,2025-12-22 10:43:00-05:00,25672.5,2025-12-22 11:12:00-05:00,25703.0,stop,-62.34,2025-12-22,normal
inverse_orb,long,2025-12-22 10:43:00-05:00,25673.5,2025-12-22 15:55:00-05:00,25692.5,rth_close,36.66,2025-12-22,normal
ema_continuation,long,2025-12-22 13:18:00-05:00,25691.25,2025-12-22 15:55:00-05:00,25692.5,rth_close,1.16,2025-12-22,normal
orb_break,long,2025-12-23 09:48:00-05:00,25745.5,2025-12-23 09:51:00-05:00,25715.0,stop,-62.34,2025-12-23,normal
orb_break,short,2025-12-23 10:04:00-05:00,25637.25,2025-12-23 10:10:00-05:00,25667.75,stop,-62.34,2025-12-23,normal
orb_retest,long,2025-12-23 09:49:00-05:00,25734.25,2025-12-23 09:54:00-05:00,25703.75,stop,-62.34,2025-12-23,normal
orb_retest,short,2025-12-23 10:05:00-05:00,25640.0,2025-12-23 10:10:00-05:00,25670.5,stop,-62.34,2025-12-23,normal
inverse_orb,long,2025-12-23 10:06:00-05:00,25642.25,2025-12-23 10:38:00-05:00,25701.75,target,117.66,2025-12-23,normal
inverse_orb,short,2025-12-23 09:50:00-05:00,25724.75,2025-12-23 10:01:00-05:00,25665.25,target,117.66,2025-12-23,normal
ema_continuation,long,2025-12-23 09:56:00-05:00,25684.0,2025-12-23 10:02:00-05:00,25653.5,stop,-62.34,2025-12-23,normal
orb_break,long,2025-12-24 10:13:00-05:00,25831.5,2025-12-24 12:58:00-05:00,25891.0,target,117.66,2025-12-24,tight
orb_retest,long,2025-12-24 10:14:00-05:00,25828.25,2025-12-24 12:30:00-05:00,25887.75,target,117.66,2025-12-24,tight
inverse_orb,short,2025-12-24 10:23:00-05:00,25814.25,2025-12-24 11:10:00-05:00,25844.75,stop,-62.34,2025-12-24,tight
ema_continuation,long,2025-12-24 09:47:00-05:00,25793.0,2025-12-24 11:21:00-05:00,25852.5,target,117.66,2025-12-24,tight
orb_break,short,2025-12-26 10:02:00-05:00,25842.0,2025-12-26 10:07:00-05:00,25872.5,stop,-62.34,2025-12-26,tight
orb_retest,short,2025-12-26 10:05:00-05:00,25860.0,2025-12-26 10:31:00-05:00,25890.5,stop,-62.34,2025-12-26,tight
inverse_orb,long,2025-12-26 10:07:00-05:00,25870.25,2025-12-26 10:12:00-05:00,25839.75,stop,-62.34,2025-12-26,tight
ema_continuation,long,2025-12-26 09:57:00-05:00,25877.75,2025-12-26 10:01:00-05:00,25847.25,stop,-62.34,2025-12-26,tight
orb_break,short,2025-12-29 12:27:00-05:00,25660.0,2025-12-29 12:50:00-05:00,25690.5,stop,-62.34,2025-12-29,wide
orb_retest,short,2025-12-29 12:28:00-05:00,25652.25,2025-12-29 12:43:00-05:00,25682.75,stop,-62.34,2025-12-29,wide
inverse_orb,long,2025-12-29 12:32:00-05:00,25664.25,2025-12-29 13:35:00-05:00,25723.75,target,117.66,2025-12-29,wide
ema_continuation,long,2025-12-29 15:55:00-05:00,25742.75,2025-12-29 15:55:00-05:00,25741.75,rth_close,-3.34,2025-12-29,wide
ema_continuation,short,2025-12-29 12:52:00-05:00,25697.5,2025-12-29 13:38:00-05:00,25728.0,stop,-62.34,2025-12-29,wide
orb_break,long,2025-12-30 09:50:00-05:00,25743.75,2025-12-30 10:10:00-05:00,25713.25,stop,-62.34,2025-12-30,tight
orb_retest,long,2025-12-30 09:54:00-05:00,25744.75,2025-12-30 10:10:00-05:00,25714.25,stop,-62.34,2025-12-30,tight
inverse_orb,short,2025-12-30 10:07:00-05:00,25731.75,2025-12-30 11:04:00-05:00,25762.25,stop,-62.34,2025-12-30,tight
ema_continuation,long,2025-12-30 10:05:00-05:00,25734.75,2025-12-30 10:12:00-05:00,25704.25,stop,-62.34,2025-12-30,tight
ema_continuation,short,2025-12-30 10:50:00-05:00,25717.0,2025-12-30 10:58:00-05:00,25747.5,stop,-62.34,2025-12-30,tight
orb_break,short,2025-12-31 09:46:00-05:00,25594.75,2025-12-31 09:52:00-05:00,25625.25,stop,-62.34,2025-12-31,tight
orb_retest,short,2025-12-31 09:51:00-05:00,25609.0,2025-12-31 10:55:00-05:00,25549.5,target,117.66,2025-12-31,tight
inverse_orb,long,2025-12-31 09:52:00-05:00,25624.0,2025-12-31 10:01:00-05:00,25593.5,stop,-62.34,2025-12-31,tight
ema_continuation,short,2025-12-31 11:56:00-05:00,25600.0,2025-12-31 14:03:00-05:00,25630.5,stop,-62.34,2025-12-31,tight
orb_break,long,2026-01-02 09:48:00-05:00,25763.25,2026-01-02 09:53:00-05:00,25732.75,stop,-62.34,2026-01-02,normal
orb_break,short,2026-01-02 10:13:00-05:00,25624.0,2026-01-02 10:17:00-05:00,25564.5,target,117.66,2026-01-02,normal
orb_retest,long,2026-01-02 09:54:00-05:00,25745.75,2026-01-02 10:07:00-05:00,25715.25,stop,-62.34,2026-01-02,normal
inverse_orb,short,2026-01-02 10:00:00-05:00,25766.0,2026-01-02 10:08:00-05:00,25706.5,target,117.66,2026-01-02,normal
ema_continuation,long,2026-01-02 10:17:00-05:00,25565.0,2026-01-02 10:20:00-05:00,25534.5,stop,-62.34,2026-01-02,normal
ema_continuation,short,2026-01-02 14:08:00-05:00,25346.75,2026-01-02 14:12:00-05:00,25377.25,stop,-62.34,2026-01-02,normal
orb_break,long,2026-01-05 10:29:00-05:00,25673.75,2026-01-05 10:44:00-05:00,25643.25,stop,-62.34,2026-01-05,normal
orb_retest,long,2026-01-05 10:30:00-05:00,25674.5,2026-01-05 10:44:00-05:00,25644.0,stop,-62.34,2026-01-05,normal
inverse_orb,short,2026-01-05 10:30:00-05:00,25673.5,2026-01-05 11:49:00-05:00,25704.0,stop,-62.34,2026-01-05,normal
ema_continuation,long,2026-01-05 12:22:00-05:00,25635.75,2026-01-05 13:07:00-05:00,25605.25,stop,-62.34,2026-01-05,normal
ema_continuation,short,2026-01-05 15:09:00-05:00,25592.0,2026-01-05 15:55:00-05:00,25569.75,rth_close,43.16,2026-01-05,normal
orb_break,long,2026-01-06 09:46:00-05:00,25695.75,2026-01-06 09:57:00-05:00,25755.25,target,117.66,2026-01-06,tight
orb_retest,long,2026-01-06 10:56:00-05:00,25689.0,2026-01-06 11:04:00-05:00,25658.5,stop,-62.34,2026-01-06,tight
inverse_orb,short,2026-01-06 11:02:00-05:00,25673.5,2026-01-06 11:24:00-05:00,25704.0,stop,-62.34,2026-01-06,tight
ema_continuation,long,2026-01-06 10:54:00-05:00,25701.5,2026-01-06 11:02:00-05:00,25671.0,stop,-62.34,2026-01-06,tight
orb_break,long,2026-01-07 09:47:00-05:00,25863.25,2026-01-07 10:00:00-05:00,25832.75,stop,-62.34,2026-01-07,normal
orb_retest,long,2026-01-07 09:48:00-05:00,25871.75,2026-01-07 10:00:00-05:00,25841.25,stop,-62.34,2026-01-07,normal
inverse_orb,short,2026-01-07 09:48:00-05:00,25870.75,2026-01-07 10:36:00-05:00,25901.25,stop,-62.34,2026-01-07,normal
ema_continuation,long,2026-01-07 10:04:00-05:00,25842.75,2026-01-07 10:39:00-05:00,25812.25,stop,-62.34,2026-01-07,normal
orb_break,short,2026-01-08 10:00:00-05:00,25590.5,2026-01-08 10:05:00-05:00,25621.0,stop,-62.34,2026-01-08,wide
orb_retest,short,2026-01-08 10:05:00-05:00,25637.25,2026-01-08 10:08:00-05:00,25667.75,stop,-62.34,2026-01-08,wide
inverse_orb,long,2026-01-08 10:06:00-05:00,25630.5,2026-01-08 10:16:00-05:00,25690.0,target,117.66,2026-01-08,wide
ema_continuation,short,2026-01-08 12:20:00-05:00,25674.75,2026-01-08 14:14:00-05:00,25615.25,target,117.66,2026-01-08,wide
orb_break,long,2026-01-09 10:23:00-05:00,25806.25,2026-01-09 10:31:00-05:00,25865.75,target,117.66,2026-01-09,wide
orb_break,short,2026-01-09 10:09:00-05:00,25642.0,2026-01-09 10:11:00-05:00,25672.5,stop,-62.34,2026-01-09,wide
orb_retest,long,2026-01-09 10:45:00-05:00,25778.25,2026-01-09 11:02:00-05:00,25837.75,target,117.66,2026-01-09,wide
orb_retest,short,2026-01-09 10:10:00-05:00,25666.5,2026-01-09 10:12:00-05:00,25697.0,stop,-62.34,2026-01-09,wide
inverse_orb,long,2026-01-09 10:11:00-05:00,25675.5,2026-01-09 10:13:00-05:00,25735.0,target,117.66,2026-01-09,wide
inverse_orb,short,2026-01-09 10:45:00-05:00,25777.25,2026-01-09 10:52:00-05:00,25807.75,stop,-62.34,2026-01-09,wide
ema_continuation,long,2026-01-09 13:26:00-05:00,25888.0,2026-01-09 13:37:00-05:00,25947.5,target,117.66,2026-01-09,wide
orb_break,long,2026-01-12 09:51:00-05:00,25912.5,2026-01-12 10:03:00-05:00,25882.0,stop,-62.34,2026-01-12,wide
orb_retest,long,2026-01-12 09:55:00-05:00,25896.5,2026-01-12 10:45:00-05:00,25866.0,stop,-62.34,2026-01-12,wide
inverse_orb,short,2026-01-12 10:04:00-05:00,25876.25,2026-01-12 10:14:00-05:00,25906.75,stop,-62.34,2026-01-12,wide
ema_continuation,long,2026-01-12 11:02:00-05:00,25919.5,2026-01-12 13:05:00-05:00,25979.0,target,117.66,2026-01-12,wide
ema_continuation,short,2026-01-12 10:58:00-05:00,25914.0,2026-01-12 11:14:00-05:00,25944.5,stop,-62.34,2026-01-12,wide
orb_break,short,2026-01-13 10:03:00-05:00,25917.5,2026-01-13 10:05:00-05:00,25948.0,stop,-62.34,2026-01-13,normal
orb_retest,short,2026-01-13 10:05:00-05:00,25947.5,2026-01-13 10:15:00-05:00,25888.0,target,117.66,2026-01-13,normal
inverse_orb,long,2026-01-13 10:06:00-05:00,25948.25,2026-01-13 10:09:00-05:00,25917.75,stop,-62.34,2026-01-13,normal
ema_continuation,long,2026-01-13 09:48:00-05:00,25970.25,2026-01-13 10:01:00-05:00,25939.75,stop,-62.34,2026-01-13,normal
ema_continuation,short,2026-01-13 11:16:00-05:00,25916.0,2026-01-13 11:27:00-05:00,25856.5,target,117.66,2026-01-13,normal
orb_break,short,2026-01-14 09:46:00-05:00,25652.0,2026-01-14 09:59:00-05:00,25592.5,target,117.66,2026-01-14,wide
orb_retest,short,2026-01-14 09:47:00-05:00,25657.0,2026-01-14 09:58:00-05:00,25597.5,target,117.66,2026-01-14,wide
inverse_orb,long,2026-01-14 09:47:00-05:00,25658.0,2026-01-14 09:51:00-05:00,25627.5,stop,-62.34,2026-01-14,wide
ema_continuation,short,2026-01-14 13:52:00-05:00,25510.5,2026-01-14 15:05:00-05:00,25541.0,stop,-62.34,2026-01-14,wide
orb_break,short,2026-01-15 10:08:00-05:00,25861.75,2026-01-15 10:14:00-05:00,25892.25,stop,-62.34,2026-01-15,normal
orb_retest,short,2026-01-15 10:09:00-05:00,25877.5,2026-01-15 10:24:00-05:00,25908.0,stop,-62.34,2026-01-15,normal
inverse_orb,long,2026-01-15 10:09:00-05:00,25878.5,2026-01-15 10:28:00-05:00,25848.0,stop,-62.34,2026-01-15,normal
ema_continuation,long,2026-01-15 12:31:00-05:00,25875.25,2026-01-15 14:03:00-05:00,25844.75,stop,-62.34,2026-01-15,normal
orb_break,short,2026-01-16 09:52:00-05:00,25808.0,2026-01-16 09:57:00-05:00,25748.5,target,117.66,2026-01-16,tight
ema_continuation,long,2026-01-16 15:17:00-05:00,25716.25,2026-01-16 15:50:00-05:00,25685.75,stop,-62.34,2026-01-16,tight
ema_continuation,short,2026-01-16 11:21:00-05:00,25716.0,2026-01-16 11:45:00-05:00,25746.5,stop,-62.34,2026-01-16,tight
orb_break,long,2026-01-19 09:57:00-05:00,25309.25,2026-01-19 11:11:00-05:00,25368.75,target,117.66,2026-01-19,tight
orb_break,short,2026-01-19 09:46:00-05:00,25244.75,2026-01-19 09:51:00-05:00,25275.25,stop,-62.34,2026-01-19,tight
orb_retest,long,2026-01-19 10:23:00-05:00,25293.25,2026-01-19 11:05:00-05:00,25352.75,target,117.66,2026-01-19,tight
orb_retest,short,2026-01-19 09:47:00-05:00,25253.25,2026-01-19 09:52:00-05:00,25283.75,stop,-62.34,2026-01-19,tight
inverse_orb,long,2026-01-19 09:47:00-05:00,25254.25,2026-01-19 09:58:00-05:00,25313.75,target,117.66,2026-01-19,tight
inverse_orb,short,2026-01-19 10:23:00-05:00,25292.25,2026-01-19 10:27:00-05:00,25322.75,stop,-62.34,2026-01-19,tight
ema_continuation,short,2026-01-19 12:05:00-05:00,25391.0,2026-01-19 12:59:00-05:00,25398.25,rth_close,-15.84,2026-01-19,tight
orb_break,long,2026-01-20 09:52:00-05:00,25356.25,2026-01-20 09:54:00-05:00,25325.75,stop,-62.34,2026-01-20,normal
orb_break,short,2026-01-20 13:34:00-05:00,25226.5,2026-01-20 14:18:00-05:00,25167.0,target,117.66,2026-01-20,normal
orb_retest,long,2026-01-20 09:53:00-05:00,25340.75,2026-01-20 09:56:00-05:00,25310.25,stop,-62.34,2026-01-20,normal
orb_retest,short,2026-01-20 13:36:00-05:00,25218.5,2026-01-20 14:23:00-05:00,25159.0,target,117.66,2026-01-20,normal
inverse_orb,short,2026-01-20 09:53:00-05:00,25339.75,2026-01-20 10:02:00-05:00,25280.25,target,117.66,2026-01-20,normal
ema_continuation,short,2026-01-20 10:26:00-05:00,25349.25,2026-01-20 10:32:00-05:00,25379.75,stop,-62.34,2026-01-20,normal
orb_break,long,2026-01-21 09:48:00-05:00,25215.5,2026-01-21 09:52:00-05:00,25275.0,target,117.66,2026-01-21,normal
orb_retest,long,2026-01-21 09:49:00-05:00,25236.75,2026-01-21 09:55:00-05:00,25296.25,target,117.66,2026-01-21,normal
inverse_orb,short,2026-01-21 09:49:00-05:00,25235.75,2026-01-21 09:52:00-05:00,25266.25,stop,-62.34,2026-01-21,normal
ema_continuation,long,2026-01-21 14:07:00-05:00,25247.25,2026-01-21 14:27:00-05:00,25306.75,target,117.66,2026-01-21,normal
ema_continuation,short,2026-01-21 12:59:00-05:00,25245.5,2026-01-21 13:02:00-05:00,25186.0,target,117.66,2026-01-21,normal
orb_break,short,2026-01-22 09:47:00-05:00,25603.5,2026-01-22 10:00:00-05:00,25544.0,target,117.66,2026-01-22,normal
orb_retest,short,2026-01-22 09:48:00-05:00,25576.25,2026-01-22 09:51:00-05:00,25606.75,stop,-62.34,2026-01-22,normal
inverse_orb,long,2026-01-22 09:53:00-05:00,25618.5,2026-01-22 09:55:00-05:00,25588.0,stop,-62.34,2026-01-22,normal
ema_continuation,long,2026-01-22 13:56:00-05:00,25685.25,2026-01-22 14:56:00-05:00,25654.75,stop,-62.34,2026-01-22,normal
ema_continuation,short,2026-01-22 15:53:00-05:00,25646.5,2026-01-22 15:55:00-05:00,25648.0,rth_close,-4.34,2026-01-22,normal
orb_break,long,2026-01-23 10:00:00-05:00,25676.75,2026-01-23 10:22:00-05:00,25736.25,target,117.66,2026-01-23,normal
ema_continuation,long,2026-01-23 12:01:00-05:00,25771.5,2026-01-23 12:42:00-05:00,25741.0,stop,-62.34,2026-01-23,normal
ema_continuation,short,2026-01-23 09:57:00-05:00,25645.0,2026-01-23 10:00:00-05:00,25675.5,stop,-62.34,2026-01-23,normal
orb_break,long,2026-01-26 09:47:00-05:00,25822.25,2026-01-26 10:20:00-05:00,25881.75,target,117.66,2026-01-26,normal
orb_retest,long,2026-01-26 09:48:00-05:00,25818.75,2026-01-26 10:20:00-05:00,25878.25,target,117.66,2026-01-26,normal
inverse_orb,short,2026-01-26 09:48:00-05:00,25817.75,2026-01-26 09:57:00-05:00,25848.25,stop,-62.34,2026-01-26,normal
ema_continuation,long,2026-01-26 12:48:00-05:00,25892.5,2026-01-26 15:51:00-05:00,25862.0,stop,-62.34,2026-01-26,normal
orb_break,long,2026-01-27 09:54:00-05:00,26038.0,2026-01-27 10:46:00-05:00,26097.5,target,117.66,2026-01-27,normal
ema_continuation,long,2026-01-27 12:17:00-05:00,26062.25,2026-01-27 15:55:00-05:00,26077.5,rth_close,29.16,2026-01-27,normal
orb_break,short,2026-01-28 10:33:00-05:00,26218.25,2026-01-28 11:22:00-05:00,26158.75,target,117.66,2026-01-28,tight
orb_retest,short,2026-01-28 10:34:00-05:00,26195.0,2026-01-28 10:38:00-05:00,26225.5,stop,-62.34,2026-01-28,tight
inverse_orb,long,2026-01-28 10:34:00-05:00,26196.0,2026-01-28 10:57:00-05:00,26165.5,stop,-62.34,2026-01-28,tight
ema_continuation,long,2026-01-28 10:47:00-05:00,26168.25,2026-01-28 11:41:00-05:00,26137.75,stop,-62.34,2026-01-28,tight
ema_continuation,short,2026-01-28 12:15:00-05:00,26144.0,2026-01-28 13:51:00-05:00,26174.5,stop,-62.34,2026-01-28,tight
orb_break,short,2026-01-29 09:47:00-05:00,25972.75,2026-01-29 09:48:00-05:00,26003.25,stop,-62.34,2026-01-29,wide
orb_retest,short,2026-01-29 09:48:00-05:00,26004.75,2026-01-29 09:51:00-05:00,25945.25,target,117.66,2026-01-29,wide
inverse_orb,long,2026-01-29 09:48:00-05:00,26005.75,2026-01-29 09:48:00-05:00,25975.25,stop,-62.34,2026-01-29,wide
ema_continuation,short,2026-01-29 12:03:00-05:00,25750.5,2026-01-29 12:12:00-05:00,25781.0,stop,-62.34,2026-01-29,wide
orb_break,short,2026-01-30 10:30:00-05:00,25779.25,2026-01-30 10:31:00-05:00,25809.75,stop,-62.34,2026-01-30,normal
orb_retest,short,2026-01-30 10:36:00-05:00,25834.75,2026-01-30 10:36:00-05:00,25865.25,stop,-62.34,2026-01-30,normal
inverse_orb,long,2026-01-30 10:36:00-05:00,25835.75,2026-01-30 10:41:00-05:00,25895.25,target,117.66,2026-01-30,normal
ema_continuation,long,2026-01-30 10:22:00-05:00,25875.75,2026-01-30 10:26:00-05:00,25845.25,stop,-62.34,2026-01-30,normal
ema_continuation,short,2026-01-30 09:50:00-05:00,25904.0,2026-01-30 09:58:00-05:00,25844.5,target,117.66,2026-01-30,normal
orb_break,long,2026-02-02 09:47:00-05:00,25717.75,2026-02-02 09:50:00-05:00,25777.25,target,117.66,2026-02-02,wide
orb_retest,long,2026-02-02 09:48:00-05:00,25738.5,2026-02-02 09:48:00-05:00,25708.0,stop,-62.34,2026-02-02,wide
inverse_orb,short,2026-02-02 09:48:00-05:00,25737.5,2026-02-02 09:50:00-05:00,25768.0,stop,-62.34,2026-02-02,wide
ema_continuation,long,2026-02-02 14:31:00-05:00,25911.25,2026-02-02 14:51:00-05:00,25880.75,stop,-62.34,2026-02-02,wide
ema_continuation,short,2026-02-02 15:12:00-05:00,25887.25,2026-02-02 15:55:00-05:00,25855.5,rth_close,62.16,2026-02-02,wide
orb_break,short,2026-02-03 09:55:00-05:00,25699.25,2026-02-03 09:58:00-05:00,25639.75,target,117.66,2026-02-03,wide
orb_retest,short,2026-02-03 09:56:00-05:00,25674.0,2026-02-03 09:56:00-05:00,25704.5,stop,-62.34,2026-02-03,wide
ema_continuation,short,2026-02-03 14:22:00-05:00,25339.0,2026-02-03 14:26:00-05:00,25279.5,target,117.66,2026-02-03,wide
orb_break,short,2026-02-04 09:59:00-05:00,25200.25,2026-02-04 10:01:00-05:00,25140.75,target,117.66,2026-02-04,normal
orb_retest,short,2026-02-04 10:10:00-05:00,25214.75,2026-02-04 10:10:00-05:00,25245.25,stop,-62.34,2026-02-04,normal
inverse_orb,long,2026-02-04 10:10:00-05:00,25215.75,2026-02-04 10:18:00-05:00,25185.25,stop,-62.34,2026-02-04,normal
ema_continuation,short,2026-02-04 13:59:00-05:00,24923.25,2026-02-04 14:05:00-05:00,24863.75,target,117.66,2026-02-04,normal
orb_break,short,2026-02-05 10:11:00-05:00,24618.25,2026-02-05 10:11:00-05:00,24648.75,stop,-62.34,2026-02-05,wide
orb_retest,short,2026-02-05 10:18:00-05:00,24614.25,2026-02-05 10:20:00-05:00,24644.75,stop,-62.34,2026-02-05,wide
inverse_orb,long,2026-02-05 10:40:00-05:00,24651.75,2026-02-05 10:40:00-05:00,24621.25,stop,-62.34,2026-02-05,wide
ema_continuation,short,2026-02-05 11:26:00-05:00,24726.0,2026-02-05 11:27:00-05:00,24756.5,stop,-62.34,2026-02-05,wide
orb_break,long,2026-02-06 09:46:00-05:00,24922.0,2026-02-06 09:52:00-05:00,24981.5,target,117.66,2026-02-06,wide
orb_retest,long,2026-02-06 09:47:00-05:00,24940.0,2026-02-06 09:47:00-05:00,24909.5,stop,-62.34,2026-02-06,wide
inverse_orb,short,2026-02-06 09:47:00-05:00,24939.0,2026-02-06 09:51:00-05:00,24969.5,stop,-62.34,2026-02-06,wide
ema_continuation,long,2026-02-06 10:07:00-05:00,24791.75,2026-02-06 10:07:00-05:00,24761.25,stop,-62.34,2026-02-06,wide
orb_break,long,2026-02-09 09:47:00-05:00,25168.0,2026-02-09 09:47:00-05:00,25137.5,stop,-62.34,2026-02-09,wide
orb_retest,long,2026-02-09 09:48:00-05:00,25179.25,2026-02-09 09:50:00-05:00,25148.75,stop,-62.34,2026-02-09,wide
inverse_orb,short,2026-02-09 09:51:00-05:00,25130.25,2026-02-09 10:04:00-05:00,25160.75,stop,-62.34,2026-02-09,wide
ema_continuation,long,2026-02-09 09:54:00-05:00,25123.5,2026-02-09 09:54:00-05:00,25093.0,stop,-62.34,2026-02-09,wide
orb_break,long,2026-02-10 10:07:00-05:00,25437.0,2026-02-10 10:13:00-05:00,25406.5,stop,-62.34,2026-02-10,normal
orb_break,short,2026-02-10 09:49:00-05:00,25278.25,2026-02-10 09:50:00-05:00,25308.75,stop,-62.34,2026-02-10,normal
orb_retest,long,2026-02-10 10:14:00-05:00,25391.75,2026-02-10 10:14:00-05:00,25361.25,stop,-62.34,2026-02-10,normal
orb_retest,short,2026-02-10 09:50:00-05:00,25318.0,2026-02-10 09:53:00-05:00,25348.5,stop,-62.34,2026-02-10,normal
inverse_orb,long,2026-02-10 09:50:00-05:00,25319.0,2026-02-10 09:50:00-05:00,25288.5,stop,-62.34,2026-02-10,normal
inverse_orb,short,2026-02-10 10:14:00-05:00,25390.75,2026-02-10 10:21:00-05:00,25421.25,stop,-62.34,2026-02-10,normal
ema_continuation,long,2026-02-10 10:14:00-05:00,25391.75,2026-02-10 10:14:00-05:00,25361.25,stop,-62.34,2026-02-10,normal
ema_continuation,short,2026-02-10 12:12:00-05:00,25355.25,2026-02-10 12:19:00-05:00,25385.75,stop,-62.34,2026-02-10,normal
orb_break,short,2026-02-11 09:58:00-05:00,25295.25,2026-02-11 09:58:00-05:00,25325.75,stop,-62.34,2026-02-11,normal
orb_retest,short,2026-02-11 10:02:00-05:00,25279.0,2026-02-11 10:02:00-05:00,25309.5,stop,-62.34,2026-02-11,normal
inverse_orb,long,2026-02-11 14:24:00-05:00,25345.75,2026-02-11 14:45:00-05:00,25315.25,stop,-62.34,2026-02-11,normal
ema_continuation,long,2026-02-11 09:59:00-05:00,25305.5,2026-02-11 10:03:00-05:00,25275.0,stop,-62.34,2026-02-11,normal
ema_continuation,short,2026-02-11 10:53:00-05:00,25240.75,2026-02-11 10:57:00-05:00,25271.25,stop,-62.34,2026-02-11,normal
orb_break,short,2026-02-12 09:46:00-05:00,25287.75,2026-02-12 09:56:00-05:00,25228.25,target,117.66,2026-02-12,tight
orb_retest,short,2026-02-12 09:48:00-05:00,25272.25,2026-02-12 09:57:00-05:00,25212.75,target,117.66,2026-02-12,tight
ema_continuation,short,2026-02-12 13:43:00-05:00,24892.5,2026-02-12 13:53:00-05:00,24923.0,stop,-62.34,2026-02-12,tight
orb_break,long,2026-02-13 09:46:00-05:00,24803.5,2026-02-13 09:47:00-05:00,24773.0,stop,-62.34,2026-02-13,wide
orb_retest,long,2026-02-13 09:47:00-05:00,24815.5,2026-02-13 09:47:00-05:00,24785.0,stop,-62.34,2026-02-13,wide
inverse_orb,short,2026-02-13 09:50:00-05:00,24719.75,2026-02-13 09:50:00-05:00,24750.25,stop,-62.34,2026-02-13,wide
ema_continuation,long,2026-02-13 13:06:00-05:00,24917.5,2026-02-13 13:22:00-05:00,24977.0,target,117.66,2026-02-13,wide
ema_continuation,short,2026-02-13 09:48:00-05:00,24820.0,2026-02-13 09:50:00-05:00,24760.5,target,117.66,2026-02-13,wide
orb_break,long,2026-02-17 13:40:00-05:00,24850.25,2026-02-17 13:40:00-05:00,24819.75,stop,-62.34,2026-02-17,normal
orb_break,short,2026-02-17 09:51:00-05:00,24570.75,2026-02-17 09:55:00-05:00,24511.25,target,117.66,2026-02-17,normal
orb_retest,long,2026-02-17 13:41:00-05:00,24834.5,2026-02-17 15:08:00-05:00,24804.0,stop,-62.34,2026-02-17,normal
orb_retest,short,2026-02-17 10:19:00-05:00,24633.0,2026-02-17 10:22:00-05:00,24573.5,target,117.66,2026-02-17,normal
inverse_orb,long,2026-02-17 10:19:00-05:00,24634.0,2026-02-17 10:20:00-05:00,24603.5,stop,-62.34,2026-02-17,normal
inverse_orb,short,2026-02-17 14:59:00-05:00,24814.25,2026-02-17 15:31:00-05:00,24754.75,target,117.66,2026-02-17,normal
ema_continuation,long,2026-02-17 12:13:00-05:00,24706.75,2026-02-17 12:22:00-05:00,24676.25,stop,-62.34,2026-02-17,normal
ema_continuation,short,2026-02-17 13:00:00-05:00,24677.25,2026-02-17 13:21:00-05:00,24707.75,stop,-62.34,2026-02-17,normal
orb_break,long,2026-02-18 09:46:00-05:00,24855.0,2026-02-18 09:48:00-05:00,24824.5,stop,-62.34,2026-02-18,tight
orb_retest,long,2026-02-18 09:47:00-05:00,24859.0,2026-02-18 09:48:00-05:00,24828.5,stop,-62.34,2026-02-18,tight
inverse_orb,short,2026-02-18 09:47:00-05:00,24858.0,2026-02-18 09:48:00-05:00,24798.5,target,117.66,2026-02-18,tight
ema_continuation,long,2026-02-18 09:50:00-05:00,24807.25,2026-02-18 09:54:00-05:00,24866.75,target,117.66,2026-02-18,tight
ema_continuation,short,2026-02-18 15:44:00-05:00,24941.5,2026-02-18 15:47:00-05:00,24972.0,stop,-62.34,2026-02-18,tight
orb_break,long,2026-02-19 09:54:00-05:00,24862.5,2026-02-19 10:03:00-05:00,24922.0,target,117.66,2026-02-19,normal
orb_break,short,2026-02-19 13:22:00-05:00,24767.5,2026-02-19 13:25:00-05:00,24798.0,stop,-62.34,2026-02-19,normal
orb_retest,long,2026-02-19 09:55:00-05:00,24908.25,2026-02-19 09:55:00-05:00,24877.75,stop,-62.34,2026-02-19,normal
orb_retest,short,2026-02-19 13:23:00-05:00,24781.5,2026-02-19 13:46:00-05:00,24812.0,stop,-62.34,2026-02-19,normal
inverse_orb,long,2026-02-19 13:23:00-05:00,24782.5,2026-02-19 13:59:00-05:00,24842.0,target,117.66,2026-02-19,normal
inverse_orb,short,2026-02-19 09:55:00-05:00,24907.25,2026-02-19 10:00:00-05:00,24847.75,target,117.66,2026-02-19,normal
ema_continuation,short,2026-02-19 10:16:00-05:00,24913.25,2026-02-19 10:30:00-05:00,24853.75,target,117.66,2026-02-19,normal
orb_break,long,2026-02-20 09:47:00-05:00,24915.25,2026-02-20 09:50:00-05:00,24884.75,stop,-62.34,2026-02-20,wide
orb_retest,long,2026-02-20 09:48:00-05:00,24909.5,2026-02-20 09:50:00-05:00,24879.0,stop,-62.34,2026-02-20,wide
inverse_orb,short,2026-02-20 09:48:00-05:00,24908.5,2026-02-20 09:59:00-05:00,24849.0,target,117.66,2026-02-20,wide
ema_continuation,long,2026-02-20 10:17:00-05:00,24964.25,2026-02-20 10:17:00-05:00,24933.75,stop,-62.34,2026-02-20,wide
orb_break,short,2026-02-23 09:46:00-05:00,24912.25,2026-02-23 09:50:00-05:00,24942.75,stop,-62.34,2026-02-23,normal
orb_retest,short,2026-02-23 09:47:00-05:00,24903.5,2026-02-23 09:50:00-05:00,24934.0,stop,-62.34,2026-02-23,normal
inverse_orb,long,2026-02-23 09:47:00-05:00,24904.5,2026-02-23 09:51:00-05:00,24964.0,target,117.66,2026-02-23,normal
ema_continuation,short,2026-02-23 13:02:00-05:00,24757.75,2026-02-23 13:14:00-05:00,24788.25,stop,-62.34,2026-02-23,normal
orb_break,long,2026-02-24 09:46:00-05:00,24918.75,2026-02-24 09:55:00-05:00,24888.25,stop,-62.34,2026-02-24,normal
orb_retest,long,2026-02-24 09:52:00-05:00,24936.25,2026-02-24 09:53:00-05:00,24905.75,stop,-62.34,2026-02-24,normal
inverse_orb,short,2026-02-24 09:56:00-05:00,24869.75,2026-02-24 10:09:00-05:00,24900.25,stop,-62.34,2026-02-24,normal
ema_continuation,long,2026-02-24 13:26:00-05:00,25027.0,2026-02-24 14:17:00-05:00,24996.5,stop,-62.34,2026-02-24,normal
orb_break,long,2026-02-25 09:46:00-05:00,25311.5,2026-02-25 10:21:00-05:00,25281.0,stop,-62.34,2026-02-25,tight
orb_retest,long,2026-02-25 10:54:00-05:00,25283.75,2026-02-25 12:46:00-05:00,25343.25,target,117.66,2026-02-25,tight
inverse_orb,short,2026-02-25 10:56:00-05:00,25271.5,2026-02-25 11:00:00-05:00,25302.0,stop,-62.34,2026-02-25,tight
ema_continuation,long,2026-02-25 15:31:00-05:00,25353.0,2026-02-25 15:55:00-05:00,25380.75,rth_close,54.16,2026-02-25,tight
orb_break,short,2026-02-26 09:49:00-05:00,25229.75,2026-02-26 10:01:00-05:00,25170.25,target,117.66,2026-02-26,tight
orb_retest,short,2026-02-26 09:50:00-05:00,25229.75,2026-02-26 10:01:00-05:00,25170.25,target,117.66,2026-02-26,tight
inverse_orb,long,2026-02-26 09:50:00-05:00,25230.75,2026-02-26 09:52:00-05:00,25200.25,stop,-62.34,2026-02-26,tight
ema_continuation,short,2026-02-26 13:36:00-05:00,24997.75,2026-02-26 13:45:00-05:00,25028.25,stop,-62.34,2026-02-26,tight
orb_break,long,2026-02-27 09:49:00-05:00,24926.75,2026-02-27 09:50:00-05:00,24896.25,stop,-62.34,2026-02-27,normal
orb_retest,long,2026-02-27 09:51:00-05:00,24916.0,2026-02-27 09:53:00-05:00,24885.5,stop,-62.34,2026-02-27,normal
inverse_orb,short,2026-02-27 09:51:00-05:00,24915.0,2026-02-27 09:56:00-05:00,24855.5,target,117.66,2026-02-27,normal
ema_continuation,long,2026-02-27 15:38:00-05:00,24925.75,2026-02-27 15:54:00-05:00,24985.25,target,117.66,2026-02-27,normal
ema_continuation,short,2026-02-27 10:13:00-05:00,24974.75,2026-02-27 10:44:00-05:00,25005.25,stop,-62.34,2026-02-27,normal
orb_break,long,2026-03-02 09:50:00-05:00,24869.75,2026-03-02 09:52:00-05:00,24839.25,stop,-62.34,2026-03-02,wide
orb_retest,long,2026-03-02 09:51:00-05:00,24855.5,2026-03-02 09:52:00-05:00,24825.0,stop,-62.34,2026-03-02,wide
inverse_orb,short,2026-03-02 09:51:00-05:00,24854.5,2026-03-02 09:51:00-05:00,24885.0,stop,-62.34,2026-03-02,wide
ema_continuation,long,2026-03-02 10:49:00-05:00,24925.5,2026-03-02 10:54:00-05:00,24895.0,stop,-62.34,2026-03-02,wide
ema_continuation,short,2026-03-02 10:08:00-05:00,24915.25,2026-03-02 10:13:00-05:00,24945.75,stop,-62.34,2026-03-02,wide
orb_break,long,2026-03-03 11:46:00-05:00,24718.5,2026-03-03 11:46:00-05:00,24688.0,stop,-62.34,2026-03-03,normal
orb_break,short,2026-03-03 09:50:00-05:00,24518.0,2026-03-03 09:51:00-05:00,24548.5,stop,-62.34,2026-03-03,normal
orb_retest,long,2026-03-03 11:50:00-05:00,24681.75,2026-03-03 12:01:00-05:00,24651.25,stop,-62.34,2026-03-03,normal
orb_retest,short,2026-03-03 09:51:00-05:00,24527.0,2026-03-03 09:51:00-05:00,24557.5,stop,-62.34,2026-03-03,normal
inverse_orb,long,2026-03-03 09:51:00-05:00,24528.0,2026-03-03 09:58:00-05:00,24497.5,stop,-62.34,2026-03-03,normal
inverse_orb,short,2026-03-03 12:02:00-05:00,24668.5,2026-03-03 12:25:00-05:00,24699.0,stop,-62.34,2026-03-03,normal
ema_continuation,long,2026-03-03 15:17:00-05:00,24751.5,2026-03-03 15:52:00-05:00,24721.0,stop,-62.34,2026-03-03,normal
ema_continuation,short,2026-03-03 11:22:00-05:00,24594.75,2026-03-03 11:23:00-05:00,24625.25,stop,-62.34,2026-03-03,normal
orb_break,long,2026-03-04 10:02:00-05:00,24955.0,2026-03-04 10:03:00-05:00,24924.5,stop,-62.34,2026-03-04,normal
orb_retest,long,2026-03-04 10:03:00-05:00,24902.0,2026-03-04 10:03:00-05:00,24961.5,target,117.66,2026-03-04,normal
inverse_orb,short,2026-03-04 10:03:00-05:00,24901.0,2026-03-04 10:03:00-05:00,24931.5,stop,-62.34,2026-03-04,normal
ema_continuation,long,2026-03-04 15:01:00-05:00,25188.0,2026-03-04 15:10:00-05:00,25157.5,stop,-62.34,2026-03-04,normal
orb_break,long,2026-03-05 09:52:00-05:00,25124.75,2026-03-05 09:59:00-05:00,25184.25,target,117.66,2026-03-05,normal
orb_break,short,2026-03-05 10:31:00-05:00,24939.0,2026-03-05 10:33:00-05:00,24969.5,stop,-62.34,2026-03-05,normal
orb_retest,long,2026-03-05 09:53:00-05:00,25128.25,2026-03-05 10:00:00-05:00,25187.75,target,117.66,2026-03-05,normal
orb_retest,short,2026-03-05 10:37:00-05:00,25010.75,2026-03-05 10:39:00-05:00,25041.25,stop,-62.34,2026-03-05,normal
inverse_orb,long,2026-03-05 10:38:00-05:00,25028.75,2026-03-05 10:52:00-05:00,25088.25,target,117.66,2026-03-05,normal
inverse_orb,short,2026-03-05 09:53:00-05:00,25127.25,2026-03-05 09:57:00-05:00,25157.75,stop,-62.34,2026-03-05,normal
ema_continuation,long,2026-03-05 10:08:00-05:00,25127.5,2026-03-05 10:20:00-05:00,25097.0,stop,-62.34,2026-03-05,normal
ema_continuation,short,2026-03-05 09:55:00-05:00,25135.75,2026-03-05 09:57:00-05:00,25166.25,stop,-62.34,2026-03-05,normal
orb_break,long,2026-03-06 10:01:00-05:00,24741.0,2026-03-06 10:08:00-05:00,24710.5,stop,-62.34,2026-03-06,tight
orb_retest,long,2026-03-06 10:02:00-05:00,24769.0,2026-03-06 10:04:00-05:00,24738.5,stop,-62.34,2026-03-06,tight
inverse_orb,short,2026-03-06 10:09:00-05:00,24675.5,2026-03-06 10:09:00-05:00,24706.0,stop,-62.34,2026-03-06,tight
ema_continuation,long,2026-03-06 13:28:00-05:00,24826.0,2026-03-06 13:54:00-05:00,24795.5,stop,-62.34,2026-03-06,tight
ema_continuation,short,2026-03-06 10:31:00-05:00,24851.5,2026-03-06 10:37:00-05:00,24882.0,stop,-62.34,2026-03-06,tight
orb_break,long,2026-03-09 10:45:00-04:00,24557.0,2026-03-09 11:15:00-04:00,24616.5,target,117.66,2026-03-09,normal
orb_break,short,2026-03-09 09:46:00-04:00,24389.0,2026-03-09 09:46:00-04:00,24419.5,stop,-62.34,2026-03-09,normal
orb_retest,short,2026-03-09 09:47:00-04:00,24404.25,2026-03-09 09:50:00-04:00,24344.75,target,117.66,2026-03-09,normal
inverse_orb,long,2026-03-09 09:47:00-04:00,24405.25,2026-03-09 09:47:00-04:00,24374.75,stop,-62.34,2026-03-09,normal
ema_continuation,long,2026-03-09 13:18:00-04:00,24654.75,2026-03-09 13:21:00-04:00,24624.25,stop,-62.34,2026-03-09,normal
ema_continuation,short,2026-03-09 14:02:00-04:00,24628.0,2026-03-09 14:19:00-04:00,24658.5,stop,-62.34,2026-03-09,normal
orb_break,long,2026-03-10 10:40:00-04:00,25085.0,2026-03-10 10:57:00-04:00,25144.5,target,117.66,2026-03-10,tight
orb_break,short,2026-03-10 09:59:00-04:00,24963.75,2026-03-10 10:05:00-04:00,24994.25,stop,-62.34,2026-03-10,tight
orb_retest,long,2026-03-10 10:41:00-04:00,25097.5,2026-03-10 11:00:00-04:00,25157.0,target,117.66,2026-03-10,tight
orb_retest,short,2026-03-10 10:00:00-04:00,24929.75,2026-03-10 10:00:00-04:00,24960.25,stop,-62.34,2026-03-10,tight
inverse_orb,long,2026-03-10 10:00:00-04:00,24930.75,2026-03-10 10:05:00-04:00,24990.25,target,117.66,2026-03-10,tight
inverse_orb,short,2026-03-10 14:15:00-04:00,25059.75,2026-03-10 14:20:00-04:00,25000.25,target,117.66,2026-03-10,tight
ema_continuation,long,2026-03-10 12:08:00-04:00,25092.5,2026-03-10 12:25:00-04:00,25152.0,target,117.66,2026-03-10,tight
orb_break,long,2026-03-11 10:01:00-04:00,25149.25,2026-03-11 10:03:00-04:00,25118.75,stop,-62.34,2026-03-11,tight
orb_break,short,2026-03-11 09:51:00-04:00,25022.25,2026-03-11 09:53:00-04:00,25052.75,stop,-62.34,2026-03-11,tight
orb_retest,long,2026-03-11 10:04:00-04:00,25123.0,2026-03-11 10:08:00-04:00,25092.5,stop,-62.34,2026-03-11,tight
orb_retest,short,2026-03-11 09:53:00-04:00,25054.25,2026-03-11 09:58:00-04:00,25084.75,stop,-62.34,2026-03-11,tight
inverse_orb,long,2026-03-11 09:53:00-04:00,25055.25,2026-03-11 10:00:00-04:00,25114.75,target,117.66,2026-03-11,tight
inverse_orb,short,2026-03-11 10:04:00-04:00,25122.0,2026-03-11 10:12:00-04:00,25062.5,target,117.66,2026-03-11,tight
ema_continuation,long,2026-03-11 09:49:00-04:00,25050.75,2026-03-11 09:51:00-04:00,25020.25,stop,-62.34,2026-03-11,tight
ema_continuation,short,2026-03-11 12:31:00-04:00,24987.25,2026-03-11 13:00:00-04:00,25017.75,stop,-62.34,2026-03-11,tight
orb_break,short,2026-03-12 09:46:00-04:00,24707.25,2026-03-12 09:49:00-04:00,24737.75,stop,-62.34,2026-03-12,tight
orb_retest,short,2026-03-12 09:51:00-04:00,24727.25,2026-03-12 09:51:00-04:00,24757.75,stop,-62.34,2026-03-12,tight
inverse_orb,long,2026-03-12 09:51:00-04:00,24728.25,2026-03-12 09:52:00-04:00,24697.75,stop,-62.34,2026-03-12,tight
ema_continuation,short,2026-03-12 11:40:00-04:00,24656.75,2026-03-12 11:40:00-04:00,24687.25,stop,-62.34,2026-03-12,tight
orb_break,long,2026-03-13 09:46:00-04:00,24788.25,2026-03-13 09:49:00-04:00,24757.75,stop,-62.34,2026-03-13,normal
orb_break,short,2026-03-13 10:44:00-04:00,24594.75,2026-03-13 10:55:00-04:00,24535.25,target,117.66,2026-03-13,normal
orb_retest,long,2026-03-13 09:48:00-04:00,24771.25,2026-03-13 09:50:00-04:00,24740.75,stop,-62.34,2026-03-13,normal
orb_retest,short,2026-03-13 10:45:00-04:00,24584.75,2026-03-13 10:56:00-04:00,24525.25,target,117.66,2026-03-13,normal
inverse_orb,short,2026-03-13 09:49:00-04:00,24754.5,2026-03-13 09:53:00-04:00,24785.0,stop,-62.34,2026-03-13,normal
ema_continuation,short,2026-03-13 13:15:00-04:00,24464.75,2026-03-13 13:46:00-04:00,24405.25,target,117.66,2026-03-13,normal
orb_break,long,2026-03-16 09:46:00-04:00,24720.5,2026-03-16 09:52:00-04:00,24690.0,stop,-62.34,2026-03-16,tight
orb_retest,long,2026-03-16 09:47:00-04:00,24733.5,2026-03-16 09:48:00-04:00,24703.0,stop,-62.34,2026-03-16,tight
inverse_orb,short,2026-03-16 09:49:00-04:00,24713.25,2026-03-16 09:58:00-04:00,24743.75,stop,-62.34,2026-03-16,tight
ema_continuation,long,2026-03-16 12:05:00-04:00,24675.0,2026-03-16 12:21:00-04:00,24644.5,stop,-62.34,2026-03-16,tight
orb_break,long,2026-03-17 09:46:00-04:00,24893.25,2026-03-17 09:52:00-04:00,24862.75,stop,-62.34,2026-03-17,tight
orb_break,short,2026-03-17 11:37:00-04:00,24743.5,2026-03-17 11:44:00-04:00,24774.0,stop,-62.34,2026-03-17,tight
orb_retest,long,2026-03-17 09:58:00-04:00,24857.75,2026-03-17 10:11:00-04:00,24827.25,stop,-62.34,2026-03-17,tight
orb_retest,short,2026-03-17 11:38:00-04:00,24740.5,2026-03-17 11:44:00-04:00,24771.0,stop,-62.34,2026-03-17,tight
inverse_orb,long,2026-03-17 11:40:00-04:00,24765.0,2026-03-17 12:07:00-04:00,24734.5,stop,-62.34,2026-03-17,tight
inverse_orb,short,2026-03-17 09:59:00-04:00,24873.75,2026-03-17 10:14:00-04:00,24814.25,target,117.66,2026-03-17,tight
ema_continuation,long,2026-03-17 11:09:00-04:00,24803.0,2026-03-17 11:34:00-04:00,24772.5,stop,-62.34,2026-03-17,tight
orb_break,long,2026-03-18 09:47:00-04:00,24769.5,2026-03-18 09:50:00-04:00,24739.0,stop,-62.34,2026-03-18,tight
orb_break,short,2026-03-18 10:14:00-04:00,24674.0,2026-03-18 10:16:00-04:00,24704.5,stop,-62.34,2026-03-18,tight
orb_retest,long,2026-03-18 09:48:00-04:00,24746.5,2026-03-18 09:54:00-04:00,24716.0,stop,-62.34,2026-03-18,tight
orb_retest,short,2026-03-18 10:15:00-04:00,24686.25,2026-03-18 10:26:00-04:00,24626.75,target,117.66,2026-03-18,tight
inverse_orb,long,2026-03-18 10:16:00-04:00,24692.75,2026-03-18 10:25:00-04:00,24662.25,stop,-62.34,2026-03-18,tight
inverse_orb,short,2026-03-18 09:48:00-04:00,24745.5,2026-03-18 10:13:00-04:00,24686.0,target,117.66,2026-03-18,tight
ema_continuation,short,2026-03-18 09:47:00-04:00,24768.5,2026-03-18 10:02:00-04:00,24709.0,target,117.66,2026-03-18,tight
orb_break,long,2026-03-19 09:50:00-04:00,24275.5,2026-03-19 09:50:00-04:00,24245.0,stop,-62.34,2026-03-19,normal
orb_retest,long,2026-03-19 09:51:00-04:00,24284.25,2026-03-19 09:52:00-04:00,24253.75,stop,-62.34,2026-03-19,normal
inverse_orb,short,2026-03-19 10:22:00-04:00,24220.75,2026-03-19 10:31:00-04:00,24251.25,stop,-62.34,2026-03-19,normal
ema_continuation,short,2026-03-19 11:13:00-04:00,24338.5,2026-03-19 11:19:00-04:00,24279.0,target,117.66,2026-03-19,normal
orb_break,long,2026-03-23 09:50:00-04:00,24575.25,2026-03-23 09:51:00-04:00,24544.75,stop,-62.34,2026-03-23,normal
orb_break,short,2026-03-23 11:57:00-04:00,24404.0,2026-03-23 12:08:00-04:00,24434.5,stop,-62.34,2026-03-23,normal
orb_retest,long,2026-03-23 09:51:00-04:00,24569.5,2026-03-23 09:55:00-04:00,24539.0,stop,-62.34,2026-03-23,normal
orb_retest,short,2026-03-23 12:08:00-04:00,24452.25,2026-03-23 12:20:00-04:00,24392.75,target,117.66,2026-03-23,normal
inverse_orb,long,2026-03-23 12:09:00-04:00,24437.0,2026-03-23 12:17:00-04:00,24406.5,stop,-62.34,2026-03-23,normal
inverse_orb,short,2026-03-23 09:56:00-04:00,24559.25,2026-03-23 09:58:00-04:00,24589.75,stop,-62.34,2026-03-23,normal
ema_continuation,long,2026-03-23 11:37:00-04:00,24556.25,2026-03-23 11:41:00-04:00,24525.75,stop,-62.34,2026-03-23,normal
ema_continuation,short,2026-03-23 13:44:00-04:00,24414.25,2026-03-23 13:55:00-04:00,24444.75,stop,-62.34,2026-03-23,normal
orb_break,long,2026-03-24 10:57:00-04:00,24318.5,2026-03-24 10:58:00-04:00,24288.0,stop,-62.34,2026-03-24,wide
orb_retest,long,2026-03-24 10:58:00-04:00,24278.5,2026-03-24 10:59:00-04:00,24248.0,stop,-62.34,2026-03-24,wide
inverse_orb,short,2026-03-24 10:59:00-04:00,24243.5,2026-03-24 10:59:00-04:00,24274.0,stop,-62.34,2026-03-24,wide
ema_continuation,long,2026-03-24 15:29:00-04:00,24267.5,2026-03-24 15:35:00-04:00,24237.0,stop,-62.34,2026-03-24,wide
ema_continuation,short,2026-03-24 10:53:00-04:00,24312.75,2026-03-24 10:59:00-04:00,24253.25,target,117.66,2026-03-24,wide
orb_break,short,2026-03-25 09:50:00-04:00,24380.0,2026-03-25 09:50:00-04:00,24410.5,stop,-62.34,2026-03-25,tight
orb_retest,short,2026-03-25 10:07:00-04:00,24391.75,2026-03-25 10:07:00-04:00,24422.25,stop,-62.34,2026-03-25,tight
inverse_orb,long,2026-03-25 10:13:00-04:00,24428.5,2026-03-25 10:22:00-04:00,24488.0,target,117.66,2026-03-25,tight
ema_continuation,long,2026-03-25 11:12:00-04:00,24394.0,2026-03-25 11:16:00-04:00,24363.5,stop,-62.34,2026-03-25,tight
ema_continuation,short,2026-03-25 15:51:00-04:00,24356.0,2026-03-25 15:55:00-04:00,24386.5,stop,-62.34,2026-03-25,tight
orb_break,long,2026-03-26 09:46:00-04:00,24155.0,2026-03-26 09:52:00-04:00,24214.5,target,117.66,2026-03-26,tight
orb_break,short,2026-03-26 11:32:00-04:00,24060.25,2026-03-26 11:41:00-04:00,24090.75,stop,-62.34,2026-03-26,tight
orb_retest,long,2026-03-26 09:47:00-04:00,24186.5,2026-03-26 09:47:00-04:00,24156.0,stop,-62.34,2026-03-26,tight
orb_retest,short,2026-03-26 11:34:00-04:00,24062.5,2026-03-26 11:41:00-04:00,24093.0,stop,-62.34,2026-03-26,tight
inverse_orb,long,2026-03-26 11:36:00-04:00,24069.5,2026-03-26 12:17:00-04:00,24039.0,stop,-62.34,2026-03-26,tight
inverse_orb,short,2026-03-26 09:47:00-04:00,24185.5,2026-03-26 09:52:00-04:00,24216.0,stop,-62.34,2026-03-26,tight
orb_break,short,2026-03-27 09:55:00-04:00,23507.0,2026-03-27 10:00:00-04:00,23447.5,target,117.66,2026-03-27,normal
orb_retest,short,2026-03-27 10:13:00-04:00,23501.75,2026-03-27 10:13:00-04:00,23532.25,stop,-62.34,2026-03-27,normal
inverse_orb,long,2026-03-27 10:16:00-04:00,23548.75,2026-03-27 10:22:00-04:00,23518.25,stop,-62.34,2026-03-27,normal
ema_continuation,short,2026-03-27 11:39:00-04:00,23563.0,2026-03-27 12:10:00-04:00,23503.5,target,117.66,2026-03-27,normal
orb_break,short,2026-03-30 09:47:00-04:00,23366.75,2026-03-30 09:57:00-04:00,23307.25,target,117.66,2026-03-30,wide
orb_retest,short,2026-03-30 09:48:00-04:00,23374.0,2026-03-30 09:56:00-04:00,23314.5,target,117.66,2026-03-30,wide
inverse_orb,long,2026-03-30 09:49:00-04:00,23359.0,2026-03-30 09:55:00-04:00,23328.5,stop,-62.34,2026-03-30,wide
ema_continuation,short,2026-03-30 10:10:00-04:00,23334.25,2026-03-30 10:12:00-04:00,23364.75,stop,-62.34,2026-03-30,wide
orb_break,long,2026-03-31 09:47:00-04:00,23483.5,2026-03-31 09:53:00-04:00,23543.0,target,117.66,2026-03-31,tight
orb_retest,long,2026-03-31 09:48:00-04:00,23483.75,2026-03-31 09:53:00-04:00,23543.25,target,117.66,2026-03-31,tight
inverse_orb,short,2026-03-31 10:49:00-04:00,23447.75,2026-03-31 10:55:00-04:00,23388.25,target,117.66,2026-03-31,tight
ema_continuation,long,2026-03-31 10:56:00-04:00,23389.5,2026-03-31 11:02:00-04:00,23449.0,target,117.66,2026-03-31,tight
orb_break,long,2026-04-01 10:23:00-04:00,24200.5,2026-04-01 10:24:00-04:00,24170.0,stop,-62.34,2026-04-01,normal
orb_retest,long,2026-04-01 10:24:00-04:00,24176.5,2026-04-01 10:35:00-04:00,24146.0,stop,-62.34,2026-04-01,normal
inverse_orb,short,2026-04-01 10:25:00-04:00,24194.75,2026-04-01 10:36:00-04:00,24135.25,target,117.66,2026-04-01,normal
ema_continuation,long,2026-04-01 13:52:00-04:00,24300.5,2026-04-01 13:58:00-04:00,24270.0,stop,-62.34,2026-04-01,normal
orb_break,long,2026-04-02 09:54:00-04:00,23846.0,2026-04-02 09:59:00-04:00,23905.5,target,117.66,2026-04-02,normal
ema_continuation,long,2026-04-02 11:58:00-04:00,24131.0,2026-04-02 12:08:00-04:00,24100.5,stop,-62.34,2026-04-02,normal
ema_continuation,short,2026-04-02 10:34:00-04:00,24016.75,2026-04-02 10:35:00-04:00,24047.25,stop,-62.34,2026-04-02,normal
orb_break,long,2026-04-06 09:51:00-04:00,24396.75,2026-04-06 09:53:00-04:00,24366.25,stop,-62.34,2026-04-06,normal
orb_break,short,2026-04-06 13:13:00-04:00,24208.5,2026-04-06 13:13:00-04:00,24239.0,stop,-62.34,2026-04-06,normal
orb_retest,long,2026-04-06 09:54:00-04:00,24381.5,2026-04-06 10:00:00-04:00,24441.0,target,117.66,2026-04-06,normal
orb_retest,short,2026-04-06 13:18:00-04:00,24238.25,2026-04-06 13:22:00-04:00,24268.75,stop,-62.34,2026-04-06,normal
inverse_orb,long,2026-04-06 13:20:00-04:00,24233.0,2026-04-06 13:25:00-04:00,24292.5,target,117.66,2026-04-06,normal
inverse_orb,short,2026-04-06 09:56:00-04:00,24387.25,2026-04-06 09:59:00-04:00,24417.75,stop,-62.34,2026-04-06,normal
ema_continuation,long,2026-04-06 10:48:00-04:00,24275.5,2026-04-06 11:02:00-04:00,24335.0,target,117.66,2026-04-06,normal
ema_continuation,short,2026-04-06 13:25:00-04:00,24297.0,2026-04-06 13:34:00-04:00,24327.5,stop,-62.34,2026-04-06,normal
orb_break,long,2026-04-07 15:46:00-04:00,24309.5,2026-04-07 15:46:00-04:00,24279.0,stop,-62.34,2026-04-07,normal
orb_break,short,2026-04-07 09:47:00-04:00,24160.25,2026-04-07 09:54:00-04:00,24190.75,stop,-62.34,2026-04-07,normal
orb_retest,long,2026-04-07 15:47:00-04:00,24309.25,2026-04-07 15:47:00-04:00,24278.75,stop,-62.34,2026-04-07,normal
orb_retest,short,2026-04-07 09:55:00-04:00,24194.75,2026-04-07 09:59:00-04:00,24135.25,target,117.66,2026-04-07,normal
inverse_orb,long,2026-04-07 09:55:00-04:00,24195.75,2026-04-07 09:56:00-04:00,24165.25,stop,-62.34,2026-04-07,normal
inverse_orb,short,2026-04-07 15:49:00-04:00,24285.5,2026-04-07 15:50:00-04:00,24316.0,stop,-62.34,2026-04-07,normal
ema_continuation,long,2026-04-07 14:25:00-04:00,24193.0,2026-04-07 14:41:00-04:00,24162.5,stop,-62.34,2026-04-07,normal
ema_continuation,short,2026-04-07 11:57:00-04:00,24096.5,2026-04-07 12:02:00-04:00,24127.0,stop,-62.34,2026-04-07,normal
orb_break,short,2026-04-08 09:52:00-04:00,25095.0,2026-04-08 10:31:00-04:00,25035.5,target,117.66,2026-04-08,wide
orb_retest,short,2026-04-08 09:53:00-04:00,25089.0,2026-04-08 10:31:00-04:00,25029.5,target,117.66,2026-04-08,wide
inverse_orb,long,2026-04-08 09:53:00-04:00,25090.0,2026-04-08 10:06:00-04:00,25059.5,stop,-62.34,2026-04-08,wide
orb_break,long,2026-04-09 11:33:00-04:00,25136.75,2026-04-09 11:38:00-04:00,25106.25,stop,-62.34,2026-04-09,tight
orb_break,short,2026-04-09 09:57:00-04:00,25035.25,2026-04-09 10:26:00-04:00,24975.75,target,117.66,2026-04-09,tight
orb_retest,long,2026-04-09 11:35:00-04:00,25124.75,2026-04-09 11:38:00-04:00,25094.25,stop,-62.34,2026-04-09,tight
orb_retest,short,2026-04-09 09:58:00-04:00,25025.75,2026-04-09 10:05:00-04:00,25056.25,stop,-62.34,2026-04-09,tight
inverse_orb,long,2026-04-09 09:58:00-04:00,25026.75,2026-04-09 10:15:00-04:00,24996.25,stop,-62.34,2026-04-09,tight
inverse_orb,short,2026-04-09 11:39:00-04:00,25109.0,2026-04-09 11:42:00-04:00,25139.5,stop,-62.34,2026-04-09,tight
ema_continuation,long,2026-04-09 11:08:00-04:00,25026.0,2026-04-09 11:15:00-04:00,25085.5,target,117.66,2026-04-09,tight
orb_break,long,2026-04-10 11:16:00-04:00,25376.25,2026-04-10 11:29:00-04:00,25345.75,stop,-62.34,2026-04-10,tight
orb_break,short,2026-04-10 10:02:00-04:00,25293.5,2026-04-10 10:14:00-04:00,25324.0,stop,-62.34,2026-04-10,tight
orb_retest,long,2026-04-10 11:17:00-04:00,25377.0,2026-04-10 11:29:00-04:00,25346.5,stop,-62.34,2026-04-10,tight
orb_retest,short,2026-04-10 10:03:00-04:00,25290.25,2026-04-10 10:14:00-04:00,25320.75,stop,-62.34,2026-04-10,tight
inverse_orb,long,2026-04-10 10:03:00-04:00,25291.25,2026-04-10 10:25:00-04:00,25350.75,target,117.66,2026-04-10,tight
inverse_orb,short,2026-04-10 11:20:00-04:00,25372.75,2026-04-10 11:38:00-04:00,25313.25,target,117.66,2026-04-10,tight
ema_continuation,long,2026-04-10 11:38:00-04:00,25316.5,2026-04-10 11:40:00-04:00,25286.0,stop,-62.34,2026-04-10,tight
ema_continuation,short,2026-04-10 14:55:00-04:00,25253.0,2026-04-10 15:12:00-04:00,25283.5,stop,-62.34,2026-04-10,tight
orb_break,long,2026-04-13 09:50:00-04:00,25292.0,2026-04-13 09:51:00-04:00,25261.5,stop,-62.34,2026-04-13,tight
orb_break,short,2026-04-13 09:46:00-04:00,25178.0,2026-04-13 09:48:00-04:00,25208.5,stop,-62.34,2026-04-13,tight
orb_retest,long,2026-04-13 09:53:00-04:00,25243.75,2026-04-13 09:59:00-04:00,25303.25,target,117.66,2026-04-13,tight
orb_retest,short,2026-04-13 09:47:00-04:00,25165.5,2026-04-13 09:48:00-04:00,25196.0,stop,-62.34,2026-04-13,tight
inverse_orb,long,2026-04-13 09:47:00-04:00,25166.5,2026-04-13 09:48:00-04:00,25226.0,target,117.66,2026-04-13,tight
ema_continuation,long,2026-04-13 10:20:00-04:00,25274.25,2026-04-13 10:54:00-04:00,25333.75,target,117.66,2026-04-13,tight
orb_break,long,2026-04-14 09:46:00-04:00,25750.75,2026-04-14 09:59:00-04:00,25720.25,stop,-62.34,2026-04-14,normal
orb_retest,long,2026-04-14 09:47:00-04:00,25740.75,2026-04-14 10:04:00-04:00,25710.25,stop,-62.34,2026-04-14,normal
inverse_orb,short,2026-04-14 09:47:00-04:00,25739.75,2026-04-14 10:14:00-04:00,25770.25,stop,-62.34,2026-04-14,normal
ema_continuation,long,2026-04-14 14:19:00-04:00,25912.5,2026-04-14 15:16:00-04:00,25972.0,target,117.66,2026-04-14,normal
orb_break,long,2026-04-15 09:58:00-04:00,26061.75,2026-04-15 10:24:00-04:00,26121.25,target,117.66,2026-04-15,tight
orb_retest,long,2026-04-15 09:59:00-04:00,26069.5,2026-04-15 10:24:00-04:00,26129.0,target,117.66,2026-04-15,tight
inverse_orb,short,2026-04-15 10:01:00-04:00,26067.25,2026-04-15 10:15:00-04:00,26097.75,stop,-62.34,2026-04-15,tight
ema_continuation,long,2026-04-15 12:41:00-04:00,26150.25,2026-04-15 12:53:00-04:00,26119.75,stop,-62.34,2026-04-15,tight
orb_break,long,2026-04-16 11:09:00-04:00,26465.0,2026-04-16 11:36:00-04:00,26524.5,target,117.66,2026-04-16,normal
orb_break,short,2026-04-16 09:52:00-04:00,26317.75,2026-04-16 10:06:00-04:00,26348.25,stop,-62.34,2026-04-16,normal
orb_retest,long,2026-04-16 11:31:00-04:00,26474.25,2026-04-16 11:37:00-04:00,26533.75,target,117.66,2026-04-16,normal
orb_retest,short,2026-04-16 10:07:00-04:00,26353.75,2026-04-16 10:13:00-04:00,26384.25,stop,-62.34,2026-04-16,normal
inverse_orb,long,2026-04-16 10:07:00-04:00,26354.75,2026-04-16 10:18:00-04:00,26324.25,stop,-62.34,2026-04-16,normal
inverse_orb,short,2026-04-16 12:34:00-04:00,26469.0,2026-04-16 12:38:00-04:00,26499.5,stop,-62.34,2026-04-16,normal
ema_continuation,long,2026-04-16 09:53:00-04:00,26301.75,2026-04-16 10:08:00-04:00,26361.25,target,117.66,2026-04-16,normal
orb_break,long,2026-04-17 09:52:00-04:00,26723.75,2026-04-17 09:54:00-04:00,26693.25,stop,-62.34,2026-04-17,tight
orb_retest,long,2026-04-17 09:53:00-04:00,26719.0,2026-04-17 09:54:00-04:00,26688.5,stop,-62.34,2026-04-17,tight
inverse_orb,short,2026-04-17 09:54:00-04:00,26711.0,2026-04-17 10:00:00-04:00,26741.5,stop,-62.34,2026-04-17,tight
ema_continuation,long,2026-04-17 13:09:00-04:00,26847.5,2026-04-17 13:18:00-04:00,26817.0,stop,-62.34,2026-04-17,tight
orb_break,short,2026-04-20 09:49:00-04:00,26731.0,2026-04-20 09:52:00-04:00,26761.5,stop,-62.34,2026-04-20,normal
orb_retest,short,2026-04-20 09:50:00-04:00,26733.5,2026-04-20 09:52:00-04:00,26764.0,stop,-62.34,2026-04-20,normal
inverse_orb,long,2026-04-20 09:51:00-04:00,26748.0,2026-04-20 10:18:00-04:00,26717.5,stop,-62.34,2026-04-20,normal
ema_continuation,long,2026-04-20 15:26:00-04:00,26721.75,2026-04-20 15:55:00-04:00,26724.5,rth_close,4.16,2026-04-20,normal
ema_continuation,short,2026-04-20 12:21:00-04:00,26677.25,2026-04-20 13:18:00-04:00,26707.75,stop,-62.34,2026-04-20,normal
orb_break,long,2026-04-21 10:00:00-04:00,26845.25,2026-04-21 10:23:00-04:00,26814.75,stop,-62.34,2026-04-21,normal
orb_break,short,2026-04-21 11:01:00-04:00,26702.0,2026-04-21 11:08:00-04:00,26732.5,stop,-62.34,2026-04-21,normal
orb_retest,long,2026-04-21 10:01:00-04:00,26846.75,2026-04-21 10:23:00-04:00,26816.25,stop,-62.34,2026-04-21,normal
orb_retest,short,2026-04-21 11:09:00-04:00,26745.75,2026-04-21 11:19:00-04:00,26776.25,stop,-62.34,2026-04-21,normal
inverse_orb,long,2026-04-21 11:09:00-04:00,26746.75,2026-04-21 11:27:00-04:00,26716.25,stop,-62.34,2026-04-21,normal
inverse_orb,short,2026-04-21 10:03:00-04:00,26826.5,2026-04-21 10:07:00-04:00,26857.0,stop,-62.34,2026-04-21,normal
ema_continuation,long,2026-04-21 10:48:00-04:00,26796.75,2026-04-21 10:57:00-04:00,26766.25,stop,-62.34,2026-04-21,normal
ema_continuation,short,2026-04-21 12:01:00-04:00,26755.75,2026-04-21 12:42:00-04:00,26696.25,target,117.66,2026-04-21,normal
orb_break,long,2026-04-22 10:02:00-04:00,26886.0,2026-04-22 10:06:00-04:00,26855.5,stop,-62.34,2026-04-22,tight
orb_retest,long,2026-04-22 10:03:00-04:00,26881.25,2026-04-22 10:15:00-04:00,26940.75,target,117.66,2026-04-22,tight
inverse_orb,short,2026-04-22 10:03:00-04:00,26880.25,2026-04-22 10:10:00-04:00,26910.75,stop,-62.34,2026-04-22,tight
ema_continuation,long,2026-04-22 14:21:00-04:00,27006.5,2026-04-22 15:50:00-04:00,27066.0,target,117.66,2026-04-22,tight
orb_break,long,2026-04-23 09:47:00-04:00,27090.5,2026-04-23 09:50:00-04:00,27060.0,stop,-62.34,2026-04-23,normal
orb_break,short,2026-04-23 13:10:00-04:00,26959.5,2026-04-23 13:16:00-04:00,26900.0,target,117.66,2026-04-23,normal
orb_retest,long,2026-04-23 09:48:00-04:00,27089.75,2026-04-23 09:50:00-04:00,27059.25,stop,-62.34,2026-04-23,normal
orb_retest,short,2026-04-23 13:12:00-04:00,26936.75,2026-04-23 13:12:00-04:00,26967.25,stop,-62.34,2026-04-23,normal
inverse_orb,long,2026-04-23 14:35:00-04:00,26975.25,2026-04-23 14:42:00-04:00,26944.75,stop,-62.34,2026-04-23,normal
inverse_orb,short,2026-04-23 09:51:00-04:00,27066.75,2026-04-23 10:00:00-04:00,27007.25,target,117.66,2026-04-23,normal
ema_continuation,long,2026-04-23 09:56:00-04:00,27035.75,2026-04-23 10:00:00-04:00,27005.25,stop,-62.34,2026-04-23,normal
ema_continuation,short,2026-04-23 14:45:00-04:00,26942.25,2026-04-23 14:58:00-04:00,26882.75,target,117.66,2026-04-23,normal
