idea_id,direction,setup_label,human_entry_ts,human_entry_price,human_1c_net_pnl,mech_rule,mech_signal_ts,mech_entry_price,delta_minutes,delta_price_signed,or_high,or_low,or_size,or_class
1,long,pre_or_locked_trade,2025-11-13 09:41:55.866320-05:00,25347.0,56.66,no_signal,,,,,25501.5,25284.0,217.5,wide
3,short,ema_continuation_candidate,2025-11-14 09:45:59.318167-05:00,25040.46875,29.0975,ema_continuation,2025-11-14 13:54:00-05:00,25186.25,-248.01136388333333,145.78125,24844.75,24626.0,218.75,wide
6,short,inverse_orb_candidate,2025-11-17 10:07:07.726037-05:00,25138.875,27.82666666666424,inverse_orb,2025-11-17 10:01:00-05:00,25190.0,6.1287672833333335,51.125,25199.25,24955.25,244.0,wide
7,long,discretionary_or_unclassified,2025-11-17 13:58:16.361276-05:00,24826.075,2.4599999999956346,orb_break,2025-11-17 09:47:00-05:00,25220.5,251.27268793333332,-394.4249999999993,25199.25,24955.25,244.0,wide
9,long,discretionary_or_unclassified,2025-11-18 09:59:02.632250-05:00,24511.45,46.45999999999563,inverse_orb,2025-11-18 09:49:00-05:00,24624.0,10.043870833333333,-112.54999999999927,24832.0,24646.75,185.25,normal
11,short,discretionary_or_unclassified,2025-11-19 10:01:52.772502-05:00,24918.035714285714,14.445714285710128,inverse_orb,2025-11-19 09:47:00-05:00,24756.5,14.8795417,-161.53571428571377,24758.5,24572.75,185.75,normal
12,long,orb_breakout_or_retest_candidate,2025-11-19 12:35:11.636672-05:00,24610.0,32.32666666666424,orb_break,2025-11-19 09:46:00-05:00,24739.25,169.19394453333334,-129.25,24758.5,24572.75,185.75,normal
13,short,pre_or_locked_trade,2025-11-20 09:43:58.357097-05:00,25238.9,16.19333333333285,inverse_orb,2025-11-20 09:50:00-05:00,25236.5,-6.0273817166666666,-2.400000000001455,25242.25,25145.0,97.25,normal
14,long,discretionary_or_unclassified,2025-11-20 11:06:59.381765-05:00,24741.50625,27.02250000000291,orb_break,2025-11-20 09:48:00-05:00,25245.5,78.98969608333333,-503.99375000000146,25242.25,25145.0,97.25,normal
16,long,discretionary_or_unclassified,2025-11-21 10:55:18.597736-05:00,24076.375,10.41,inverse_orb,2025-11-21 09:49:00-05:00,24195.0,66.30996226666667,-118.625,24280.0,24152.75,127.25,normal
17,short,discretionary_or_unclassified,2025-11-21 11:41:57.420672-05:00,24483.76388888889,9.595185185189766,orb_break,2025-11-21 09:46:00-05:00,24112.5,115.9570112,-371.2638888888905,24280.0,24152.75,127.25,normal
19,short,pre_or_locked_trade,2025-11-24 09:43:58.618162-05:00,24900.493243243243,1.146486486486683,inverse_orb,2025-11-24 10:10:00-05:00,24705.5,-26.023030633333335,-194.99324324324334,24722.25,24513.5,208.75,wide
22,short,pre_or_locked_trade,2025-11-25 09:39:41.662333-05:00,24802.7,18.66,orb_break,2025-11-25 09:46:00-05:00,24685.0,-6.305627783333334,-117.70000000000073,24882.0,24719.5,162.5,normal
24,short,pre_or_locked_trade,2025-11-26 09:30:34.230578-05:00,25232.916666666668,38.66,inverse_orb,2025-11-26 09:52:00-05:00,25238.0,-21.429490366666666,5.083333333332121,25271.0,25189.25,81.75,tight
25,short,discretionary_or_unclassified,2025-11-26 11:28:28.900353-05:00,25328.625,9.493333333335759,inverse_orb,2025-11-26 09:52:00-05:00,25238.0,96.48167255,-90.625,25271.0,25189.25,81.75,tight
27,short,pre_or_locked_trade,2025-11-28 09:39:32.875381-05:00,25408.722222222223,14.604444444445253,inverse_orb,2025-11-28 11:21:00-05:00,25411.0,-101.45207698333334,2.2777777777773736,25421.5,25329.5,92.0,tight
30,short,ema_continuation_candidate,2025-12-01 10:02:09.927206-05:00,25387.5,21.81384615383664,inverse_orb,2025-12-01 10:31:00-05:00,25324.75,-28.834546566666667,-62.75,25319.75,25209.0,110.75,normal
31,short,discretionary_or_unclassified,2025-12-01 13:54:24.917903-05:00,25483.0,44.66,inverse_orb,2025-12-01 10:31:00-05:00,25324.75,203.41529838333332,-158.25,25319.75,25209.0,110.75,normal
36,short,discretionary_or_unclassified,2025-12-04 13:07:43.771385-05:00,25579.0,-0.3400000000000001,orb_break,2025-12-04 10:26:00-05:00,25541.5,161.72952308333333,-37.5,25713.25,25550.5,162.75,normal
37,short,discretionary_or_unclassified,2025-12-05 10:06:10.190509-05:00,25832.0,30.16,inverse_orb,2025-12-05 09:57:00-05:00,25785.5,9.169841816666667,-46.5,25777.75,25660.5,117.25,normal
38,long,orb_breakout_or_retest_candidate,2025-12-05 11:03:18.216427-05:00,25735.416666666668,9.826666666664241,orb_break,2025-12-05 09:54:00-05:00,25795.25,69.30360711666667,-59.83333333333212,25777.75,25660.5,117.25,normal
39,long,orb_breakout_or_retest_candidate,2025-12-05 14:47:39.443075-05:00,25706.25,22.66,orb_break,2025-12-05 09:54:00-05:00,25795.25,293.65738458333334,-89.0,25777.75,25660.5,117.25,normal
41,long,discretionary_or_unclassified,2025-12-08 10:15:08.815176-05:00,25644.377717391304,7.301304347824189,ema_continuation,2025-12-08 09:49:00-05:00,25758.75,26.1469196,-114.37228260869597,25860.75,25768.0,92.75,tight
42,short,discretionary_or_unclassified,2025-12-09 12:04:06.941905-05:00,25715.75,17.535,ema_continuation,2025-12-09 09:50:00-05:00,25625.75,134.11569841666667,-90.0,25653.25,25560.0,93.25,tight
44,long,discretionary_or_unclassified,2025-12-10 09:57:57.944073-05:00,25543.13349514563,2.4172815534003895,orb_break,2025-12-10 09:48:00-05:00,25661.0,9.96573455,-117.86650485436985,25663.25,25567.0,96.25,normal
45,short,discretionary_or_unclassified,2025-12-10 13:18:53.667488-05:00,25774.85714285714,13.302857142855064,inverse_orb,2025-12-10 09:49:00-05:00,25634.75,209.89445813333333,-140.1071428571413,25663.25,25567.0,96.25,normal
47,long,pre_or_locked_trade,2025-12-11 09:44:16.017757-05:00,25435.629213483146,12.570112359546474,inverse_orb,2025-12-11 10:13:00-05:00,25552.5,-28.733037383333333,-116.87078651685442,25649.75,25555.75,94.0,tight
49,short,discretionary_or_unclassified,2025-12-16 10:09:46.311164-05:00,25338.75,25.16,inverse_orb,2025-12-16 09:54:00-05:00,25094.0,15.771852733333333,-244.75,25106.5,24966.0,140.5,normal
51,long,discretionary_or_unclassified,2025-12-17 10:46:09.623144-05:00,25114.25,38.91,inverse_orb,2025-12-17 09:50:00-05:00,25060.75,56.160385733333335,53.5,25205.75,25059.5,146.25,normal
55,short,discretionary_or_unclassified,2025-12-23 09:56:46.159842-05:00,25766.253472222223,7.916944444445253,inverse_orb,2025-12-23 09:50:00-05:00,25724.75,6.7693307,-41.503472222222626,25737.5,25638.0,99.5,normal
56,short,discretionary_or_unclassified,2025-12-23 15:49:04.569539-05:00,25803.75,1.66,inverse_orb,2025-12-23 09:50:00-05:00,25724.75,359.07615898333336,-79.0,25737.5,25638.0,99.5,normal
57,short,discretionary_or_unclassified,2025-12-24 10:09:18.634190-05:00,25832.4375,4.535,inverse_orb,2025-12-24 10:23:00-05:00,25814.25,-13.689430166666666,-18.1875,25827.5,25781.75,45.75,tight
58,short,discretionary_or_unclassified,2025-12-26 09:45:25.940260-05:00,25931.0,29.16,orb_break,2025-12-26 10:02:00-05:00,25842.0,-16.567662333333335,-89.0,25932.5,25864.5,68.0,tight
59,long,discretionary_or_unclassified,2025-12-26 10:25:55.595369-05:00,25869.5,16.16,ema_continuation,2025-12-26 09:57:00-05:00,25877.75,28.92658948333333,-8.25,25932.5,25864.5,68.0,tight
61,short,discretionary_or_unclassified,2025-12-29 10:08:40.806606-05:00,25690.5,9.66,orb_break,2025-12-29 12:27:00-05:00,25660.0,-138.3198899,-30.5,25818.75,25664.25,154.5,wide
62,short,orb_breakout_or_retest_candidate,2025-12-29 13:01:18.006874-05:00,25688.25,0.6599999999999999,orb_break,2025-12-29 12:27:00-05:00,25660.0,34.30011456666667,-28.25,25818.75,25664.25,154.5,wide
63,long,orb_breakout_or_retest_candidate,2025-12-30 10:13:56.620036-05:00,25693.5,7.66,orb_break,2025-12-30 09:50:00-05:00,25743.75,23.94366726666667,-50.25,25733.0,25675.5,57.5,tight
64,long,orb_breakout_or_retest_candidate,2025-12-30 12:09:14.661275-05:00,25720.25,-0.8400000000000001,orb_break,2025-12-30 09:50:00-05:00,25743.75,139.24435458333335,-23.5,25733.0,25675.5,57.5,tight
66,long,discretionary_or_unclassified,2025-12-31 09:52:23.333375-05:00,25606.5,1.16,inverse_orb,2025-12-31 09:52:00-05:00,25624.0,0.38888958333333334,-17.5,25692.25,25608.75,83.5,tight
67,short,discretionary_or_unclassified,2026-01-02 09:56:03.642855-05:00,25736.0,140.66,inverse_orb,2026-01-02 10:00:00-05:00,25766.0,-3.9392857500000003,30.0,25733.5,25638.0,95.5,normal
68,long,discretionary_or_unclassified,2026-01-02 10:30:15.713787-05:00,25482.5,109.16,orb_break,2026-01-02 09:48:00-05:00,25763.25,42.26189645,-280.75,25733.5,25638.0,95.5,normal
70,short,pre_or_locked_trade,2026-01-05 09:30:41.584305-05:00,25653.03529411765,2.7305882352995106,inverse_orb,2026-01-05 10:30:00-05:00,25673.5,-59.306928250000006,20.464705882350245,25673.25,25538.5,134.75,normal
72,short,discretionary_or_unclassified,2026-01-06 15:17:30.523276-05:00,25815.5,1.66,inverse_orb,2026-01-06 11:02:00-05:00,25673.5,255.50872126666667,-142.0,25679.0,25608.75,70.25,tight
73,short,discretionary_or_unclassified,2026-01-07 10:04:30.256596-05:00,25886.678571428572,11.588571428572468,inverse_orb,2026-01-07 09:48:00-05:00,25870.75,16.5042766,-15.928571428572468,25864.25,25770.75,93.5,normal
74,long,pre_or_locked_trade,2026-01-08 09:44:51.457624-05:00,25620.3,53.66,inverse_orb,2026-01-08 10:06:00-05:00,25630.5,-21.142372933333334,-10.200000000000728,25802.75,25613.25,189.5,wide
75,short,inverse_orb_candidate,2026-01-09 10:30:11.675840-05:00,25856.0,74.66,orb_break,2026-01-09 10:09:00-05:00,25642.0,21.194597333333334,-214.0,25791.0,25648.25,142.75,wide
76,short,inverse_orb_candidate,2026-01-09 12:26:17.794338-05:00,25915.25,10.16,orb_break,2026-01-09 10:09:00-05:00,25642.0,137.2965723,-273.25,25791.0,25648.25,142.75,wide
78,short,pre_or_locked_trade,2026-01-12 09:39:15.763764-05:00,25952.041666666668,-1.09,inverse_orb,2026-01-12 10:04:00-05:00,25876.25,-24.7372706,-75.79166666666788,25892.5,25743.75,148.75,wide
79,short,discretionary_or_unclassified,2026-01-13 09:46:41.326614-05:00,25962.5,84.91,orb_break,2026-01-13 10:03:00-05:00,25917.5,-16.3112231,-45.0,26043.0,25930.75,112.25,normal
81,long,inverse_orb_candidate,2026-01-14 10:00:18.046975-05:00,25581.0,96.16,inverse_orb,2026-01-14 09:47:00-05:00,25658.0,13.300782916666666,-77.0,25791.25,25623.5,167.75,wide
82,short,orb_breakout_or_retest_candidate,2026-01-14 10:26:46.743905-05:00,25663.5,166.66,orb_break,2026-01-14 09:46:00-05:00,25652.0,40.77906508333333,-11.5,25791.25,25623.5,167.75,wide
83,long,inverse_orb_candidate,2026-01-14 12:01:38.402792-05:00,25463.25,9.16,inverse_orb,2026-01-14 09:47:00-05:00,25658.0,134.64004653333333,-194.75,25791.25,25623.5,167.75,wide
85,short,discretionary_or_unclassified,2026-01-15 09:55:36.631130-05:00,25907.5,33.16,orb_break,2026-01-15 10:08:00-05:00,25861.75,-12.389481166666666,-45.75,25946.75,25853.0,93.75,normal
86,short,pre_or_locked_trade,2026-01-16 09:35:00.665283-05:00,25832.625,41.16,orb_break,2026-01-16 09:52:00-05:00,25808.0,-16.98891195,-24.625,25891.25,25817.5,73.75,tight
87,short,orb_breakout_or_retest_candidate,2026-01-16 11:43:34.482257-05:00,25711.0,14.66,orb_break,2026-01-16 09:52:00-05:00,25808.0,111.57470428333333,97.0,25891.25,25817.5,73.75,tight
89,short,discretionary_or_unclassified,2026-01-20 10:01:20.785264-05:00,25348.1875,17.035,inverse_orb,2026-01-20 09:53:00-05:00,25339.75,8.346421066666666,-8.4375,25357.25,25232.5,124.75,normal
90,short,discretionary_or_unclassified,2026-01-21 10:05:49.068050-05:00,25423.39285714286,-15.768571428565192,inverse_orb,2026-01-21 09:49:00-05:00,25235.75,16.817800833333333,-187.6428571428587,25223.0,25128.5,94.5,normal
91,long,orb_breakout_or_retest_candidate,2026-01-21 11:55:03.087982-05:00,25240.653846153848,8.506153846141533,orb_break,2026-01-21 09:48:00-05:00,25215.5,127.05146636666667,25.153846153847553,25223.0,25128.5,94.5,normal
93,short,orb_breakout_or_retest_candidate,2026-01-22 10:56:25.628149-05:00,25683.964285714286,-6.268571428572468,orb_break,2026-01-22 09:47:00-05:00,25603.5,69.42713581666666,-80.46428571428623,25732.25,25612.25,120.0,normal
94,short,discretionary_or_unclassified,2026-01-23 10:20:16.571756-05:00,25749.416666666668,2.16,ema_continuation,2026-01-23 09:57:00-05:00,25645.0,23.276195933333334,-104.41666666666788,25652.75,25562.5,90.25,normal
95,short,discretionary_or_unclassified,2026-01-26 09:58:40.779219-05:00,25880.9,-0.1399999999956345,inverse_orb,2026-01-26 09:48:00-05:00,25817.75,10.67965365,-63.150000000001455,25827.25,25704.25,123.0,normal
96,short,discretionary_or_unclassified,2026-01-27 10:05:07.299025-05:00,26056.625,21.41,no_signal,,,,,26012.5,25917.25,95.25,normal
100,short,discretionary_or_unclassified,2026-01-28 10:00:25.281679-05:00,26256.0,35.16,orb_break,2026-01-28 10:33:00-05:00,26218.25,-32.57863868333333,-37.75,26298.5,26213.5,85.0,tight
101,long,discretionary_or_unclassified,2026-01-28 12:31:02.865287-05:00,26131.25,-5.09,inverse_orb,2026-01-28 10:34:00-05:00,26196.0,117.04775478333333,-64.75,26298.5,26213.5,85.0,tight
102,long,inverse_orb_candidate,2026-01-29 10:30:25.310555-05:00,25639.178571428572,7.874285714282596,inverse_orb,2026-01-29 09:48:00-05:00,26005.75,42.42184258333334,-366.57142857142753,26177.25,25946.0,231.25,wide
103,short,pre_or_locked_trade,2026-01-30 09:38:25.473614-05:00,25881.0,55.16,ema_continuation,2026-01-30 09:50:00-05:00,25904.0,-11.575439766666667,23.0,25939.25,25813.0,126.25,normal
104,short,orb_breakout_or_retest_candidate,2026-01-30 11:17:28.271564-05:00,25805.75,41.16,ema_continuation,2026-01-30 09:50:00-05:00,25904.0,87.47119273333333,98.25,25939.25,25813.0,126.25,normal
105,short,inverse_orb_candidate,2026-02-02 10:16:20.427572-05:00,25860.75,31.66,inverse_orb,2026-02-02 09:48:00-05:00,25737.5,28.340459533333334,-123.25,25734.0,25540.25,193.75,wide
106,long,inverse_orb_candidate,2026-02-03 10:04:07.758503-05:00,25493.625,-0.09000000000000008,no_signal,,,,,25952.5,25721.75,230.75,wide
107,long,inverse_orb_candidate,2026-02-03 14:38:28.431381-05:00,25303.75,1.66,no_signal,,,,,25952.5,25721.75,230.75,wide
108,short,discretionary_or_unclassified,2026-02-04 09:49:26.339423-05:00,25215.125,101.41,orb_break,2026-02-04 09:59:00-05:00,25200.25,-9.561009616666666,-14.875,25386.5,25230.0,156.5,normal
109,long,discretionary_or_unclassified,2026-02-04 12:39:53.408073-05:00,24821.75,11.66,inverse_orb,2026-02-04 10:10:00-05:00,25215.75,149.89013455,-394.0,25386.5,25230.0,156.5,normal
110,short,orb_breakout_or_retest_candidate,2026-02-05 13:49:09.496477-05:00,24717.75,22.66,orb_break,2026-02-05 10:11:00-05:00,24618.25,218.1582746166667,-99.5,24936.25,24651.75,284.5,wide
111,short,discretionary_or_unclassified,2026-02-06 10:50:35.479641-05:00,25034.46212121212,3.0842424242402195,inverse_orb,2026-02-06 09:47:00-05:00,24939.0,63.59132735,-95.46212121212011,24927.5,24700.5,227.0,wide
112,short,inverse_orb_candidate,2026-02-06 13:32:12.993523-05:00,25092.0,47.66,inverse_orb,2026-02-06 09:47:00-05:00,24939.0,225.21655871666664,-153.0,24927.5,24700.5,227.0,wide
113,short,inverse_orb_candidate,2026-02-09 10:59:29.018099-05:00,25365.25,5.66,inverse_orb,2026-02-09 09:51:00-05:00,25130.25,68.48363498333333,-235.0,25152.5,24955.5,197.0,wide
116,short,discretionary_or_unclassified,2026-02-10 10:25:56.985680-05:00,25382.0,0.6599999999999999,orb_break,2026-02-10 09:49:00-05:00,25278.25,36.94976133333333,-103.75,25410.25,25265.25,145.0,normal
117,short,discretionary_or_unclassified,2026-02-11 09:55:11.423520-05:00,25312.375,199.66,orb_break,2026-02-11 09:58:00-05:00,25295.25,-2.809608,-17.125,25465.5,25339.0,126.5,normal
118,short,discretionary_or_unclassified,2026-02-12 09:55:01.363693-05:00,25271.5,105.66,orb_break,2026-02-12 09:46:00-05:00,25287.75,9.022728216666668,16.25,25393.75,25303.75,90.0,tight
119,long,discretionary_or_unclassified,2026-02-12 12:01:36.779246-05:00,24839.5,0.6599999999999999,no_signal,,,,,25393.75,25303.75,90.0,tight
120,long,orb_breakout_or_retest_candidate,2026-02-13 10:41:38.674383-05:00,24825.0,-97.34,orb_break,2026-02-13 09:46:00-05:00,24803.5,55.64457305,21.5,24800.0,24578.75,221.25,wide
121,short,inverse_orb_candidate,2026-02-13 10:45:00.980024-05:00,24911.1875,26.16,ema_continuation,2026-02-13 09:48:00-05:00,24820.0,57.01633373333333,-91.1875,24800.0,24578.75,221.25,wide
123,short,discretionary_or_unclassified,2026-02-17 09:53:59.546958-05:00,24618.375,81.41,orb_break,2026-02-17 09:51:00-05:00,24570.75,2.9924492999999996,-47.625,24815.5,24605.75,209.75,normal
124,short,discretionary_or_unclassified,2026-02-18 11:03:53.001946-05:00,25087.75,110.66,inverse_orb,2026-02-18 09:47:00-05:00,24858.0,76.88336576666667,-229.75,24868.75,24752.0,116.75,tight
125,short,ema_continuation_candidate,2026-02-19 10:12:22.198450-05:00,24916.5,129.16,inverse_orb,2026-02-19 09:55:00-05:00,24907.25,17.36997416666667,-9.25,24883.25,24762.5,120.75,normal
126,short,discretionary_or_unclassified,2026-02-20 10:19:17.789331-05:00,25059.583333333332,78.66,inverse_orb,2026-02-20 09:48:00-05:00,24908.5,31.29648885,-151.08333333333212,24948.75,24677.0,271.75,wide
127,short,discretionary_or_unclassified,2026-02-23 09:58:40.905914-05:00,24907.75,80.16,orb_break,2026-02-23 09:46:00-05:00,24912.25,12.681765233333333,4.5,25040.0,24880.25,159.75,normal
129,long,discretionary_or_unclassified,2026-02-24 10:02:56.184700-05:00,24867.0,63.66,orb_break,2026-02-24 09:46:00-05:00,24918.75,16.936411666666668,-51.75,24912.25,24694.0,218.25,normal
130,short,discretionary_or_unclassified,2026-02-24 11:43:01.473556-05:00,25054.083333333332,-0.6733333333357587,inverse_orb,2026-02-24 09:56:00-05:00,24869.75,107.02455926666667,-184.33333333333212,24912.25,24694.0,218.25,normal
131,short,pre_or_locked_trade,2026-02-25 09:35:29.103516-05:00,25343.027777777777,2.3266666666642415,inverse_orb,2026-02-25 10:56:00-05:00,25271.5,-80.5149414,-71.52777777777737,25279.75,25156.75,123.0,tight
132,long,discretionary_or_unclassified,2026-02-26 10:30:46.593621-05:00,24905.0,137.66,inverse_orb,2026-02-26 09:50:00-05:00,25230.75,40.77656035,-325.75,25342.0,25224.75,117.25,tight
133,long,discretionary_or_unclassified,2026-02-26 13:35:05.995992-05:00,24971.0,40.66,inverse_orb,2026-02-26 09:50:00-05:00,25230.75,225.0999332,-259.75,25342.0,25224.75,117.25,tight
134,long,orb_breakout_or_retest_candidate,2026-02-27 12:57:13.346741-05:00,24904.35,33.46000000000291,orb_break,2026-02-27 09:49:00-05:00,24926.75,188.22244568333332,-22.400000000001455,24910.0,24780.0,130.0,normal
135,short,inverse_orb_candidate,2026-03-02 10:27:43.996779-05:00,25005.2,8.560000000001455,inverse_orb,2026-03-02 09:51:00-05:00,24854.5,36.73327965,-150.70000000000073,24885.25,24605.25,280.0,wide
136,short,orb_breakout_or_retest_candidate,2026-03-03 10:00:36.743049-05:00,24632.928571428572,6.731428571427532,orb_break,2026-03-03 09:50:00-05:00,24518.0,10.61238415,-114.92857142857247,24661.0,24502.25,158.75,normal
137,short,pre_or_locked_trade,2026-03-04 09:31:01.366804-05:00,25125.05,29.759999999998545,inverse_orb,2026-03-04 10:03:00-05:00,24901.0,-31.977219933333334,-224.04999999999927,24970.5,24837.25,133.25,normal
138,short,discretionary_or_unclassified,2026-03-05 10:19:26.530576-05:00,25067.75,82.16,inverse_orb,2026-03-05 09:53:00-05:00,25127.25,26.442176266666667,59.5,25125.25,24985.25,140.0,normal
139,short,discretionary_or_unclassified,2026-03-06 11:17:57.247233-05:00,24819.25,38.16,inverse_orb,2026-03-06 10:09:00-05:00,24675.5,68.95412055,-143.75,24732.25,24611.75,120.5,tight
140,short,discretionary_or_unclassified,2026-03-09 10:01:05.731506-04:00,24632.47193877551,2.6140816326552887,orb_break,2026-03-09 09:46:00-04:00,24389.0,15.0955251,-243.47193877551035,24526.0,24354.75,171.25,normal
143,short,discretionary_or_unclassified,2026-03-10 10:55:50.113049-04:00,25133.0,39.66,orb_break,2026-03-10 09:59:00-04:00,24963.75,56.83521748333333,-169.25,25081.0,24959.5,121.5,tight
144,short,discretionary_or_unclassified,2026-03-10 13:36:49.332421-04:00,25114.625,24.66,orb_break,2026-03-10 09:59:00-04:00,24963.75,217.82220701666665,-150.875,25081.0,24959.5,121.5,tight
146,short,discretionary_or_unclassified,2026-03-11 10:24:38.002834-04:00,24971.6,2.9599999999956346,orb_break,2026-03-11 09:51:00-04:00,25022.25,33.633380566666666,50.650000000001455,25115.5,25034.5,81.0,tight
148,short,discretionary_or_unclassified,2026-03-12 09:51:49.843583-04:00,24732.625,122.66,orb_break,2026-03-12 09:46:00-04:00,24707.25,5.830726383333333,-25.375,24834.75,24742.0,92.75,tight
149,short,discretionary_or_unclassified,2026-03-13 09:45:09.274633-04:00,24766.0,50.66,inverse_orb,2026-03-13 09:49:00-04:00,24754.5,-3.8454227833333334,-11.5,24772.75,24611.0,161.75,normal
150,short,discretionary_or_unclassified,2026-03-16 10:48:26.219151-04:00,24657.875,8.91,inverse_orb,2026-03-16 09:49:00-04:00,24713.25,59.43698585,55.375,24717.0,24623.0,94.0,tight
153,short,discretionary_or_unclassified,2026-03-18 09:46:17.470060-04:00,24920.125,36.16,ema_continuation,2026-03-18 09:47:00-04:00,24768.5,-0.7088323333333334,-151.625,24771.25,24686.0,85.25,tight
154,short,discretionary_or_unclassified,2026-03-19 10:10:11.960194-04:00,24478.5,-162.34,inverse_orb,2026-03-19 10:22:00-04:00,24220.75,-11.800663433333334,-257.75,24239.25,24113.75,125.5,normal
155,long,orb_breakout_or_retest_candidate,2026-03-19 11:06:32.959339-04:00,24529.714285714286,6.731428571427532,orb_break,2026-03-19 09:50:00-04:00,24275.5,76.54932231666666,254.21428571428623,24239.25,24113.75,125.5,normal
156,short,discretionary_or_unclassified,2026-03-19 11:10:56.061765-04:00,24467.75,47.535,inverse_orb,2026-03-19 10:22:00-04:00,24220.75,48.93436275,-247.0,24239.25,24113.75,125.5,normal
162,short,discretionary_or_unclassified,2026-03-23 10:36:26.322896-04:00,24520.333333333332,31.66,inverse_orb,2026-03-23 09:56:00-04:00,24559.25,40.43871493333334,38.91666666666788,24568.5,24432.5,136.0,normal
163,short,discretionary_or_unclassified,2026-03-23 15:32:25.236738-04:00,24475.25,7.16,inverse_orb,2026-03-23 09:56:00-04:00,24559.25,336.4206123,84.0,24568.5,24432.5,136.0,normal
164,short,discretionary_or_unclassified,2026-03-24 09:57:41.767244-04:00,24284.65625,24.535,ema_continuation,2026-03-24 10:53:00-04:00,24312.75,-55.30387926666666,28.09375,24317.0,24140.25,176.75,wide
165,short,discretionary_or_unclassified,2026-03-25 09:50:12.733886-04:00,24396.0,25.4725,orb_break,2026-03-25 09:50:00-04:00,24380.0,0.21223143333333333,-16.0,24526.0,24426.0,100.0,tight
167,short,discretionary_or_unclassified,2026-03-26 10:43:14.121860-04:00,24100.4375,29.66,inverse_orb,2026-03-26 09:47:00-04:00,24185.5,56.23536433333334,85.0625,24158.5,24066.0,92.5,tight
168,short,discretionary_or_unclassified,2026-03-26 14:16:03.132140-04:00,23859.5,-10.59,inverse_orb,2026-03-26 09:47:00-04:00,24185.5,269.05220233333335,326.0,24158.5,24066.0,92.5,tight
169,long,discretionary_or_unclassified,2026-03-26 14:39:25.278026-04:00,23873.5,18.66,orb_break,2026-03-26 09:46:00-04:00,24155.0,293.42130043333333,-281.5,24158.5,24066.0,92.5,tight
171,long,discretionary_or_unclassified,2026-03-27 10:00:10.695454-04:00,23518.125,66.91,inverse_orb,2026-03-27 10:16:00-04:00,23548.75,-15.821742433333332,-30.625,23664.25,23531.5,132.75,normal
172,long,discretionary_or_unclassified,2026-03-27 15:21:34.532885-04:00,23338.25,12.66,inverse_orb,2026-03-27 10:16:00-04:00,23548.75,305.57554808333333,-210.5,23664.25,23531.5,132.75,normal
175,short,orb_breakout_or_retest_candidate,2026-03-30 12:24:37.707412-04:00,23295.5,14.16,orb_break,2026-03-30 09:47:00-04:00,23366.75,157.62845686666665,71.25,23538.0,23374.25,163.75,wide
177,short,discretionary_or_unclassified,2026-03-31 10:35:09.691052-04:00,23543.25,-44.97636363636033,inverse_orb,2026-03-31 10:49:00-04:00,23447.75,-13.838482466666667,-95.5,23470.0,23378.75,91.25,tight
178,long,orb_breakout_or_retest_candidate,2026-03-31 12:39:29.738130-04:00,23625.0,85.16,orb_break,2026-03-31 09:47:00-04:00,23483.5,172.4956355,141.5,23470.0,23378.75,91.25,tight
179,short,discretionary_or_unclassified,2026-03-31 12:44:21.187059-04:00,23789.071428571428,43.23142857142753,inverse_orb,2026-03-31 10:49:00-04:00,23447.75,115.35311765,-341.32142857142753,23470.0,23378.75,91.25,tight
181,short,discretionary_or_unclassified,2026-04-01 10:55:21.932472-04:00,24262.166666666668,10.16,inverse_orb,2026-04-01 10:25:00-04:00,24194.75,30.3655412,-67.41666666666788,24194.5,24043.5,151.0,normal
182,short,discretionary_or_unclassified,2026-04-02 10:32:47.417127-04:00,24059.0,13.41,ema_continuation,2026-04-02 10:34:00-04:00,24016.75,-1.2097145500000002,-42.25,23819.0,23678.0,141.0,normal
184,short,discretionary_or_unclassified,2026-04-06 10:01:03.670989-04:00,24392.0,199.66,inverse_orb,2026-04-06 09:56:00-04:00,24387.25,5.061183150000001,-4.75,24373.75,24245.25,128.5,normal
186,short,orb_breakout_or_retest_candidate,2026-04-07 11:51:23.887394-04:00,24178.59375,-27.215,orb_break,2026-04-07 09:47:00-04:00,24160.25,124.39812323333334,-18.34375,24303.25,24187.75,115.5,normal
189,long,ema_continuation_candidate,2026-04-09 09:54:04.611262-04:00,25036.75,-26.84,inverse_orb,2026-04-09 09:58:00-04:00,25026.75,-3.923145633333333,10.0,25112.75,25019.0,93.75,tight
190,short,discretionary_or_unclassified,2026-04-09 12:17:24.183587-04:00,25217.833333333332,19.16,orb_break,2026-04-09 09:57:00-04:00,25035.25,140.40305978333333,-182.58333333333212,25112.75,25019.0,93.75,tight
191,short,discretionary_or_unclassified,2026-04-10 09:47:22.479268-04:00,25333.5,93.16,orb_break,2026-04-10 10:02:00-04:00,25293.5,-14.625345533333332,-40.0,25372.0,25290.0,82.0,tight
192,short,discretionary_or_unclassified,2026-04-13 10:02:35.902811-04:00,25296.5,3.16,orb_break,2026-04-13 09:46:00-04:00,25178.0,16.598380183333333,-118.5,25239.25,25174.5,64.75,tight
193,short,discretionary_or_unclassified,2026-04-14 10:00:34.273271-04:00,25962.896739130436,0.6599999999999999,inverse_orb,2026-04-14 09:47:00-04:00,25739.75,13.571221183333334,-223.1467391304359,25756.25,25655.5,100.75,normal
194,short,pre_or_locked_trade,2026-04-16 09:41:38.318596-04:00,26381.0,85.16,orb_break,2026-04-16 09:52:00-04:00,26317.75,-10.361356733333334,-63.25,26453.5,26345.5,108.0,normal
195,short,discretionary_or_unclassified,2026-04-20 09:50:17.227233-04:00,26752.75,39.16,orb_break,2026-04-20 09:49:00-04:00,26731.0,1.28712055,-21.75,26826.0,26732.75,93.25,normal
196,short,orb_breakout_or_retest_candidate,2026-04-20 13:01:44.577118-04:00,26722.333333333332,5.3266666666642415,orb_break,2026-04-20 09:49:00-04:00,26731.0,192.74295196666665,8.66666666666788,26826.0,26732.75,93.25,normal
197,short,discretionary_or_unclassified,2026-04-21 10:25:10.142551-04:00,26830.0,147.66,inverse_orb,2026-04-21 10:03:00-04:00,26826.5,22.169042516666664,-3.5,26838.0,26726.25,111.75,normal
198,long,orb_breakout_or_retest_candidate,2026-04-21 11:43:33.221070-04:00,26732.5,4.16,orb_break,2026-04-21 10:00:00-04:00,26845.25,103.55368449999999,-112.75,26838.0,26726.25,111.75,normal
199,short,discretionary_or_unclassified,2026-04-22 10:33:04.463592-04:00,26992.071428571428,4.874285714282596,inverse_orb,2026-04-22 10:03:00-04:00,26880.25,30.0743932,-111.82142857142753,26892.5,26813.0,79.5,tight
200,short,discretionary_or_unclassified,2026-04-23 11:08:04.849126-04:00,26986.053571428572,10.767142857144936,inverse_orb,2026-04-23 09:51:00-04:00,27066.75,77.08081876666667,80.69642857142753,27067.75,26964.0,103.75,normal
