rule_id,family,direction,date,or_class,or_size,signal_ts,entry_ts,entry_price,exit_ts,exit_price,exit_reason,net_pnl,scope,date_key,day_return_pct,day_direction,day_bucket,signal_minute,signal_after_1010,signal_after_1020,breakout_minute,breakout_after_0955,or_percentile,or_close_pos,or_green,rth_move_sig,rth_ret_sig,signal_close,signal_range,signal_vol_ratio,signal_rsi,signal_ema_slope,signal_vwap_delta,signal_ema_delta,signal_ext_above_or,signal_to_high_so_far,signal_from_low_so_far,close_above_ema,close_above_vwap,prior_day_dir,prior_day_eff,prior_day_zombie
or_retest_slip_filter|long|buffer_points=0|confirm_pattern=break_prev|end=11:00|max_close_vwap_delta=65|max_risk_points=120|max_stop=120|min_reward_points=8|or_class=normal|rr=1.25|start=10:00|stop_mode=fixed|stop_points=40|target_mode=rr|time_exit=15:55|touch_tolerance=5,or_retest,long,2023-12-19,normal,50.0,2023-12-19 10:38:00-05:00,2023-12-19 10:39:00-05:00,17203.5,2023-12-19 15:55:00-05:00,17225.5,time_exit,42.66,full_history,2023-12-19,0.454545454545463,up,0.25 to 1%,638,True,True,633,True,50.0,0.88,True,49.25,0.287004662004664,17209.25,7.75,0.9188361408882083,69.5578396251068,3.9095796729998256,19.141003460204956,21.888318691995664,2.75,7.75,52.75,True,True,up,0.7326007326007326,True
or_retest_slip_filter|long|buffer_points=0|confirm_pattern=break_prev|end=11:00|max_close_vwap_delta=65|max_risk_points=120|max_stop=120|min_reward_points=8|or_class=normal|rr=1.25|start=10:00|stop_mode=fixed|stop_points=40|target_mode=rr|time_exit=15:55|touch_tolerance=5,or_retest,long,2024-01-03,normal,56.0,2024-01-03 10:05:00-05:00,2024-01-03 10:06:00-05:00,16855.25,2024-01-03 10:09:00-05:00,16812.75,stop,-86.34,full_history,2024-01-03,-0.38827152229213846,down,-1 to -0.25%,605,False,False,588,False,50.0,0.9419642857142857,True,45.5,0.27074872435697284,16850.75,6.25,1.6946442845723422,32.03868595513238,-12.389669028827484,26.669459962755354,-18.80867611532085,3.25,3.25,59.25,False,True,down,0.5128205128205128,False
or_retest_slip_filter|long|buffer_points=0|confirm_pattern=break_prev|end=11:00|max_close_vwap_delta=65|max_risk_points=120|max_stop=120|min_reward_points=8|or_class=normal|rr=1.25|start=10:00|stop_mode=fixed|stop_points=40|target_mode=rr|time_exit=15:55|touch_tolerance=5,or_retest,long,2024-02-13,normal,76.0,2024-02-13 10:01:00-05:00,2024-02-13 10:02:00-05:00,17903.0,2024-02-13 10:26:00-05:00,17950.5,target,93.66,full_history,2024-02-13,0.34443651027009636,up,0.25 to 1%,601,False,False,594,False,75.0,0.6973684210526315,True,55.75,0.3122330967082476,17911.0,10.75,1.6717141126589945,20.287606728079922,-48.099476177070756,31.01952380952207,-190.64790470829394,13.0,8.5,89.0,False,True,down,0.30193905817174516,False
or_retest_slip_filter|long|buffer_points=0|confirm_pattern=break_prev|end=11:00|max_close_vwap_delta=65|max_risk_points=120|max_stop=120|min_reward_points=8|or_class=normal|rr=1.25|start=10:00|stop_mode=fixed|stop_points=40|target_mode=rr|time_exit=15:55|touch_tolerance=5,or_retest,long,2024-02-21,normal,57.25,2024-02-21 10:16:00-05:00,2024-02-21 10:17:00-05:00,17743.5,2024-02-21 10:30:00-05:00,17701.0,stop,-86.34,full_history,2024-02-21,0.3331263056857381,up,0.25 to 1%,616,True,False,604,True,35.0,0.27510917030567683,False,34.0,0.1919710914121131,17745.0,2.25,1.603281133482476,39.50761320407216,-7.386626418639935,30.840096618358075,-10.796505674570653,3.5,10.0,65.75,False,True,down,0.21619135234590617,False
or_retest_slip_filter|long|buffer_points=0|confirm_pattern=break_prev|end=11:00|max_close_vwap_delta=65|max_risk_points=120|max_stop=120|min_reward_points=8|or_class=normal|rr=1.25|start=10:00|stop_mode=fixed|stop_points=40|target_mode=rr|time_exit=15:55|touch_tolerance=5,or_retest,long,2024-02-22,normal,54.0,2024-02-22 10:00:00-05:00,2024-02-22 10:01:00-05:00,18159.75,2024-02-22 10:35:00-05:00,18207.25,target,93.66,full_history,2024-02-22,0.8215703573003941,up,0.25 to 1%,600,False,False,585,False,30.0,0.5972222222222222,False,22.5,0.12406263784736637,18158.5,32.0,3.9234782608695653,79.74850061094453,75.30357648505742,7.809583752943581,304.7143059402224,3.5,46.75,57.5,True,True,up,0.3445255474452555,False
or_retest_slip_filter|long|buffer_points=0|confirm_pattern=break_prev|end=11:00|max_close_vwap_delta=65|max_risk_points=120|max_stop=120|min_reward_points=8|or_class=normal|rr=1.25|start=10:00|stop_mode=fixed|stop_points=40|target_mode=rr|time_exit=15:55|touch_tolerance=5,or_retest,long,2024-03-01,normal,45.25,2024-03-01 10:05:00-05:00,2024-03-01 10:06:00-05:00,18395.75,2024-03-01 10:56:00-05:00,18443.25,target,93.66,full_history,2024-03-01,1.30987105743805,up,>=1%,605,False,False,600,True,30.0,0.7237569060773481,True,49.75,0.2712428100209996,18391.25,26.0,1.2755695992017297,70.04348925464409,14.818796154868323,19.027598870055954,75.52518461946238,4.5,26.75,52.25,True,True,up,0.17479191438763378,False
or_retest_slip_filter|long|buffer_points=0|confirm_pattern=break_prev|end=11:00|max_close_vwap_delta=65|max_risk_points=120|max_stop=120|min_reward_points=8|or_class=normal|rr=1.25|start=10:00|stop_mode=fixed|stop_points=40|target_mode=rr|time_exit=15:55|touch_tolerance=5,or_retest,long,2024-03-07,normal,62.25,2024-03-07 10:20:00-05:00,2024-03-07 10:21:00-05:00,18476.5,2024-03-07 10:48:00-05:00,18524.0,target,93.66,full_history,2024-03-07,0.7176481760340803,up,0.25 to 1%,620,True,True,615,True,65.0,0.012048192771084338,False,45.5,0.2469035312631318,18473.75,13.25,0.8113304882052244,66.84097450567117,23.72936456315074,39.57610085717897,110.16745825259204,3.25,6.5,108.75,True,True,down,0.29236276849642007,False
or_retest_slip_filter|long|buffer_points=0|confirm_pattern=break_prev|end=11:00|max_close_vwap_delta=65|max_risk_points=120|max_stop=120|min_reward_points=8|or_class=normal|rr=1.25|start=10:00|stop_mode=fixed|stop_points=40|target_mode=rr|time_exit=15:55|touch_tolerance=5,or_retest,long,2024-03-18,normal,69.25,2024-03-18 10:12:00-04:00,2024-03-18 10:13:00-04:00,18357.0,2024-03-18 11:12:00-04:00,18314.5,stop,-86.34,full_history,2024-03-18,-0.3049030599688307,down,-1 to -0.25%,612,True,False,586,False,70.0,0.7689530685920578,True,70.25,0.3842052011266306,18354.75,13.5,2.557123664645824,66.42213575711295,33.105212792659586,34.80413102183957,198.42085117062743,8.0,6.75,77.25,True,True,down,0.5593471810089021,False
or_retest_slip_filter|long|buffer_points=0|confirm_pattern=break_prev|end=11:00|max_close_vwap_delta=65|max_risk_points=120|max_stop=120|min_reward_points=8|or_class=normal|rr=1.25|start=10:00|stop_mode=fixed|stop_points=40|target_mode=rr|time_exit=15:55|touch_tolerance=5,or_retest,long,2024-03-25,normal,65.5,2024-03-25 10:08:00-04:00,2024-03-25 10:09:00-04:00,18497.5,2024-03-25 11:41:00-04:00,18545.0,target,93.66,full_history,2024-03-25,0.2762917315636271,up,0.25 to 1%,608,False,False,593,False,60.0,0.12595419847328243,False,36.25,0.19638382880746708,18495.0,19.0,2.0861214202198384,38.254397468556725,-14.37245759855432,34.610957705397595,-41.73983039421728,14.5,2.25,80.0,False,True,up,0.2823061630218688,False
or_retest_slip_filter|long|buffer_points=0|confirm_pattern=break_prev|end=11:00|max_close_vwap_delta=65|max_risk_points=120|max_stop=120|min_reward_points=8|or_class=normal|rr=1.25|start=10:00|stop_mode=fixed|stop_points=40|target_mode=rr|time_exit=15:55|touch_tolerance=5,or_retest,long,2024-04-05,normal,79.75,2024-04-05 10:09:00-04:00,2024-04-05 10:10:00-04:00,18212.75,2024-04-05 10:49:00-04:00,18260.25,target,93.66,full_history,2024-04-05,0.8545123766469986,up,0.25 to 1%,609,False,False,587,False,65.0,0.8432601880877743,True,71.25,0.39280004410386926,18210.25,29.75,1.7211282505497492,36.12177863706473,-1.1993619567183487,34.78469640159892,-0.5474478268843086,28.0,21.0,107.75,False,True,down,0.921403855659911,True
or_retest_slip_filter|long|buffer_points=0|confirm_pattern=break_prev|end=11:00|max_close_vwap_delta=65|max_risk_points=120|max_stop=120|min_reward_points=8|or_class=normal|rr=1.25|start=10:00|stop_mode=fixed|stop_points=40|target_mode=rr|time_exit=15:55|touch_tolerance=5,or_retest,long,2024-04-10,normal,77.25,2024-04-10 10:33:00-04:00,2024-04-10 10:34:00-04:00,18210.75,2024-04-10 10:51:00-04:00,18168.25,stop,-86.34,full_history,2024-04-10,0.286663267134335,up,0.25 to 1%,633,True,True,596,True,60.0,0.9223300970873787,True,68.75,0.3790019156824087,18208.5,19.5,1.198657192267817,39.3601622643934,-12.222235773471766,42.33874710616146,-17.638943093883427,12.25,1.75,101.25,False,True,down,0.1195097037793667,False
or_retest_slip_filter|long|buffer_points=0|confirm_pattern=break_prev|end=11:00|max_close_vwap_delta=65|max_risk_points=120|max_stop=120|min_reward_points=8|or_class=normal|rr=1.25|start=10:00|stop_mode=fixed|stop_points=40|target_mode=rr|time_exit=15:55|touch_tolerance=5,or_retest,long,2024-04-16,normal,53.0,2024-04-16 10:02:00-04:00,2024-04-16 10:03:00-04:00,17900.75,2024-04-16 10:29:00-04:00,17858.25,stop,-86.34,full_history,2024-04-16,0.04757107678532435,up,0 to 0.25%,602,False,False,597,True,35.0,0.32075471698113206,False,30.0,0.167897918065818,17898.0,15.0,1.864714218028491,34.78200348013185,0.9270045914454386,32.09440612019171,3.9580183657708403,10.0,12.75,76.0,True,True,down,0.9216080402010051,True
or_retest_slip_filter|long|buffer_points=0|confirm_pattern=break_prev|end=11:00|max_close_vwap_delta=65|max_risk_points=120|max_stop=120|min_reward_points=8|or_class=normal|rr=1.25|start=10:00|stop_mode=fixed|stop_points=40|target_mode=rr|time_exit=15:55|touch_tolerance=5,or_retest,long,2024-04-25,normal,67.75,2024-04-25 10:10:00-04:00,2024-04-25 10:11:00-04:00,17387.0,2024-04-25 10:18:00-04:00,17434.5,target,93.66,full_history,2024-04-25,1.231686762608586,up,>=1%,610,True,False,586,False,50.0,0.933579335793358,True,30.25,0.17430888687208768,17384.5,16.25,2.062238535456587,25.31134747741862,-47.83343119085475,35.97928273322759,-164.08372476342265,8.75,4.5,76.5,False,True,down,0.3172866520787746,False
or_retest_slip_filter|long|buffer_points=0|confirm_pattern=break_prev|end=11:00|max_close_vwap_delta=65|max_risk_points=120|max_stop=120|min_reward_points=8|or_class=normal|rr=1.25|start=10:00|stop_mode=fixed|stop_points=40|target_mode=rr|time_exit=15:55|touch_tolerance=5,or_retest,long,2024-05-03,normal,58.5,2024-05-03 10:44:00-04:00,2024-05-03 10:45:00-04:00,17985.5,2024-05-03 10:52:00-04:00,17943.0,stop,-86.34,full_history,2024-05-03,0.24362401158257718,up,0 to 0.25%,644,True,True,585,False,30.0,0.8803418803418803,True,24.25,0.13503730927719726,17982.25,23.0,1.6598899664045559,71.31503545003562,29.949271934321587,28.268119491796824,158.29708773727543,4.5,67.75,88.75,True,True,up,0.2176814011676397,False
or_retest_slip_filter|long|buffer_points=0|confirm_pattern=break_prev|end=11:00|max_close_vwap_delta=65|max_risk_points=120|max_stop=120|min_reward_points=8|or_class=normal|rr=1.25|start=10:00|stop_mode=fixed|stop_points=40|target_mode=rr|time_exit=15:55|touch_tolerance=5,or_retest,long,2024-05-06,normal,58.5,2024-05-06 10:05:00-04:00,2024-05-06 10:06:00-04:00,18106.5,2024-05-06 15:46:00-04:00,18154.0,target,93.66,full_history,2024-05-06,0.6819093461692738,up,0.25 to 1%,605,False,False,591,False,35.0,0.7350427350427351,True,29.75,0.16459880769603696,18104.0,10.0,2.003907526044972,75.38068422589606,17.876239951696334,19.465161562300636,65.75495980677442,3.0,9.5,61.5,True,True,up,0.2795527156549521,False
or_retest_slip_filter|long|buffer_points=0|confirm_pattern=break_prev|end=11:00|max_close_vwap_delta=65|max_risk_points=120|max_stop=120|min_reward_points=8|or_class=normal|rr=1.25|start=10:00|stop_mode=fixed|stop_points=40|target_mode=rr|time_exit=15:55|touch_tolerance=5,or_retest,long,2024-05-24,normal,44.0,2024-05-24 10:00:00-04:00,2024-05-24 10:01:00-04:00,18795.5,2024-05-24 10:50:00-04:00,18843.0,target,93.66,full_history,2024-05-24,0.5969433303574911,up,0.25 to 1%,600,False,False,585,False,30.0,0.8409090909090909,True,30.25,0.16122799770816876,18792.5,46.5,1.369650107823519,48.57701368404147,7.370456014905358,34.72379979606194,72.73182405961052,15.25,4.25,60.75,True,True,down,0.7894736842105263,True
or_retest_slip_filter|long|buffer_points=0|confirm_pattern=break_prev|end=11:00|max_close_vwap_delta=65|max_risk_points=120|max_stop=120|min_reward_points=8|or_class=normal|rr=1.25|start=10:00|stop_mode=fixed|stop_points=40|target_mode=rr|time_exit=15:55|touch_tolerance=5,or_retest,long,2024-05-29,normal,56.75,2024-05-29 10:10:00-04:00,2024-05-29 10:11:00-04:00,18828.0,2024-05-29 10:36:00-04:00,18875.5,target,93.66,full_history,2024-05-29,0.24246622791825878,up,0 to 0.25%,610,True,False,590,False,50.0,0.4713656387665198,True,59.75,0.3184034531453994,18825.25,13.25,1.8847770163711075,43.265043323882644,-8.563618997959566,13.714693226127565,-40.504475991849176,7.5,24.5,64.25,False,True,up,0.18415841584158416,False
or_retest_slip_filter|long|buffer_points=0|confirm_pattern=break_prev|end=11:00|max_close_vwap_delta=65|max_risk_points=120|max_stop=120|min_reward_points=8|or_class=normal|rr=1.25|start=10:00|stop_mode=fixed|stop_points=40|target_mode=rr|time_exit=15:55|touch_tolerance=5,or_retest,long,2024-06-07,normal,48.5,2024-06-07 10:13:00-04:00,2024-06-07 10:14:00-04:00,19044.0,2024-06-07 10:44:00-04:00,19091.5,target,93.66,full_history,2024-06-07,-0.0013129734910632962,down,-0.25 to 0%,613,True,False,591,False,40.0,0.6443298969072165,False,0.75,0.003938920473189889,19041.5,9.0,2.073087269458065,47.428705696260636,-3.8215385981893633,14.427148087823298,-6.286154392753815,0.75,22.75,49.25,False,True,down,0.375,False
or_retest_slip_filter|long|buffer_points=0|confirm_pattern=break_prev|end=11:00|max_close_vwap_delta=65|max_risk_points=120|max_stop=120|min_reward_points=8|or_class=normal|rr=1.25|start=10:00|stop_mode=fixed|stop_points=40|target_mode=rr|time_exit=15:55|touch_tolerance=5,or_retest,long,2024-06-10,normal,46.0,2024-06-10 10:25:00-04:00,2024-06-10 10:26:00-04:00,19027.0,2024-06-10 11:08:00-04:00,19074.5,target,93.66,full_history,2024-06-10,0.6543434183848174,up,0.25 to 1%,625,True,True,622,True,40.0,0.4673913043478261,True,36.0,0.18958843510545886,19024.5,8.0,1.2054413153173198,40.704576921175374,-6.389266455982579,20.853776895637566,-3.0570658239266777,1.0,5.25,47.0,False,True,down,0.0015337423312883436,False
or_retest_slip_filter|long|buffer_points=0|confirm_pattern=break_prev|end=11:00|max_close_vwap_delta=65|max_risk_points=120|max_stop=120|min_reward_points=8|or_class=normal|rr=1.25|start=10:00|stop_mode=fixed|stop_points=40|target_mode=rr|time_exit=15:55|touch_tolerance=5,or_retest,long,2024-06-11,normal,41.5,2024-06-11 10:35:00-04:00,2024-06-11 10:36:00-04:00,19091.25,2024-06-11 13:16:00-04:00,19138.75,target,93.66,full_history,2024-06-11,0.9667856018469978,up,0.25 to 1%,635,True,True,631,True,35.0,0.24096385542168675,False,30.75,0.16134956448734528,19088.75,9.75,1.105454177431552,51.62816029237922,2.5770847909989243,36.774639086041134,12.308339163988421,1.25,5.0,94.0,True,True,up,0.8160919540229885,True
or_retest_slip_filter|long|buffer_points=0|confirm_pattern=break_prev|end=11:00|max_close_vwap_delta=65|max_risk_points=120|max_stop=120|min_reward_points=8|or_class=normal|rr=1.25|start=10:00|stop_mode=fixed|stop_points=40|target_mode=rr|time_exit=15:55|touch_tolerance=5,or_retest,long,2024-06-14,normal,46.5,2024-06-14 10:07:00-04:00,2024-06-14 10:08:00-04:00,19631.0,2024-06-14 10:12:00-04:00,19588.5,stop,-86.34,full_history,2024-06-14,0.5631536604987941,up,0.25 to 1%,607,False,False,585,False,50.0,0.8709677419354839,True,51.25,0.2617834476241532,19628.5,22.75,1.6971490511174963,65.15121606273544,9.201799136808404,24.086531127722992,26.307196547229978,25.0,18.5,71.5,True,True,down,0.26564885496183205,False
or_retest_slip_filter|long|buffer_points=0|confirm_pattern=break_prev|end=11:00|max_close_vwap_delta=65|max_risk_points=120|max_stop=120|min_reward_points=8|or_class=normal|rr=1.25|start=10:00|stop_mode=fixed|stop_points=40|target_mode=rr|time_exit=15:55|touch_tolerance=5,or_retest,long,2024-06-17,normal,45.75,2024-06-17 10:16:00-04:00,2024-06-17 10:17:00-04:00,19721.0,2024-06-17 10:26:00-04:00,19678.5,stop,-86.34,full_history,2024-06-17,1.1767692795937812,up,>=1%,616,True,False,610,True,40.0,0.33879781420765026,False,25.0,0.126943827356385,19718.75,12.0,0.7416499749144987,65.66435998526944,7.85657025088949,36.94745201618207,40.42628100355796,9.0,0.75,78.5,True,True,up,0.8212290502793296,True
or_retest_slip_filter|long|buffer_points=0|confirm_pattern=break_prev|end=11:00|max_close_vwap_delta=65|max_risk_points=120|max_stop=120|min_reward_points=8|or_class=normal|rr=1.25|start=10:00|stop_mode=fixed|stop_points=40|target_mode=rr|time_exit=15:55|touch_tolerance=5,or_retest,long,2024-06-25,normal,49.25,2024-06-25 10:00:00-04:00,2024-06-25 10:01:00-04:00,19851.75,2024-06-25 10:33:00-04:00,19899.25,target,93.66,full_history,2024-06-25,0.6946633215244802,up,0.25 to 1%,600,False,False,587,False,50.0,0.6598984771573604,False,19.75,0.0995978264980657,19849.5,26.75,1.6152430562261517,50.83632501398413,4.256522531297378,23.88920178963963,35.02609012518951,8.0,5.5,57.25,True,True,down,0.6950980392156862,True
or_retest_slip_filter|long|buffer_points=0|confirm_pattern=break_prev|end=11:00|max_close_vwap_delta=65|max_risk_points=120|max_stop=120|min_reward_points=8|or_class=normal|rr=1.25|start=10:00|stop_mode=fixed|stop_points=40|target_mode=rr|time_exit=15:55|touch_tolerance=5,or_retest,long,2024-07-03,normal,51.5,2024-07-03 10:05:00-04:00,2024-07-03 10:06:00-04:00,20274.25,2024-07-03 11:06:00-04:00,20321.75,target,93.66,full_history,2024-07-03,1.0029060780312848,up,>=1%,605,False,False,589,False,60.0,0.8203883495145631,True,55.0,0.27205836888641866,20271.25,11.0,1.7207066902208283,79.7902440220034,9.802228393607948,13.582910748486029,34.708913574424514,3.75,25.25,55.25,True,True,up,0.9699646643109541,True
or_retest_slip_filter|long|buffer_points=0|confirm_pattern=break_prev|end=11:00|max_close_vwap_delta=65|max_risk_points=120|max_stop=120|min_reward_points=8|or_class=normal|rr=1.25|start=10:00|stop_mode=fixed|stop_points=40|target_mode=rr|time_exit=15:55|touch_tolerance=5,or_retest,long,2024-07-05,normal,54.75,2024-07-05 10:15:00-04:00,2024-07-05 10:16:00-04:00,20497.75,2024-07-05 10:49:00-04:00,20545.25,target,93.66,full_history,2024-07-05,0.8842306092997188,up,0.25 to 1%,615,True,False,595,True,60.0,0.5662100456621004,True,54.0,0.2641684807866307,20495.5,12.0,1.8503898215319432,77.86715844230005,14.016115158829052,12.353411265114119,59.81446063531257,0.75,49.0,67.5,True,True,up,0.9236902050113895,True
or_retest_slip_filter|long|buffer_points=0|confirm_pattern=break_prev|end=11:00|max_close_vwap_delta=65|max_risk_points=120|max_stop=120|min_reward_points=8|or_class=normal|rr=1.25|start=10:00|stop_mode=fixed|stop_points=40|target_mode=rr|time_exit=15:55|touch_tolerance=5,or_retest,long,2024-07-10,normal,46.75,2024-07-10 10:04:00-04:00,2024-07-10 10:05:00-04:00,20778.25,2024-07-10 10:36:00-04:00,20735.75,stop,-86.34,full_history,2024-07-10,0.6515324863009653,up,0.25 to 1%,604,False,False,589,False,45.0,0.7112299465240641,False,16.75,0.08068886614078785,20775.5,14.25,2.0349616302363684,68.73819528732511,15.320758721776656,22.622565685665904,72.78303488709207,7.25,2.75,54.0,True,True,down,0.27929373996789725,False
or_retest_slip_filter|long|buffer_points=0|confirm_pattern=break_prev|end=11:00|max_close_vwap_delta=65|max_risk_points=120|max_stop=120|min_reward_points=8|or_class=normal|rr=1.25|start=10:00|stop_mode=fixed|stop_points=40|target_mode=rr|time_exit=15:55|touch_tolerance=5,or_retest,long,2024-07-15,normal,70.0,2024-07-15 10:20:00-04:00,2024-07-15 10:21:00-04:00,20669.5,2024-07-15 10:50:00-04:00,20717.0,target,93.66,full_history,2024-07-15,-0.07884617717343056,down,-0.25 to 0%,620,True,True,609,True,75.0,0.039285714285714285,False,56.5,0.274142092941454,20666.25,11.0,1.6115172583957806,55.44031999967537,8.381992367238126,34.854336972992314,29.027969468941592,0.75,12.0,84.75,True,True,up,0.30324623911322246,False
or_retest_slip_filter|long|buffer_points=0|confirm_pattern=break_prev|end=11:00|max_close_vwap_delta=65|max_risk_points=120|max_stop=120|min_reward_points=8|or_class=normal|rr=1.25|start=10:00|stop_mode=fixed|stop_points=40|target_mode=rr|time_exit=15:55|touch_tolerance=5,or_retest,long,2024-07-31,normal,101.5,2024-07-31 10:13:00-04:00,2024-07-31 10:14:00-04:00,19432.5,2024-07-31 10:35:00-04:00,19480.0,target,93.66,full_history,2024-07-31,0.6569182917543159,up,0.25 to 1%,613,True,False,601,True,70.0,0.1748768472906404,False,59.25,0.3058735464553486,19430.0,18.25,1.761005501408461,73.81067077813367,74.12854247625,54.20910494065902,335.764169905,18.0,22.25,119.5,True,True,down,0.6715045960328979,True
or_retest_slip_filter|long|buffer_points=0|confirm_pattern=break_prev|end=11:00|max_close_vwap_delta=65|max_risk_points=120|max_stop=120|min_reward_points=8|or_class=normal|rr=1.25|start=10:00|stop_mode=fixed|stop_points=40|target_mode=rr|time_exit=15:55|touch_tolerance=5,or_retest,long,2024-08-07,normal,102.0,2024-08-07 10:00:00-04:00,2024-08-07 10:01:00-04:00,18550.75,2024-08-07 10:04:00-04:00,18508.25,stop,-86.34,full_history,2024-08-07,-2.6158931425939502,down,<=-1%,600,False,False,590,False,55.00000000000001,0.7916666666666666,True,93.75,0.5080061773551137,18548.25,31.25,2.7644389503149362,60.69290209366004,31.400577105247066,40.4519383826555,153.6023084209919,7.5,10.25,109.5,True,True,up,0.1806420699568759,False
or_retest_slip_filter|long|buffer_points=0|confirm_pattern=break_prev|end=11:00|max_close_vwap_delta=65|max_risk_points=120|max_stop=120|min_reward_points=8|or_class=normal|rr=1.25|start=10:00|stop_mode=fixed|stop_points=40|target_mode=rr|time_exit=15:55|touch_tolerance=5,or_retest,long,2024-08-27,normal,84.75,2024-08-27 10:00:00-04:00,2024-08-27 10:01:00-04:00,19552.25,2024-08-27 10:24:00-04:00,19599.75,target,93.66,full_history,2024-08-27,0.6556117549138873,up,0.25 to 1%,600,False,False,593,False,55.00000000000001,0.2448377581120944,False,26.25,0.13445162942569144,19550.0,30.0,2.630133385506666,43.31157513372017,-4.801094715607178,46.16570013838282,-10.954378862428712,10.75,20.75,108.25,False,True,down,0.5779661016949152,False
or_retest_slip_filter|long|buffer_points=0|confirm_pattern=break_prev|end=11:00|max_close_vwap_delta=65|max_risk_points=120|max_stop=120|min_reward_points=8|or_class=normal|rr=1.25|start=10:00|stop_mode=fixed|stop_points=40|target_mode=rr|time_exit=15:55|touch_tolerance=5,or_retest,long,2024-08-30,normal,64.0,2024-08-30 10:08:00-04:00,2024-08-30 10:09:00-04:00,19603.5,2024-08-30 10:15:00-04:00,19561.0,stop,-86.34,full_history,2024-08-30,0.26202436187481304,up,0.25 to 1%,608,False,False,585,False,30.0,0.734375,True,42.25,0.21601032759435146,19601.5,21.5,1.7513013509505744,56.21164615102769,24.090720995285665,33.06109210384966,106.8628839811281,24.5,26.5,88.5,True,True,down,0.29577464788732394,False
or_retest_slip_filter|long|buffer_points=0|confirm_pattern=break_prev|end=11:00|max_close_vwap_delta=65|max_risk_points=120|max_stop=120|min_reward_points=8|or_class=normal|rr=1.25|start=10:00|stop_mode=fixed|stop_points=40|target_mode=rr|time_exit=15:55|touch_tolerance=5,or_retest,long,2024-09-04,normal,105.75,2024-09-04 10:16:00-04:00,2024-09-04 10:17:00-04:00,18977.0,2024-09-04 10:17:00-04:00,18934.5,stop,-86.34,full_history,2024-09-04,0.42112511918634965,up,0.25 to 1%,616,True,False,585,False,70.0,0.7919621749408984,True,96.5,0.5111770314651931,18974.5,30.25,2.8549236625845955,29.83693972460857,-12.902924956422794,40.98214522549824,-27.111699825694814,8.75,27.0,138.5,False,True,down,0.8143294014853648,True
or_retest_slip_filter|long|buffer_points=0|confirm_pattern=break_prev|end=11:00|max_close_vwap_delta=65|max_risk_points=120|max_stop=120|min_reward_points=8|or_class=normal|rr=1.25|start=10:00|stop_mode=fixed|stop_points=40|target_mode=rr|time_exit=15:55|touch_tolerance=5,or_retest,long,2024-09-09,normal,70.0,2024-09-09 10:02:00-04:00,2024-09-09 10:03:00-04:00,18685.75,2024-09-09 10:19:00-04:00,18643.25,stop,-86.34,full_history,2024-09-09,0.3167020048847169,up,0.25 to 1%,602,False,False,598,True,35.0,0.6821428571428572,True,53.75,0.28852089428057504,18683.25,15.75,1.9867584170881543,60.80964507161471,34.27334158816302,27.08672650843073,132.84336635264117,8.25,14.25,78.25,True,True,down,0.8751160631383472,True
or_retest_slip_filter|long|buffer_points=0|confirm_pattern=break_prev|end=11:00|max_close_vwap_delta=65|max_risk_points=120|max_stop=120|min_reward_points=8|or_class=normal|rr=1.25|start=10:00|stop_mode=fixed|stop_points=40|target_mode=rr|time_exit=15:55|touch_tolerance=5,or_retest,long,2024-09-12,normal,79.5,2024-09-12 10:13:00-04:00,2024-09-12 10:14:00-04:00,19314.75,2024-09-12 10:34:00-04:00,19362.25,target,93.66,full_history,2024-09-12,0.9969106155403917,up,0.25 to 1%,613,True,False,612,True,55.00000000000001,0.7358490566037735,True,53.0,0.27518886783146623,19312.5,25.75,2.07111160726745,76.94965659200086,18.065582785813604,62.74960751683102,127.5123311432435,23.0,3.25,127.25,True,True,up,0.47267851156553803,False
or_retest_slip_filter|long|buffer_points=0|confirm_pattern=break_prev|end=11:00|max_close_vwap_delta=65|max_risk_points=120|max_stop=120|min_reward_points=8|or_class=normal|rr=1.25|start=10:00|stop_mode=fixed|stop_points=40|target_mode=rr|time_exit=15:55|touch_tolerance=5,or_retest,long,2024-09-17,normal,71.75,2024-09-17 10:53:00-04:00,2024-09-17 10:54:00-04:00,19597.5,2024-09-17 10:58:00-04:00,19555.0,stop,-86.34,full_history,2024-09-17,-0.594287174899355,down,-1 to -0.25%,653,True,True,645,True,40.0,0.45993031358885017,False,33.5,0.17125694932582647,19594.75,11.75,1.0774253355366572,68.38619156846771,16.297175493069517,43.4579469439559,77.18870197227443,1.0,20.75,119.5,True,True,up,0.016666666666666666,False
or_retest_slip_filter|long|buffer_points=0|confirm_pattern=break_prev|end=11:00|max_close_vwap_delta=65|max_risk_points=120|max_stop=120|min_reward_points=8|or_class=normal|rr=1.25|start=10:00|stop_mode=fixed|stop_points=40|target_mode=rr|time_exit=15:55|touch_tolerance=5,or_retest,long,2024-09-19,normal,68.75,2024-09-19 10:18:00-04:00,2024-09-19 10:19:00-04:00,19848.25,2024-09-19 10:27:00-04:00,19895.75,target,93.66,full_history,2024-09-19,0.14508661039829285,up,0 to 0.25%,618,True,False,617,True,30.0,0.4072727272727273,False,30.75,0.155179591991228,19846.5,13.25,0.6637266868790277,68.96700602348805,51.64443036640296,53.905507948580635,229.3277214656082,11.5,1.25,119.75,True,True,down,0.4302848575712144,False
or_retest_slip_filter|long|buffer_points=0|confirm_pattern=break_prev|end=11:00|max_close_vwap_delta=65|max_risk_points=120|max_stop=120|min_reward_points=8|or_class=normal|rr=1.25|start=10:00|stop_mode=fixed|stop_points=40|target_mode=rr|time_exit=15:55|touch_tolerance=5,or_retest,long,2024-10-03,normal,111.75,2024-10-03 10:16:00-04:00,2024-10-03 10:17:00-04:00,20057.5,2024-10-03 10:20:00-04:00,20015.0,stop,-86.34,full_history,2024-10-03,0.3804143126177051,up,0.25 to 1%,616,True,False,594,False,75.0,0.8769574944071589,True,142.75,0.7168863779033252,20055.25,46.5,3.050421170170094,50.714906765327925,0.647271778776485,39.214719127467106,32.3390871151023,49.0,59.75,160.75,True,True,up,0.2578125,False
or_retest_slip_filter|long|buffer_points=0|confirm_pattern=break_prev|end=11:00|max_close_vwap_delta=65|max_risk_points=120|max_stop=120|min_reward_points=8|or_class=normal|rr=1.25|start=10:00|stop_mode=fixed|stop_points=40|target_mode=rr|time_exit=15:55|touch_tolerance=5,or_retest,long,2024-10-14,normal,68.25,2024-10-14 10:20:00-04:00,2024-10-14 10:21:00-04:00,20618.25,2024-10-14 10:52:00-04:00,20575.75,stop,-86.34,full_history,2024-10-14,0.34305317324185847,up,0.25 to 1%,620,True,True,586,False,50.0,0.9157509157509157,True,64.5,0.31385715849785445,20615.25,14.75,1.858112946846065,68.87243862690511,20.63092286225583,-2.9169955572797335,69.0236914490124,6.25,64.75,74.5,True,False,up,0.5986206896551725,False
or_retest_slip_filter|long|buffer_points=0|confirm_pattern=break_prev|end=11:00|max_close_vwap_delta=65|max_risk_points=120|max_stop=120|min_reward_points=8|or_class=normal|rr=1.25|start=10:00|stop_mode=fixed|stop_points=40|target_mode=rr|time_exit=15:55|touch_tolerance=5,or_retest,long,2024-10-21,normal,65.25,2024-10-21 10:03:00-04:00,2024-10-21 10:04:00-04:00,20511.75,2024-10-21 10:38:00-04:00,20469.25,stop,-86.34,full_history,2024-10-21,0.45403923584339534,up,0.25 to 1%,603,False,False,589,False,45.0,0.8160919540229885,True,81.5,0.39896709133409036,20509.25,21.0,2.163785296781098,53.82521702585704,1.6492264903026808,37.108737278445915,22.596905961207085,21.0,4.25,86.25,True,True,up,0.16666666666666666,False
or_retest_slip_filter|long|buffer_points=0|confirm_pattern=break_prev|end=11:00|max_close_vwap_delta=65|max_risk_points=120|max_stop=120|min_reward_points=8|or_class=normal|rr=1.25|start=10:00|stop_mode=fixed|stop_points=40|target_mode=rr|time_exit=15:55|touch_tolerance=5,or_retest,long,2024-10-22,normal,89.5,2024-10-22 10:04:00-04:00,2024-10-22 10:05:00-04:00,20462.0,2024-10-22 10:06:00-04:00,20509.5,target,93.66,full_history,2024-10-22,0.6739370175223636,up,0.25 to 1%,604,False,False,585,False,65.0,0.8491620111731844,True,57.25,0.2806028672956762,20459.75,14.75,2.6549312847553677,48.6915329884247,-2.6006215136585524,26.326473069086205,-11.15248605463421,1.5,19.75,91.0,False,True,up,0.4432497013142174,False
or_retest_slip_filter|long|buffer_points=0|confirm_pattern=break_prev|end=11:00|max_close_vwap_delta=65|max_risk_points=120|max_stop=120|min_reward_points=8|or_class=normal|rr=1.25|start=10:00|stop_mode=fixed|stop_points=40|target_mode=rr|time_exit=15:55|touch_tolerance=5,or_retest,long,2024-10-29,normal,94.75,2024-10-29 10:11:00-04:00,2024-10-29 10:12:00-04:00,20537.75,2024-10-29 10:24:00-04:00,20585.25,target,93.66,full_history,2024-10-29,0.9044148119256024,up,0.25 to 1%,611,True,False,603,True,70.0,0.5963060686015831,False,24.5,0.1194510128958326,20535.0,19.0,2.275999562934714,45.756513824638006,-0.42391503529870533,45.71500760918934,19.304339858794265,8.25,12.75,103.0,True,True,down,0.8918439716312057,True
or_retest_slip_filter|long|buffer_points=0|confirm_pattern=break_prev|end=11:00|max_close_vwap_delta=65|max_risk_points=120|max_stop=120|min_reward_points=8|or_class=normal|rr=1.25|start=10:00|stop_mode=fixed|stop_points=40|target_mode=rr|time_exit=15:55|touch_tolerance=5,or_retest,long,2024-11-05,normal,96.0,2024-11-05 10:57:00-05:00,2024-11-05 10:58:00-05:00,20259.75,2024-11-05 11:24:00-05:00,20307.25,target,93.66,full_history,2024-11-05,0.9403416491954975,up,0.25 to 1%,657,True,True,589,False,65.0,0.7291666666666666,True,104.5,0.5185525189494999,20256.75,10.5,1.2448788415742131,66.29704849857366,18.20516221760772,-1.2741946493915748,33.32064887041997,13.75,67.75,109.75,True,False,down,0.16627634660421545,False
or_retest_slip_filter|long|buffer_points=0|confirm_pattern=break_prev|end=11:00|max_close_vwap_delta=65|max_risk_points=120|max_stop=120|min_reward_points=8|or_class=normal|rr=1.25|start=10:00|stop_mode=fixed|stop_points=40|target_mode=rr|time_exit=15:55|touch_tolerance=5,or_retest,long,2024-11-07,normal,87.75,2024-11-07 10:35:00-05:00,2024-11-07 10:36:00-05:00,21106.5,2024-11-07 10:50:00-05:00,21154.0,target,93.66,full_history,2024-11-07,1.025885153228212,up,>=1%,635,True,True,596,True,45.0,0.7863247863247863,True,97.75,0.46533769711394335,21104.0,14.75,1.2344029619901962,83.22735817498702,23.760318724336685,23.843779631213692,88.54127489733582,12.5,25.5,100.25,True,True,up,0.7142857142857143,True
or_retest_slip_filter|long|buffer_points=0|confirm_pattern=break_prev|end=11:00|max_close_vwap_delta=65|max_risk_points=120|max_stop=120|min_reward_points=8|or_class=normal|rr=1.25|start=10:00|stop_mode=fixed|stop_points=40|target_mode=rr|time_exit=15:55|touch_tolerance=5,or_retest,long,2024-12-02,normal,113.0,2024-12-02 10:59:00-05:00,2024-12-02 11:00:00-05:00,21159.0,2024-12-02 11:37:00-05:00,21206.5,target,93.66,full_history,2024-12-02,0.8268782968207988,up,0.25 to 1%,659,True,True,589,False,75.0,0.7654867256637168,True,113.25,0.5381837190514771,21156.25,17.75,1.1745515592732874,81.17186866755807,17.768256019848195,5.626469029619329,49.07302407939278,16.75,47.5,129.75,True,True,up,0.7561837455830389,True
or_retest_slip_filter|long|buffer_points=0|confirm_pattern=break_prev|end=11:00|max_close_vwap_delta=65|max_risk_points=120|max_stop=120|min_reward_points=8|or_class=normal|rr=1.25|start=10:00|stop_mode=fixed|stop_points=40|target_mode=rr|time_exit=15:55|touch_tolerance=5,or_retest,long,2024-12-10,normal,71.25,2024-12-10 10:04:00-05:00,2024-12-10 10:05:00-05:00,21580.25,2024-12-10 10:50:00-05:00,21537.75,stop,-86.34,full_history,2024-12-10,-0.5828195929550861,down,-1 to -0.25%,604,False,False,585,False,50.0,0.9929824561403509,True,44.25,0.20549615130089904,21577.5,18.25,3.013131640902783,54.710087157080984,10.096767080874997,32.517542004658026,71.13706832349271,1.0,12.25,72.25,True,True,down,0.6132075471698113,False
or_retest_slip_filter|long|buffer_points=0|confirm_pattern=break_prev|end=11:00|max_close_vwap_delta=65|max_risk_points=120|max_stop=120|min_reward_points=8|or_class=normal|rr=1.25|start=10:00|stop_mode=fixed|stop_points=40|target_mode=rr|time_exit=15:55|touch_tolerance=5,or_retest,long,2024-12-18,normal,89.25,2024-12-18 10:10:00-05:00,2024-12-18 10:11:00-05:00,22004.75,2024-12-18 11:19:00-05:00,21962.25,stop,-86.34,full_history,2024-12-18,-3.498515746732933,down,<=-1%,610,True,False,605,True,75.0,0.680672268907563,False,22.0,0.10008757662955947,22002.75,18.75,1.4941785666280492,45.80615326792769,-1.117105364701274,36.697064797885105,8.781578541191266,0.25,5.25,89.5,True,True,down,0.125,False
or_retest_slip_filter|long|buffer_points=0|confirm_pattern=break_prev|end=11:00|max_close_vwap_delta=65|max_risk_points=120|max_stop=120|min_reward_points=8|or_class=normal|rr=1.25|start=10:00|stop_mode=fixed|stop_points=40|target_mode=rr|time_exit=15:55|touch_tolerance=5,or_retest,long,2025-01-06,normal,105.0,2025-01-06 10:13:00-05:00,2025-01-06 10:14:00-05:00,21840.5,2025-01-06 10:46:00-05:00,21888.0,target,93.66,full_history,2025-01-06,0.07937329606240162,up,0 to 0.25%,613,True,False,589,False,70.0,0.6619047619047619,True,105.25,0.48429213974301444,21838.0,23.75,3.0948447028232846,81.90166204498513,49.955141583588556,38.066301400849625,219.07056633435423,9.25,10.0,114.25,True,True,up,0.7194304857621441,True
or_retest_slip_filter|long|buffer_points=0|confirm_pattern=break_prev|end=11:00|max_close_vwap_delta=65|max_risk_points=120|max_stop=120|min_reward_points=8|or_class=normal|rr=1.25|start=10:00|stop_mode=fixed|stop_points=40|target_mode=rr|time_exit=15:55|touch_tolerance=5,or_retest,long,2025-01-13,normal,84.5,2025-01-13 10:02:00-05:00,2025-01-13 10:03:00-05:00,20798.75,2025-01-13 10:06:00-05:00,20846.25,target,93.66,full_history,2025-01-13,0.8776470871507236,up,0.25 to 1%,602,False,False,593,False,35.0,0.9467455621301775,True,30.5,0.1468764672597933,20796.25,24.0,2.2485741701736695,31.182287093796916,-37.74953976251709,31.32451556194428,-156.24815905006835,10.25,45.0,94.75,False,True,down,0.5465116279069767,False
or_retest_slip_filter|long|buffer_points=0|confirm_pattern=break_prev|end=11:00|max_close_vwap_delta=65|max_risk_points=120|max_stop=120|min_reward_points=8|or_class=normal|rr=1.25|start=10:00|stop_mode=fixed|stop_points=40|target_mode=rr|time_exit=15:55|touch_tolerance=5,or_retest,long,2025-02-11,normal,96.75,2025-02-11 10:12:00-05:00,2025-02-11 10:13:00-05:00,21802.5,2025-02-11 10:45:00-05:00,21850.0,target,93.66,full_history,2025-02-11,0.3916058141945511,up,0.25 to 1%,612,True,False,601,True,50.0,0.9198966408268734,True,95.0,0.43767708645274794,21800.5,14.5,2.085841702036067,39.881657158492736,-13.513060316043266,21.023375425400445,-31.05224126418034,3.5,18.5,100.25,False,True,up,0.5198019801980198,False
or_retest_slip_filter|long|buffer_points=0|confirm_pattern=break_prev|end=11:00|max_close_vwap_delta=65|max_risk_points=120|max_stop=120|min_reward_points=8|or_class=normal|rr=1.25|start=10:00|stop_mode=fixed|stop_points=40|target_mode=rr|time_exit=15:55|touch_tolerance=5,or_retest,long,2025-02-13,normal,116.0,2025-02-13 10:17:00-05:00,2025-02-13 10:18:00-05:00,21963.5,2025-02-13 10:38:00-05:00,22011.0,target,93.66,full_history,2025-02-13,1.1020039553254035,up,>=1%,617,True,False,616,True,60.0,0.44396551724137934,True,91.75,0.4195388502120645,21961.0,16.5,2.8196542082020373,67.82336917214519,19.397570755460038,57.68482604959354,103.34028302183287,10.0,3.25,126.0,True,True,up,0.8285243198680956,True
or_retest_slip_filter|long|buffer_points=0|confirm_pattern=break_prev|end=11:00|max_close_vwap_delta=65|max_risk_points=120|max_stop=120|min_reward_points=8|or_class=normal|rr=1.25|start=10:00|stop_mode=fixed|stop_points=40|target_mode=rr|time_exit=15:55|touch_tolerance=5,or_retest,long,2025-02-26,normal,85.75,2025-02-26 10:07:00-05:00,2025-02-26 10:08:00-05:00,21301.5,2025-02-26 10:18:00-05:00,21349.0,target,93.66,full_history,2025-02-26,-0.21542337167006487,down,-0.25 to 0%,607,False,False,589,False,45.0,0.5306122448979592,False,62.0,0.29193986980422526,21299.25,34.5,2.023476286435454,55.57965304228427,21.511096774713224,43.260920864406216,84.79438709884562,25.0,21.75,110.75,True,True,down,0.5927518427518428,False
or_retest_slip_filter|long|buffer_points=0|confirm_pattern=break_prev|end=11:00|max_close_vwap_delta=65|max_risk_points=120|max_stop=120|min_reward_points=8|or_class=normal|rr=1.25|start=10:00|stop_mode=fixed|stop_points=40|target_mode=rr|time_exit=15:55|touch_tolerance=5,or_retest,long,2025-03-19,normal,107.25,2025-03-19 10:47:00-04:00,2025-03-19 10:48:00-04:00,19624.75,2025-03-19 11:26:00-04:00,19672.25,target,93.66,full_history,2025-03-19,0.8322695940770952,up,0.25 to 1%,647,True,True,594,False,35.0,0.17249417249417248,False,36.75,0.1876436047995922,19621.75,16.0,0.7928940252870271,56.639139503997605,9.544226850306586,7.752811817848851,35.42690740121543,11.25,72.75,118.5,True,True,down,0.652991452991453,True
or_retest_slip_filter|long|buffer_points=0|confirm_pattern=break_prev|end=11:00|max_close_vwap_delta=65|max_risk_points=120|max_stop=120|min_reward_points=8|or_class=normal|rr=1.25|start=10:00|stop_mode=fixed|stop_points=40|target_mode=rr|time_exit=15:55|touch_tolerance=5,or_retest,long,2025-03-27,normal,132.0,2025-03-27 10:17:00-04:00,2025-03-27 10:18:00-04:00,20083.75,2025-03-27 10:35:00-04:00,20131.25,target,93.66,full_history,2025-03-27,-0.16601135867191363,down,-0.25 to 0%,617,True,False,595,True,45.0,0.32007575757575757,False,53.0,0.26461960931161155,20081.75,23.0,1.7876069038820153,42.690438066070584,2.8067366176801443,57.53505299128665,2.726946470709663,12.0,21.0,144.0,True,True,down,0.7527377521613833,True
or_retest_slip_filter|long|buffer_points=0|confirm_pattern=break_prev|end=11:00|max_close_vwap_delta=65|max_risk_points=120|max_stop=120|min_reward_points=8|or_class=normal|rr=1.25|start=10:00|stop_mode=fixed|stop_points=40|target_mode=rr|time_exit=15:55|touch_tolerance=5,or_retest,long,2025-04-15,normal,118.75,2025-04-15 10:03:00-04:00,2025-04-15 10:04:00-04:00,19093.5,2025-04-15 10:13:00-04:00,19141.0,target,93.66,full_history,2025-04-15,-0.14351736033391127,down,-0.25 to 0%,603,False,False,588,False,30.0,0.8610526315789474,True,103.75,0.5464193076933244,19091.0,23.75,1.445961682877013,58.393416471250724,11.793228769362031,35.51375475346504,70.67291507745176,4.25,26.75,123.0,True,True,down,0.5670053217223029,False
or_retest_slip_filter|long|buffer_points=0|confirm_pattern=break_prev|end=11:00|max_close_vwap_delta=65|max_risk_points=120|max_stop=120|min_reward_points=8|or_class=normal|rr=1.25|start=10:00|stop_mode=fixed|stop_points=40|target_mode=rr|time_exit=15:55|touch_tolerance=5,or_retest,long,2025-05-21,normal,95.25,2025-05-21 10:38:00-04:00,2025-05-21 10:39:00-04:00,21402.75,2025-05-21 10:59:00-04:00,21450.25,target,93.66,full_history,2025-05-21,-0.6132662891515261,down,-1 to -0.25%,638,True,True,588,False,55.00000000000001,0.9081364829396326,True,120.5,0.5662727037759385,21400.0,24.0,1.1660197682821642,46.227636176802314,-0.9809365740547946,26.337382913294277,12.82625370376627,27.75,40.5,123.0,True,True,up,0.19487908961593173,False
or_retest_slip_filter|long|buffer_points=0|confirm_pattern=break_prev|end=11:00|max_close_vwap_delta=65|max_risk_points=120|max_stop=120|min_reward_points=8|or_class=normal|rr=1.25|start=10:00|stop_mode=fixed|stop_points=40|target_mode=rr|time_exit=15:55|touch_tolerance=5,or_retest,long,2025-05-22,normal,105.75,2025-05-22 10:27:00-04:00,2025-05-22 10:28:00-04:00,21240.25,2025-05-22 10:54:00-04:00,21197.75,stop,-86.34,full_history,2025-05-22,0.06140475178308957,up,0 to 0.25%,627,True,True,592,False,65.0,0.4160756501182033,False,67.25,0.3176515044164274,21238.25,27.25,1.3703533842070648,47.81415168543419,11.581744724571763,9.320160905666853,12.07697889829069,18.75,92.0,124.5,True,True,down,0.26810477657935283,False
or_retest_slip_filter|long|buffer_points=0|confirm_pattern=break_prev|end=11:00|max_close_vwap_delta=65|max_risk_points=120|max_stop=120|min_reward_points=8|or_class=normal|rr=1.25|start=10:00|stop_mode=fixed|stop_points=40|target_mode=rr|time_exit=15:55|touch_tolerance=5,or_retest,long,2025-06-03,normal,85.75,2025-06-03 10:00:00-04:00,2025-06-03 10:01:00-04:00,21612.5,2025-06-03 10:08:00-04:00,21570.0,stop,-86.34,full_history,2025-06-03,0.7333147684024821,up,0.25 to 1%,600,False,False,597,True,45.0,0.6268221574344023,True,64.25,0.29819920170797154,21610.25,26.5,2.028387665614397,73.03756749902172,14.784412227094435,45.96594136092608,80.13764890837774,14.5,9.5,100.25,True,True,up,0.7954729183508489,True
or_retest_slip_filter|long|buffer_points=0|confirm_pattern=break_prev|end=11:00|max_close_vwap_delta=65|max_risk_points=120|max_stop=120|min_reward_points=8|or_class=normal|rr=1.25|start=10:00|stop_mode=fixed|stop_points=40|target_mode=rr|time_exit=15:55|touch_tolerance=5,or_retest,long,2025-06-17,normal,80.5,2025-06-17 10:12:00-04:00,2025-06-17 10:13:00-04:00,21898.0,2025-06-17 10:35:00-04:00,21855.5,stop,-86.34,full_history,2025-06-17,-0.49795666059960775,down,-1 to -0.25%,612,True,False,611,True,35.0,0.059006211180124224,False,55.75,0.2552743340545227,21895.0,8.5,1.6670083633201602,45.2498241807908,-8.936381472700305,41.860781769337336,-10.495525890801218,8.5,2.25,92.5,False,True,up,0.7503059975520195,True
or_retest_slip_filter|long|buffer_points=0|confirm_pattern=break_prev|end=11:00|max_close_vwap_delta=65|max_risk_points=120|max_stop=120|min_reward_points=8|or_class=normal|rr=1.25|start=10:00|stop_mode=fixed|stop_points=40|target_mode=rr|time_exit=15:55|touch_tolerance=5,or_retest,long,2025-06-26,normal,71.5,2025-06-26 10:24:00-04:00,2025-06-26 10:25:00-04:00,22573.75,2025-06-26 12:01:00-04:00,22621.25,target,93.66,full_history,2025-06-26,0.5331943997960442,up,0.25 to 1%,624,True,True,621,True,35.0,0.4090909090909091,False,19.0,0.08424693219231116,22571.75,8.5,1.922240192484039,71.30484743297643,15.614998458098853,40.06018548441716,81.45999383238814,5.25,4.75,95.5,True,True,down,0.2296875,False
or_retest_slip_filter|long|buffer_points=0|confirm_pattern=break_prev|end=11:00|max_close_vwap_delta=65|max_risk_points=120|max_stop=120|min_reward_points=8|or_class=normal|rr=1.25|start=10:00|stop_mode=fixed|stop_points=40|target_mode=rr|time_exit=15:55|touch_tolerance=5,or_retest,long,2025-07-17,normal,62.5,2025-07-17 10:21:00-04:00,2025-07-17 10:22:00-04:00,23142.5,2025-07-17 10:49:00-04:00,23190.0,target,93.66,full_history,2025-07-17,0.6818108029133851,up,0.25 to 1%,621,True,True,588,False,30.0,0.904,True,39.75,0.17207605978291074,23140.0,15.75,1.7940400722642516,66.66351911591511,12.479566326081112,12.138722439703997,37.41826530432081,11.75,35.25,74.25,True,True,up,0.000946073793755913,False
or_retest_slip_filter|long|buffer_points=0|confirm_pattern=break_prev|end=11:00|max_close_vwap_delta=65|max_risk_points=120|max_stop=120|min_reward_points=8|or_class=normal|rr=1.25|start=10:00|stop_mode=fixed|stop_points=40|target_mode=rr|time_exit=15:55|touch_tolerance=5,or_retest,long,2025-07-30,normal,59.5,2025-07-30 10:22:00-04:00,2025-07-30 10:23:00-04:00,23513.75,2025-07-30 14:31:00-04:00,23561.25,target,93.66,full_history,2025-07-30,-0.013837294702445657,down,-0.25 to 0%,622,True,True,585,False,40.0,0.9705882352941176,True,24.25,0.1032475066259364,23511.5,9.5,1.2685966958550214,48.561431931916964,-0.058762439319252735,23.48349954855803,32.01495024271935,1.75,15.0,61.25,True,True,down,0.6036916395222585,False
or_retest_slip_filter|long|buffer_points=0|confirm_pattern=break_prev|end=11:00|max_close_vwap_delta=65|max_risk_points=120|max_stop=120|min_reward_points=8|or_class=normal|rr=1.25|start=10:00|stop_mode=fixed|stop_points=40|target_mode=rr|time_exit=15:55|touch_tolerance=5,or_retest,long,2025-08-06,normal,79.25,2025-08-06 10:02:00-04:00,2025-08-06 10:03:00-04:00,23244.75,2025-08-06 10:21:00-04:00,23202.25,stop,-86.34,full_history,2025-08-06,1.0995414081467425,up,>=1%,602,False,False,588,False,45.0,0.6813880126182965,True,74.0,0.31939573779335984,23242.75,35.5,2.6734011689835886,51.597231202052036,5.892753146192263,41.79467705522984,65.57101258475814,14.75,14.25,94.0,True,True,down,0.7577092511013216,True
or_retest_slip_filter|long|buffer_points=0|confirm_pattern=break_prev|end=11:00|max_close_vwap_delta=65|max_risk_points=120|max_stop=120|min_reward_points=8|or_class=normal|rr=1.25|start=10:00|stop_mode=fixed|stop_points=40|target_mode=rr|time_exit=15:55|touch_tolerance=5,or_retest,long,2025-08-07,normal,65.25,2025-08-07 10:06:00-04:00,2025-08-07 10:07:00-04:00,23651.25,2025-08-07 10:08:00-04:00,23608.75,stop,-86.34,full_history,2025-08-07,-0.41946930776971536,down,-1 to -0.25%,606,False,False,596,True,35.0,0.34099616858237547,True,47.5,0.20126052645517145,23648.75,27.25,2.9874082252369885,85.99784910487529,40.87703868356766,28.53532508184071,157.75815473426337,0.75,22.5,79.25,True,True,up,0.8606418918918919,True
or_retest_slip_filter|long|buffer_points=0|confirm_pattern=break_prev|end=11:00|max_close_vwap_delta=65|max_risk_points=120|max_stop=120|min_reward_points=8|or_class=normal|rr=1.25|start=10:00|stop_mode=fixed|stop_points=40|target_mode=rr|time_exit=15:55|touch_tolerance=5,or_retest,long,2025-08-14,normal,82.75,2025-08-14 10:17:00-04:00,2025-08-14 10:18:00-04:00,23936.25,2025-08-14 10:40:00-04:00,23983.75,target,93.66,full_history,2025-08-14,0.2640596020244468,up,0.25 to 1%,617,True,False,587,False,65.0,0.9818731117824774,True,75.25,0.315404524640317,23933.5,17.25,1.4120369153103884,47.48666139652848,-4.054957672196906,20.561311876292166,6.280169311216014,9.5,26.75,92.25,True,True,down,0.5505464480874317,False
or_retest_slip_filter|long|buffer_points=0|confirm_pattern=break_prev|end=11:00|max_close_vwap_delta=65|max_risk_points=120|max_stop=120|min_reward_points=8|or_class=normal|rr=1.25|start=10:00|stop_mode=fixed|stop_points=40|target_mode=rr|time_exit=15:55|touch_tolerance=5,or_retest,long,2025-08-21,normal,91.0,2025-08-21 10:16:00-04:00,2025-08-21 10:17:00-04:00,23298.25,2025-08-21 10:29:00-04:00,23345.75,target,93.66,full_history,2025-08-21,-0.18056555711998268,down,-0.25 to 0%,616,True,False,612,True,70.0,0.5961538461538461,False,35.5,0.15262088756569092,23295.75,23.0,2.094917701042754,49.62976836822712,3.48551389675049,53.38175743553802,28.192055586998322,5.25,7.75,140.5,True,True,down,0.2526780088216761,False
or_retest_slip_filter|long|buffer_points=0|confirm_pattern=break_prev|end=11:00|max_close_vwap_delta=65|max_risk_points=120|max_stop=120|min_reward_points=8|or_class=normal|rr=1.25|start=10:00|stop_mode=fixed|stop_points=40|target_mode=rr|time_exit=15:55|touch_tolerance=5,or_retest,long,2025-08-25,normal,73.5,2025-08-25 10:02:00-04:00,2025-08-25 10:03:00-04:00,23529.5,2025-08-25 11:03:00-04:00,23577.0,target,93.66,full_history,2025-08-25,-0.0010640108954684813,down,-0.25 to 0%,602,False,False,599,True,40.0,0.48299319727891155,False,31.25,0.13300136193394874,23527.25,17.0,2.0610339295752977,49.80631604457471,-7.466644748776162,39.24711058842513,-21.866578995111922,8.75,11.5,82.25,False,True,up,0.6783098591549296,True
or_retest_slip_filter|long|buffer_points=0|confirm_pattern=break_prev|end=11:00|max_close_vwap_delta=65|max_risk_points=120|max_stop=120|min_reward_points=8|or_class=normal|rr=1.25|start=10:00|stop_mode=fixed|stop_points=40|target_mode=rr|time_exit=15:55|touch_tolerance=5,or_retest,long,2025-09-03,normal,66.0,2025-09-03 10:18:00-04:00,2025-09-03 10:19:00-04:00,23447.5,2025-09-03 10:42:00-04:00,23495.0,target,93.66,full_history,2025-09-03,0.1216726791470002,up,0 to 0.25%,618,True,False,607,True,35.0,0.38636363636363635,False,21.25,0.09072085725874146,23444.75,34.0,2.3540824203632793,66.41412136642461,22.752918905021943,37.44462099442535,143.76167562007686,6.75,16.25,75.0,True,True,up,0.6641509433962264,True
or_retest_slip_filter|long|buffer_points=0|confirm_pattern=break_prev|end=11:00|max_close_vwap_delta=65|max_risk_points=120|max_stop=120|min_reward_points=8|or_class=normal|rr=1.25|start=10:00|stop_mode=fixed|stop_points=40|target_mode=rr|time_exit=15:55|touch_tolerance=5,or_retest,long,2025-09-08,normal,75.5,2025-09-08 10:03:00-04:00,2025-09-08 10:04:00-04:00,23852.5,2025-09-08 10:19:00-04:00,23810.0,stop,-86.34,full_history,2025-09-08,0.07883368195338303,up,0 to 0.25%,603,False,False,589,False,35.0,0.7980132450331126,True,65.75,0.27644344471655646,23850.0,15.25,1.9480586585305841,72.60058510421757,29.743367647020932,19.615594848859473,123.47347058807645,3.25,26.5,78.75,True,True,down,0.4628930817610063,False
or_retest_slip_filter|long|buffer_points=0|confirm_pattern=break_prev|end=11:00|max_close_vwap_delta=65|max_risk_points=120|max_stop=120|min_reward_points=8|or_class=normal|rr=1.25|start=10:00|stop_mode=fixed|stop_points=40|target_mode=rr|time_exit=15:55|touch_tolerance=5,or_retest,long,2025-09-11,normal,86.25,2025-09-11 10:08:00-04:00,2025-09-11 10:09:00-04:00,24004.0,2025-09-11 10:13:00-04:00,23961.5,stop,-86.34,full_history,2025-09-11,0.144930558451839,up,0 to 0.25%,608,False,False,607,True,65.0,0.1536231884057971,False,24.5,0.10218125703800318,24001.5,8.0,2.1937406128169954,65.20072119965572,21.034131433123548,40.19950732286816,106.38652573249419,3.75,1.25,91.75,True,True,down,0.5770567786790266,False
or_retest_slip_filter|long|buffer_points=0|confirm_pattern=break_prev|end=11:00|max_close_vwap_delta=65|max_risk_points=120|max_stop=120|min_reward_points=8|or_class=normal|rr=1.25|start=10:00|stop_mode=fixed|stop_points=40|target_mode=rr|time_exit=15:55|touch_tolerance=5,or_retest,long,2025-09-18,normal,88.0,2025-09-18 10:03:00-04:00,2025-09-18 10:04:00-04:00,24474.5,2025-09-18 10:19:00-04:00,24522.0,target,93.66,full_history,2025-09-18,0.08491656691527183,up,0 to 0.25%,603,False,False,602,True,70.0,0.0,False,37.0,0.1514174928127776,24472.75,12.75,1.3326916714290011,67.15701427863397,42.4544807429229,50.933833582497755,189.56792297167704,3.75,6.0,117.0,True,True,down,0.16174055829228243,False
or_retest_slip_filter|long|buffer_points=0|confirm_pattern=break_prev|end=11:00|max_close_vwap_delta=65|max_risk_points=120|max_stop=120|min_reward_points=8|or_class=normal|rr=1.25|start=10:00|stop_mode=fixed|stop_points=40|target_mode=rr|time_exit=15:55|touch_tolerance=5,or_retest,long,2025-10-20,normal,110.0,2025-10-20 10:00:00-04:00,2025-10-20 10:01:00-04:00,25231.25,2025-10-20 10:28:00-04:00,25278.75,target,93.66,full_history,2025-10-20,0.7255752846564212,up,0.25 to 1%,600,False,False,591,False,70.0,0.6727272727272727,True,110.75,0.4409188629667993,25228.75,12.25,1.5150571109721773,70.52511213580534,39.27275888702934,25.43169109846349,163.8410355481028,4.0,10.75,114.0,True,True,up,0.6583769633507853,True
or_retest_slip_filter|long|buffer_points=0|confirm_pattern=break_prev|end=11:00|max_close_vwap_delta=65|max_risk_points=120|max_stop=120|min_reward_points=8|or_class=normal|rr=1.25|start=10:00|stop_mode=fixed|stop_points=40|target_mode=rr|time_exit=15:55|touch_tolerance=5,or_retest,long,2025-10-22,normal,98.75,2025-10-22 10:01:00-04:00,2025-10-22 10:02:00-04:00,25275.0,2025-10-22 10:12:00-04:00,25232.5,stop,-86.34,full_history,2025-10-22,-0.8905512512245028,down,-1 to -0.25%,601,False,False,591,False,60.0,0.8784810126582279,False,7.25,0.0286955403172362,25272.5,15.0,2.182497941140205,41.7433943184802,-7.543035994982347,37.348023954284145,-15.672143979929388,1.0,17.0,99.75,False,True,down,0.06401384083044982,False
or_retest_slip_filter|long|buffer_points=0|confirm_pattern=break_prev|end=11:00|max_close_vwap_delta=65|max_risk_points=120|max_stop=120|min_reward_points=8|or_class=normal|rr=1.25|start=10:00|stop_mode=fixed|stop_points=40|target_mode=rr|time_exit=15:55|touch_tolerance=5,or_retest,long,2025-10-23,normal,94.0,2025-10-23 10:21:00-04:00,2025-10-23 10:22:00-04:00,25110.5,2025-10-23 10:25:00-04:00,25158.0,target,93.66,full_history,2025-10-23,0.9433867985809252,up,0.25 to 1%,621,True,True,585,False,50.0,0.9946808510638298,True,91.25,0.3647629041123368,25107.5,31.0,1.5257210167699615,58.83821459567736,19.795060577023833,-3.746113933975721,50.18024230809533,14.75,72.25,108.75,True,False,down,0.4646360351058338,False
or_retest_slip_filter|long|buffer_points=0|confirm_pattern=break_prev|end=11:00|max_close_vwap_delta=65|max_risk_points=120|max_stop=120|min_reward_points=8|or_class=normal|rr=1.25|start=10:00|stop_mode=fixed|stop_points=40|target_mode=rr|time_exit=15:55|touch_tolerance=5,or_retest,long,2025-10-24,normal,100.75,2025-10-24 10:10:00-04:00,2025-10-24 10:11:00-04:00,25537.25,2025-10-24 10:26:00-04:00,25494.75,stop,-86.34,full_history,2025-10-24,0.1619759097647,up,0 to 0.25%,610,True,False,607,True,65.0,0.9181141439205955,True,67.0,0.26308814434508054,25533.75,7.5,2.278092424099864,72.36213615402242,32.79535118257263,35.797391167205205,189.6814047302796,3.0,16.75,103.75,True,True,up,0.8151986183074266,True
or_retest_slip_filter|long|buffer_points=0|confirm_pattern=break_prev|end=11:00|max_close_vwap_delta=65|max_risk_points=120|max_stop=120|min_reward_points=8|or_class=normal|rr=1.25|start=10:00|stop_mode=fixed|stop_points=40|target_mode=rr|time_exit=15:55|touch_tolerance=5,or_retest,long,2025-11-10,normal,115.75,2025-11-10 10:04:00-05:00,2025-11-10 10:05:00-05:00,25642.75,2025-11-10 10:48:00-05:00,25600.25,stop,-86.34,full_history,2025-11-10,0.6822898312385028,up,0.25 to 1%,604,False,False,586,False,70.0,0.9114470842332614,True,101.0,0.3954735894122763,25640.0,20.5,1.468434993273291,79.22492514474483,92.2978781757447,30.703613745568873,370.94151270297516,0.25,17.75,116.0,True,True,up,0.11691810344827586,False
or_retest_slip_filter|long|buffer_points=0|confirm_pattern=break_prev|end=11:00|max_close_vwap_delta=65|max_risk_points=120|max_stop=120|min_reward_points=8|or_class=normal|rr=1.25|start=10:00|stop_mode=fixed|stop_points=40|target_mode=rr|time_exit=15:55|touch_tolerance=5,or_retest,long,2025-11-20,normal,97.25,2025-11-20 10:23:00-05:00,2025-11-20 10:24:00-05:00,25247.0,2025-11-20 10:37:00-05:00,25294.5,target,93.66,full_history,2025-11-20,-4.254221993038543,down,<=-1%,623,True,True,587,False,35.0,0.6863753213367609,True,34.75,0.13784075921499106,25245.0,41.5,1.4085314224573307,68.9377697430449,57.08961550762251,27.396255644533085,289.6084620304864,2.75,55.25,100.0,True,True,up,0.23645833333333333,False
or_retest_slip_filter|long|buffer_points=0|confirm_pattern=break_prev|end=11:00|max_close_vwap_delta=65|max_risk_points=120|max_stop=120|min_reward_points=8|or_class=normal|rr=1.25|start=10:00|stop_mode=fixed|stop_points=40|target_mode=rr|time_exit=15:55|touch_tolerance=5,or_retest,long,2025-12-01,normal,110.75,2025-12-01 10:26:00-05:00,2025-12-01 10:27:00-05:00,25340.5,2025-12-01 10:34:00-05:00,25298.0,stop,-86.34,full_history,2025-12-01,0.5820687197457985,up,0.25 to 1%,626,True,True,590,False,40.0,0.34085778781038373,False,83.75,0.33162078420891916,25338.5,21.5,2.2939393289215975,49.45632054169793,-6.894908051996026,21.044320406665065,-43.57963220799866,18.75,51.25,129.5,False,True,up,0.7335285505124451,True
or_retest_slip_filter|long|buffer_points=0|confirm_pattern=break_prev|end=11:00|max_close_vwap_delta=65|max_risk_points=120|max_stop=120|min_reward_points=8|or_class=normal|rr=1.25|start=10:00|stop_mode=fixed|stop_points=40|target_mode=rr|time_exit=15:55|touch_tolerance=5,or_retest,long,2025-12-02,normal,141.75,2025-12-02 10:12:00-05:00,2025-12-02 10:13:00-05:00,25633.75,2025-12-02 10:28:00-05:00,25591.25,stop,-86.34,full_history,2025-12-02,0.42365817062048894,up,0.25 to 1%,612,True,False,600,True,55.00000000000001,0.8747795414462081,True,138.75,0.5442830664221576,25631.0,18.0,2.1424362650744393,67.36916944739426,29.646956090455205,46.952785571382265,152.33782436180627,18.0,23.25,159.75,True,True,up,0.5126416739319966,False
or_retest_slip_filter|long|buffer_points=0|confirm_pattern=break_prev|end=11:00|max_close_vwap_delta=65|max_risk_points=120|max_stop=120|min_reward_points=8|or_class=normal|rr=1.25|start=10:00|stop_mode=fixed|stop_points=40|target_mode=rr|time_exit=15:55|touch_tolerance=5,or_retest,long,2025-12-16,normal,140.5,2025-12-16 10:04:00-05:00,2025-12-16 10:05:00-05:00,25116.5,2025-12-16 10:10:00-05:00,25074.0,stop,-86.34,full_history,2025-12-16,0.5692447752533525,up,0.25 to 1%,604,False,False,590,False,65.0,0.398576512455516,True,123.5,0.49421251137988786,25112.75,52.25,1.8028313382748626,49.852851607166905,10.050048360790242,36.497708518392756,2.450193443146418,6.25,51.75,152.25,True,True,down,0.8615179760319573,True
or_retest_slip_filter|long|buffer_points=0|confirm_pattern=break_prev|end=11:00|max_close_vwap_delta=65|max_risk_points=120|max_stop=120|min_reward_points=8|or_class=normal|rr=1.25|start=10:00|stop_mode=fixed|stop_points=40|target_mode=rr|time_exit=15:55|touch_tolerance=5,or_retest,long,2025-12-23,normal,99.5,2025-12-23 10:58:00-05:00,2025-12-23 10:59:00-05:00,25740.75,2025-12-23 14:19:00-05:00,25788.25,target,93.66,full_history,2025-12-23,0.6492620249956227,up,0.25 to 1%,658,True,True,587,False,40.0,0.9195979899497487,True,93.25,0.36362572871375676,25737.75,12.75,1.3204604371043844,63.080510446896014,5.653381834450556,44.20394660272359,47.86352733779495,0.25,13.5,110.5,True,True,down,0.5574018126888217,False
or_retest_slip_filter|long|buffer_points=0|confirm_pattern=break_prev|end=11:00|max_close_vwap_delta=65|max_risk_points=120|max_stop=120|min_reward_points=8|or_class=normal|rr=1.25|start=10:00|stop_mode=fixed|stop_points=40|target_mode=rr|time_exit=15:55|touch_tolerance=5,or_retest,long,2026-01-02,normal,95.5,2026-01-02 10:00:00-05:00,2026-01-02 10:01:00-05:00,25769.0,2026-01-02 10:05:00-05:00,25726.5,stop,-86.34,full_history,2026-01-02,-1.1718331792301306,down,<=-1%,600,False,False,587,False,40.0,0.5471204188481675,True,80.25,0.3124239622366076,25766.5,34.0,2.9506410902599156,64.02220429330293,35.56608930069342,54.30158951278281,175.51435720276277,33.0,37.0,128.5,True,True,down,0.9021190716448032,True
or_retest_slip_filter|long|buffer_points=0|confirm_pattern=break_prev|end=11:00|max_close_vwap_delta=65|max_risk_points=120|max_stop=120|min_reward_points=8|or_class=normal|rr=1.25|start=10:00|stop_mode=fixed|stop_points=40|target_mode=rr|time_exit=15:55|touch_tolerance=5,or_retest,long,2026-01-07,normal,93.5,2026-01-07 10:06:00-05:00,2026-01-07 10:07:00-05:00,25867.75,2026-01-07 10:17:00-05:00,25825.25,stop,-86.34,full_history,2026-01-07,0.16963610631821613,up,0 to 0.25%,606,False,False,586,False,35.0,0.8983957219251337,True,74.75,0.2898354045094198,25865.25,26.5,2.102944801903011,71.88852721582951,8.392013953562127,31.041676053078845,41.818055814241234,1.0,14.75,94.5,True,True,up,0.7751091703056768,True
or_retest_slip_filter|long|buffer_points=0|confirm_pattern=break_prev|end=11:00|max_close_vwap_delta=65|max_risk_points=120|max_stop=120|min_reward_points=8|or_class=normal|rr=1.25|start=10:00|stop_mode=fixed|stop_points=40|target_mode=rr|time_exit=15:55|touch_tolerance=5,or_retest,long,2026-01-20,normal,124.75,2026-01-20 10:59:00-05:00,2026-01-20 11:00:00-05:00,25365.5,2026-01-20 11:10:00-05:00,25413.0,target,93.66,full_history,2026-01-20,-0.3971516009864451,down,-1 to -0.25%,659,True,True,591,False,65.0,0.8096192384769539,True,121.0,0.479355049569663,25363.25,42.75,1.9915957885739553,43.99303877026128,6.631593296053325,41.814520751169766,1.0263731842132984,6.0,54.5,130.75,True,True,up,0.5763411279229711,False
or_retest_slip_filter|long|buffer_points=0|confirm_pattern=break_prev|end=11:00|max_close_vwap_delta=65|max_risk_points=120|max_stop=120|min_reward_points=8|or_class=normal|rr=1.25|start=10:00|stop_mode=fixed|stop_points=40|target_mode=rr|time_exit=15:55|touch_tolerance=5,or_retest,long,2026-01-26,normal,123.0,2026-01-26 10:13:00-05:00,2026-01-26 10:14:00-05:00,25836.0,2026-01-26 10:21:00-05:00,25883.5,target,93.66,full_history,2026-01-26,0.37089179086362556,up,0.25 to 1%,613,True,False,586,False,65.0,0.9126016260162602,True,85.0,0.33011311228701157,25833.75,24.0,1.776641494376875,65.31179891696624,17.460416511596122,31.346045028236404,65.59166604638085,6.5,19.75,129.5,True,True,up,0.45141342756183744,False
or_retest_slip_filter|long|buffer_points=0|confirm_pattern=break_prev|end=11:00|max_close_vwap_delta=65|max_risk_points=120|max_stop=120|min_reward_points=8|or_class=normal|rr=1.25|start=10:00|stop_mode=fixed|stop_points=40|target_mode=rr|time_exit=15:55|touch_tolerance=5,or_retest,long,2026-02-10,normal,145.0,2026-02-10 10:18:00-05:00,2026-02-10 10:19:00-05:00,25415.75,2026-02-10 10:24:00-05:00,25373.25,stop,-86.34,full_history,2026-02-10,-0.618688734545092,down,-1 to -0.25%,618,True,False,606,True,60.0,0.30517241379310345,False,37.0,0.14580562533865749,25413.25,45.0,2.439443768763519,60.04290313354968,4.994853300599061,57.81503130364945,41.97941320238169,3.0,33.75,162.0,True,True,up,0.5929250263991552,False
or_retest_slip_filter|long|buffer_points=0|confirm_pattern=break_prev|end=11:00|max_close_vwap_delta=65|max_risk_points=120|max_stop=120|min_reward_points=8|or_class=normal|rr=1.25|start=10:00|stop_mode=fixed|stop_points=40|target_mode=rr|time_exit=15:55|touch_tolerance=5,or_retest,long,2026-02-19,normal,120.75,2026-02-19 10:01:00-05:00,2026-02-19 10:02:00-05:00,24897.5,2026-02-19 10:03:00-05:00,24945.0,target,93.66,full_history,2026-02-19,0.11576870419585106,up,0 to 0.25%,601,False,False,593,False,35.0,0.6956521739130435,True,62.0,0.2496577273093381,24896.0,37.25,2.4030427861223838,42.56188309038585,-9.275786944759602,55.7988712194383,-22.85314777905296,12.75,24.0,133.5,False,True,up,0.39575033200531207,False
or_retest_slip_filter|long|buffer_points=0|confirm_pattern=break_prev|end=11:00|max_close_vwap_delta=65|max_risk_points=120|max_stop=120|min_reward_points=8|or_class=normal|rr=1.25|start=10:00|stop_mode=fixed|stop_points=40|target_mode=rr|time_exit=15:55|touch_tolerance=5,or_retest,long,2026-02-24,normal,218.25,2026-02-24 10:20:00-05:00,2026-02-24 10:21:00-05:00,24917.5,2026-02-24 10:26:00-05:00,24965.0,target,93.66,full_history,2026-02-24,0.9080922000826552,up,0.25 to 1%,620,True,True,585,False,70.0,0.993127147766323,True,110.75,0.4464870639695917,24915.5,28.5,2.4079628109615983,56.445652760505205,15.212767963766964,64.11433758820931,111.35107185505694,3.25,48.75,221.5,True,True,down,0.5715245130960376,False
or_retest_slip_filter|long|buffer_points=0|confirm_pattern=break_prev|end=11:00|max_close_vwap_delta=65|max_risk_points=120|max_stop=120|min_reward_points=8|or_class=normal|rr=1.25|start=10:00|stop_mode=fixed|stop_points=40|target_mode=rr|time_exit=15:55|touch_tolerance=5,or_retest,long,2026-02-27,normal,130.0,2026-02-27 10:01:00-05:00,2026-02-27 10:02:00-05:00,24917.0,2026-02-27 10:07:00-05:00,24964.5,target,93.66,full_history,2026-02-27,0.7354274546150563,up,0.25 to 1%,601,False,False,588,False,35.0,0.49230769230769234,True,99.25,0.39995164312627285,24914.75,43.25,2.488725947315773,35.50264944016398,-24.811777531045664,41.93632228064962,-65.49711012418993,4.75,24.0,134.75,False,True,down,0.5385416666666667,False
or_retest_slip_filter|long|buffer_points=0|confirm_pattern=break_prev|end=11:00|max_close_vwap_delta=65|max_risk_points=120|max_stop=120|min_reward_points=8|or_class=normal|rr=1.25|start=10:00|stop_mode=fixed|stop_points=40|target_mode=rr|time_exit=15:55|touch_tolerance=5,or_retest,long,2026-03-19,normal,125.5,2026-03-19 10:31:00-04:00,2026-03-19 10:32:00-04:00,24258.25,2026-03-19 10:34:00-04:00,24305.75,target,93.66,full_history,2026-03-19,0.6029569670438661,up,0.25 to 1%,631,True,True,589,False,50.0,0.8545816733067729,True,45.75,0.1889402824812203,24259.75,46.5,1.2968809797168006,22.25187688966807,-38.356989333846286,27.057769286751864,-106.9279573353997,20.5,73.25,146.0,False,True,down,0.7825475017593244,True
or_retest_slip_filter|long|buffer_points=0|confirm_pattern=break_prev|end=11:00|max_close_vwap_delta=65|max_risk_points=120|max_stop=120|min_reward_points=8|or_class=normal|rr=1.25|start=10:00|stop_mode=fixed|stop_points=40|target_mode=rr|time_exit=15:55|touch_tolerance=5,or_retest,long,2026-03-23,normal,136.0,2026-03-23 10:07:00-04:00,2026-03-23 10:08:00-04:00,24583.75,2026-03-23 10:17:00-04:00,24631.25,target,93.66,full_history,2026-03-23,-0.3868294276149209,down,-1 to -0.25%,607,False,False,589,False,60.0,0.47610294117647056,True,87.75,0.35825100024495793,24581.75,47.75,8.277655489070192,87.50454609086552,56.242625188897364,45.662093999708304,206.72050075558218,13.25,33.75,149.25,True,True,flat,,False
or_retest_slip_filter|long|buffer_points=0|confirm_pattern=break_prev|end=11:00|max_close_vwap_delta=65|max_risk_points=120|max_stop=120|min_reward_points=8|or_class=normal|rr=1.25|start=10:00|stop_mode=fixed|stop_points=40|target_mode=rr|time_exit=15:55|touch_tolerance=5,or_retest,long,2026-04-01,normal,151.0,2026-04-01 10:47:00-04:00,2026-04-01 10:48:00-04:00,24206.75,2026-04-01 10:53:00-04:00,24254.25,target,93.66,full_history,2026-04-01,0.46288128029225994,up,0.25 to 1%,647,True,True,622,True,75.0,0.3526490066225166,True,116.0,0.48156258756861803,24204.25,31.0,1.5182391536394038,82.85982222904636,35.54060612468311,56.286748226713826,140.4124244987288,9.75,40.0,160.75,True,True,up,0.8868398994132439,True
or_retest_slip_filter|long|buffer_points=0|confirm_pattern=break_prev|end=11:00|max_close_vwap_delta=65|max_risk_points=120|max_stop=120|min_reward_points=8|or_class=normal|rr=1.25|start=10:00|stop_mode=fixed|stop_points=40|target_mode=rr|time_exit=15:55|touch_tolerance=5,or_retest,long,2026-04-06,normal,128.5,2026-04-06 10:30:00-04:00,2026-04-06 10:31:00-04:00,24385.75,2026-04-06 10:36:00-04:00,24343.25,stop,-86.34,full_history,2026-04-06,0.4080118694361978,up,0.25 to 1%,630,True,True,590,False,55.00000000000001,0.6498054474708171,True,119.5,0.49249917573359614,24383.5,26.0,1.4757074729477837,64.55080767964697,21.18674547016053,42.528591976089956,102.74698188063485,9.75,69.5,138.25,True,True,up,0.7761763459092836,True
or_retest_slip_filter|long|buffer_points=0|confirm_pattern=break_prev|end=11:00|max_close_vwap_delta=65|max_risk_points=120|max_stop=120|min_reward_points=8|or_class=normal|rr=1.25|start=10:00|stop_mode=fixed|stop_points=40|target_mode=rr|time_exit=15:55|touch_tolerance=5,or_retest,long,2026-04-14,normal,100.75,2026-04-14 10:09:00-04:00,2026-04-14 10:10:00-04:00,25761.0,2026-04-14 10:35:00-04:00,25808.5,target,93.66,full_history,2026-04-14,1.3466897936114997,up,>=1%,609,False,False,585,False,40.0,0.9255583126550868,True,103.0,0.40147336828360025,25758.5,14.25,1.9049549579585388,80.19095022137786,41.8973914327762,28.2186932092809,204.0895657310939,2.25,5.25,103.0,True,True,up,0.8251121076233184,True
or_retest_slip_filter|long|buffer_points=0|confirm_pattern=break_prev|end=11:00|max_close_vwap_delta=65|max_risk_points=120|max_stop=120|min_reward_points=8|or_class=normal|rr=1.25|start=10:00|stop_mode=fixed|stop_points=40|target_mode=rr|time_exit=15:55|touch_tolerance=5,or_retest,long,2026-04-21,normal,111.75,2026-04-21 10:05:00-04:00,2026-04-21 10:06:00-04:00,26844.25,2026-04-21 10:46:00-04:00,26801.75,stop,-86.34,full_history,2026-04-21,-0.6210832587287385,down,-1 to -0.25%,605,False,False,599,True,55.00000000000001,0.38031319910514544,False,33.5,0.12496269770216895,26841.5,20.25,2.511982944768109,69.61990270301496,20.78519562855581,59.96750641316248,86.14078251421233,3.5,12.25,115.25,True,True,down,0.19844357976653695,False
or_retest_slip_filter|long|buffer_points=0|confirm_pattern=break_prev|end=11:00|max_close_vwap_delta=65|max_risk_points=120|max_stop=120|min_reward_points=8|or_class=normal|rr=1.25|start=10:00|stop_mode=fixed|stop_points=40|target_mode=rr|time_exit=15:55|touch_tolerance=5,or_retest,long,2026-04-23,normal,103.75,2026-04-23 10:52:00-04:00,2026-04-23 10:53:00-04:00,27070.75,2026-04-23 11:10:00-04:00,27118.25,target,93.66,full_history,2026-04-23,-0.3266703683138972,down,-1 to -0.25%,652,True,True,586,False,55.00000000000001,0.9156626506024096,True,53.0,0.1961873033499817,27068.0,15.5,1.6371071739761835,57.70027584611352,1.7912406655377708,40.28828460253135,40.91496266214017,0.25,34.5,104.0,True,True,up,0.6958808063102542,True
