rule_id,trades,pnl_1,pnl_3,pnl_5,pf_1,pf_1_5,pf_3,pf_5,oos_avg_3,oos_avg_5,pass_1,pass_1_5,pass_3,pass_5,max_drawdown_5
or_retest_slip_filter|long|buffer_points=0|confirm_pattern=break_prev|end=11:00|max_risk_points=120|max_stop=120|min_reward_points=8|min_signal_rsi=60|or_class=normal_tight|rr=2|start=10:10|stop_mode=fixed|stop_points=40|target_mode=rr|time_exit=15:55|touch_tolerance=5,86,3556.2599999999984,2894.2599999999984,2712.2599999999984,2.0797486033519546,2.0595002414292605,1.8170613277324204,1.7479455530185197,25.331428571428564,23.159999999999993,True,True,True,True,-450.72000000000014
or_retest_slip_filter|long|buffer_points=0|confirm_pattern=break_prev|end=11:00|max_risk_points=120|max_signal_volume_ratio=2|max_stop=120|min_reward_points=8|or_class=normal|rr=2|start=10:00|stop_mode=fixed|stop_points=40|target_mode=rr|time_exit=15:55|touch_tolerance=5,82,2846.119999999999,2676.119999999999,2506.119999999999,1.843060006990645,1.8254584211704015,1.7739058514606958,1.7079555020706563,27.81151515151515,25.690303030303028,True,True,True,True,-450.72
or_retest_slip_filter|long|buffer_points=0|confirm_pattern=break_prev|end=11:00|max_close_vwap_delta=65|max_risk_points=120|max_stop=120|min_reward_points=8|or_class=normal|rr=1.25|start=10:00|stop_mode=fixed|stop_points=40|target_mode=rr|time_exit=15:55|touch_tolerance=5,95,2750.6999999999985,2558.6999999999985,2186.699999999999,1.9279612986802679,1.9062650893288258,1.842719943087502,1.6845031271716462,19.870526315789466,17.870526315789466,True,True,True,True,-417.0600000000003
or_retest_slip_filter|long|buffer_points=0|confirm_pattern=break_prev|end=11:00|max_risk_points=120|max_stop=120|min_reward_points=8|min_signal_rsi=60|or_class=normal_tight|rr=1.25|start=10:10|stop_mode=fixed|stop_points=40|target_mode=rr|time_exit=15:55|touch_tolerance=5,86,2351.7599999999984,1995.7599999999995,1819.7599999999998,1.8655022412612885,1.8441830180120855,1.695978462525631,1.619902165174617,21.888571428571424,19.831428571428564,True,True,True,True,-330.72
or_retest_slip_filter|long|buffer_points=0|confirm_pattern=break_prev|end=11:00|max_risk_points=120|max_stop=120|min_reward_points=8|min_signal_rsi=60|or_class=normal_tight|rr=1.5|start=10:10|stop_mode=fixed|stop_points=40|target_mode=rr|time_exit=15:55|touch_tolerance=5,86,2571.7599999999984,2133.2599999999984,1955.2599999999998,1.844146551214804,1.8246962558889157,1.6656203586985003,1.595948697316606,25.81714285714285,23.702857142857138,True,True,True,True,-490.7200000000001
or_retest_slip_filter|long|buffer_points=0|confirm_pattern=break_prev|end=11:00|max_risk_points=120|max_stop=120|min_reward_points=8|min_signal_rsi=55|or_class=normal_tight|rr=2|start=10:10|stop_mode=fixed|stop_points=40|target_mode=rr|time_exit=15:55|touch_tolerance=5,102,3578.819999999999,2882.819999999998,2666.8199999999983,1.8692786009230016,1.8509946885562523,1.657325659874865,1.5939888811674767,36.06243902439024,33.867317073170724,True,True,True,True,-728.7600000000001
or_retest_slip_filter|long|buffer_points=0|confirm_pattern=break_prev|end=11:00|max_risk_points=120|max_signal_rsi=70|max_stop=120|min_reward_points=8|or_class=normal|rr=1.25|start=10:00|stop_mode=fixed|stop_points=40|target_mode=rr|time_exit=15:55|touch_tolerance=5,82,2201.119999999999,2035.1199999999997,1689.1199999999997,1.835377702210347,1.814680408015451,1.7540609437989088,1.5928359340451066,24.750909090909087,22.750909090909087,True,True,True,True,-510.72000000000014
or_retest_slip_filter|long|buffer_points=0|confirm_pattern=break_prev|end=11:00|max_risk_points=120|max_signal_volume_ratio=2.5|max_stop=120|min_reward_points=8|or_class=normal|rr=1.25|start=10:00|stop_mode=fixed|stop_points=40|target_mode=rr|time_exit=15:55|touch_tolerance=5,94,2473.0399999999986,2283.0399999999986,1913.04,1.8117430036302993,1.7913463922638226,1.7316075857693114,1.5830803555100392,19.870526315789466,17.870526315789466,True,True,True,True,-503.4000000000003
or_retest_slip_filter|long|buffer_points=0|confirm_pattern=break_prev|end=11:00|max_risk_points=120|max_signal_volume_ratio=2.25|max_stop=120|min_reward_points=8|or_class=normal|rr=1.5|start=10:00|stop_mode=fixed|stop_points=40|target_mode=rr|time_exit=15:55|touch_tolerance=5,90,2322.3999999999987,2140.3999999999996,1958.3999999999999,1.6879269181324308,1.6703783962030827,1.6189812431678972,1.5532297157578938,21.21555555555555,19.21555555555555,True,True,True,True,-577.0600000000003
or_retest_slip_filter|long|buffer_points=0|confirm_pattern=break_prev|end=11:00|max_risk_points=120|max_signal_volume_ratio=2|max_stop=120|min_reward_points=8|or_class=normal_tight|rr=2|start=10:00|stop_mode=fixed|stop_points=40|target_mode=rr|time_exit=15:55|touch_tolerance=5,150,4371.999999999998,4059.999999999999,3668.4999999999995,1.6807296824299491,1.6645495177605265,1.6171600907194927,1.5447307306237115,27.635,24.209999999999997,True,True,True,True,-556.0800000000004
or_retest_slip_shape|long|buffer_points=0|confirm_pattern=break_prev|end=11:00|max_risk_points=120|max_stop=120|min_reward_points=8|or_class=normal|rr=1.25|start=10:00|stop_mode=fixed|stop_points=40|target_mode=rr|time_exit=15:55|touch_tolerance=10,114,2806.239999999999,2576.239999999999,2166.239999999999,1.7408940659619172,1.721332899460457,1.6640409934942408,1.5338222465364533,17.3991304347826,15.399130434782599,True,True,True,True,-496.079999999999
or_retest_slip_filter|long|buffer_points=0|confirm_pattern=break_prev|end=11:00|max_risk_points=120|max_stop=120|min_reward_points=8|min_signal_rsi=50|or_class=normal_tight|rr=2|start=10:10|stop_mode=fixed|stop_points=40|target_mode=rr|time_exit=15:55|touch_tolerance=5,112,3575.419999999999,2861.4199999999983,2627.4199999999987,1.7618006639138526,1.7448135064847048,1.5750372784894067,1.515781125467701,32.96,30.826666666666668,True,True,True,True,-747.7800000000002
or_retest_slip_filter|long|buffer_points=0|confirm_pattern=break_prev|end=11:00|max_close_vwap_delta=65|max_risk_points=120|max_stop=120|min_reward_points=8|or_class=normal|rr=1.5|start=10:00|stop_mode=fixed|stop_points=40|target_mode=rr|time_exit=15:55|touch_tolerance=5,95,2310.699999999999,2118.7000000000003,1926.7000000000003,1.6377934064963449,1.6207749879285362,1.5709304330954788,1.5071651188746387,20.923157894736836,18.923157894736836,True,True,True,True,-577.0600000000002
or_retest_slip_filter|long|buffer_points=0|confirm_pattern=break_prev|end=11:00|max_risk_points=120|max_signal_rsi=70|max_stop=120|min_reward_points=8|or_class=normal|rr=1.5|start=10:00|stop_mode=fixed|stop_points=40|target_mode=rr|time_exit=15:55|touch_tolerance=5,82,1981.1199999999994,1815.1199999999994,1649.12,1.6331641588791013,1.6161592416579829,1.566354230370804,1.5026395035538804,24.750909090909087,22.750909090909087,True,True,True,True,-490.7200000000002
or_retest_slip_filter|long|buffer_points=0|confirm_pattern=break_prev|end=11:00|max_risk_points=120|max_signal_volume_ratio=2|max_stop=120|min_reward_points=8|or_class=normal|rr=1.25|start=10:00|stop_mode=fixed|stop_points=40|target_mode=rr|time_exit=15:55|touch_tolerance=5,82,2321.119999999999,1973.1199999999997,1625.1199999999997,1.909337365917869,1.8874939642684683,1.7310884515058094,1.5703736461206925,33.78121212121212,31.72060606060606,True,True,True,False,-510.72000000000014
or_retest_slip_filter|long|buffer_points=0|confirm_pattern=break_prev|end=11:00|max_risk_points=120|max_signal_ema_slope=30|max_stop=120|min_reward_points=8|or_class=normal_tight|rr=2|start=10:00|stop_mode=fixed|stop_points=40|target_mode=rr|time_exit=15:55|touch_tolerance=5,160,4526.0999999999985,3714.0999999999985,3302.5999999999985,1.6543859953502893,1.6385085419971943,1.5120608169590413,1.4447802360597093,24.105312499999997,20.769374999999997,True,True,True,False,-796.0800000000003
or_retest_slip_shape|long|buffer_points=0|confirm_pattern=break_prev|end=11:00|max_risk_points=120|max_stop=120|min_reward_points=8|or_class=normal_tight|rr=1.25|start=10:00|stop_mode=fixed|stop_points=60|target_mode=rr|time_exit=15:55|touch_tolerance=5,183,5533.279999999997,4875.279999999997,4365.279999999997,1.5889588313808805,1.576120016701957,1.5034698699624922,1.4432044315569743,28.531621621621618,26.301891891891888,True,True,True,False,-993.4000000000002
or_retest_slip_shape|long|buffer_points=0|confirm_pattern=break_prev|end=11:00|max_risk_points=120|max_stop=120|min_reward_points=8|or_class=normal_tight|rr=1.5|start=10:00|stop_mode=fixed|stop_points=60|target_mode=rr|time_exit=12:00|touch_tolerance=5,183,4948.279999999999,4406.779999999999,3493.7799999999997,1.649181222564199,1.6254080919549818,1.5639465689298173,1.4241547934694985,19.828918918918912,17.045135135135126,True,True,True,False,-1130.6200000000003
or_retest_slip_shape|long|buffer_points=0|confirm_pattern=break_prev|end=11:00|max_risk_points=120|max_stop=120|min_reward_points=8|or_class=normal_tight|rr=1.25|start=10:00|stop_mode=fixed|stop_points=60|target_mode=rr|time_exit=12:00|touch_tolerance=10,196,5319.359999999999,4236.359999999999,3353.3599999999988,1.6674060876765953,1.647223261265305,1.510627526704418,1.384064577310897,20.381518987341767,17.84987341772151,True,True,True,False,-920.6200000000003
or_retest_slip_filter|long|buffer_points=0|confirm_pattern=break_prev|end=11:00|max_risk_points=120|max_signal_volume_ratio=2|max_stop=120|min_reward_points=8|or_class=normal|rr=1.5|start=10:00|stop_mode=fixed|stop_points=40|target_mode=rr|time_exit=15:55|touch_tolerance=5,82,2301.119999999999,2133.1199999999994,1965.1199999999997,1.7762934175370406,1.7575245453082238,1.7025531578531334,1.632229171492548,40.447878787878786,38.38727272727272,False,False,False,False,-490.72000000000014
or_retest_slip_filter|long|buffer_points=0|confirm_pattern=break_prev|end=11:00|max_risk_points=120|max_signal_ema_slope=30|max_stop=120|min_reward_points=8|or_class=normal|rr=1.25|start=10:00|stop_mode=fixed|stop_points=40|target_mode=rr|time_exit=15:55|touch_tolerance=5,88,2427.079999999999,2249.0799999999995,1891.0799999999995,1.8669505207961243,1.845918425313147,1.7843183752040055,1.6257917204407815,10.659999999999993,8.659999999999995,False,False,False,False,-589.7399999999991
or_retest_slip_filter|long|buffer_points=0|confirm_pattern=break_prev|end=11:00|max_risk_points=120|max_signal_volume_ratio=2.25|max_stop=120|min_reward_points=8|or_class=normal|rr=1.25|start=10:00|stop_mode=fixed|stop_points=40|target_mode=rr|time_exit=15:55|touch_tolerance=5,90,2442.3999999999987,2260.3999999999987,1898.3999999999996,1.847496443318643,1.8266882803338613,1.765744097022256,1.6107636475947795,15.659999999999993,13.659999999999993,False,False,False,False,-417.0600000000003
or_retest_slip_filter|long|buffer_points=0|confirm_pattern=break_prev|end=11:00|max_risk_points=120|max_stop=120|min_reward_points=8|or_class=normal|rr=1.25|start=10:00|stop_mode=fixed|stop_points=40|target_mode=rr|time_exit=15:55|touch_tolerance=5,104,2729.6399999999985,2519.6399999999985,2129.639999999999,1.8085570241177265,1.7882194297558611,1.7286534757688095,1.5872795261259465,14.231428571428566,12.231428571428566,False,False,False,False,-503.3999999999992
or_retest_slip_shape|long|buffer_points=0|confirm_pattern=break_prev|end=11:00|max_risk_points=120|max_stop=120|min_reward_points=8|or_class=normal|rr=1.25|start=10:00|stop_mode=fixed|stop_points=40|target_mode=rr|time_exit=15:55|touch_tolerance=5,104,2729.6399999999985,2519.6399999999985,2129.639999999999,1.8085570241177265,1.7882194297558611,1.7286534757688095,1.5872795261259465,14.231428571428566,12.231428571428566,False,False,False,False,-503.3999999999992
or_retest_slip_filter|long|buffer_points=0|confirm_pattern=break_prev|end=11:00|max_risk_points=120|max_stop=120|min_reward_points=8|or_class=normal|rr=2|signal_vs_ema=above|start=10:00|stop_mode=fixed|stop_points=40|target_mode=rr|time_exit=15:55|touch_tolerance=5,82,2726.119999999999,2318.119999999999,2150.1199999999994,1.7882878193784189,1.771458462670437,1.6391957249449893,1.5791381827388737,2.4175757575757544,0.35696969696969355,False,False,False,False,-804.8199999999988
or_retest_slip_filter|long|buffer_points=0|confirm_pattern=break_prev|end=11:00|max_risk_points=120|max_signal_ema_slope=30|max_stop=120|min_reward_points=8|or_class=normal|rr=2|start=10:00|stop_mode=fixed|stop_points=40|target_mode=rr|time_exit=15:55|touch_tolerance=5,88,2833.0799999999995,2411.0799999999995,2229.0799999999995,1.764602056513642,1.7477815333440627,1.6214700333020582,1.5612492572337868,8.521111111111107,6.465555555555552,False,False,False,False,-785.799999999999
or_retest_slip_filter|long|buffer_points=0|confirm_pattern=break_prev|end=11:00|max_risk_points=120|max_stop=120|min_reward_points=8|or_class=normal|rr=2|start=10:00|stop_mode=fixed|stop_points=40|target_mode=rr|time_exit=15:55|touch_tolerance=5,104,3195.6399999999985,2741.6399999999985,2527.639999999999,1.7187092363191456,1.702411610064917,1.5910362817168595,1.5322804135868757,12.39809523809523,10.350476190476183,False,False,False,False,-823.8399999999997
or_retest_slip_shape|long|buffer_points=0|confirm_pattern=break_prev|end=11:00|max_risk_points=120|max_stop=120|min_reward_points=8|or_class=normal|rr=2|start=10:00|stop_mode=fixed|stop_points=40|target_mode=rr|time_exit=15:55|touch_tolerance=5,104,3195.6399999999985,2741.6399999999985,2527.639999999999,1.7187092363191456,1.702411610064917,1.5910362817168595,1.5322804135868757,12.39809523809523,10.350476190476183,False,False,False,False,-823.8399999999997
or_retest_slip_shape|long|buffer_points=0|confirm_pattern=break_prev|end=10:45|max_risk_points=120|max_stop=120|min_reward_points=8|or_class=normal_tight|rr=2.5|start=10:20|stop_mode=fixed|stop_points=40|target_mode=rr|time_exit=15:55|touch_tolerance=5,112,3383.9199999999996,3137.4199999999996,2893.4199999999996,1.6421393004615008,1.6268522151134714,1.5812448126630303,1.5236238996988647,16.404444444444437,14.22666666666666,False,False,False,False,-735.0999999999993
or_retest_slip_shape|long|buffer_points=0|confirm_pattern=break_prev|end=11:00|max_risk_points=120|max_stop=120|min_reward_points=8|or_class=normal_tight|rr=1.5|start=10:20|stop_mode=fixed|stop_points=60|target_mode=rr|time_exit=15:55|touch_tolerance=5,131,4388.959999999999,4096.959999999999,3804.959999999999,1.6016477264938516,1.5891371708595528,1.5522328107940528,1.504442588394384,2.0562264150943355,-0.2079245283018902,False,False,False,False,-631.7000000000007
or_retest_slip_shape|long|buffer_points=0|confirm_pattern=break_prev|end=10:45|max_risk_points=120|max_stop=120|min_reward_points=8|or_class=normal_tight|rr=1.5|start=10:20|stop_mode=fixed|stop_points=60|target_mode=rr|time_exit=15:55|touch_tolerance=5,112,3718.4199999999983,3468.4199999999983,3218.4199999999987,1.597447877837476,1.5849621750316802,1.5481206857316236,1.500388691260976,-1.9400000000000073,-4.162222222222229,False,False,False,False,-658.4200000000019
or_retest_slip_shape|long|buffer_points=0|confirm_pattern=break_prev|end=10:45|max_risk_points=120|max_stop=120|min_reward_points=8|or_class=normal_tight|rr=2|start=10:20|stop_mode=fixed|stop_points=60|target_mode=rr|time_exit=15:55|touch_tolerance=5,112,4737.42,4105.419999999999,3429.919999999999,1.7303282100297528,1.7166413432171521,1.610286247740462,1.492000149181367,-4.128888888888896,-7.495555555555562,False,False,False,False,-1025.4800000000032
or_retest_slip_shape|long|buffer_points=0|confirm_pattern=break_prev|end=11:00|max_risk_points=120|max_stop=120|min_reward_points=8|or_class=normal_tight|rr=2.5|start=10:20|stop_mode=fixed|stop_points=40|target_mode=rr|time_exit=15:55|touch_tolerance=10,143,4136.379999999997,3692.879999999998,3382.8799999999983,1.6052453681619845,1.590466162089206,1.5275377059578121,1.4720591888052552,14.685862068965516,12.47896551724138,False,False,False,False,-949.74
or_retest_slip_shape|long|buffer_points=0|confirm_pattern=break_prev|end=10:45|max_risk_points=120|max_stop=120|min_reward_points=8|or_class=normal_tight|rr=2.5|start=10:20|stop_mode=fixed|stop_points=60|target_mode=rr|time_exit=15:55|touch_tolerance=5,112,3958.42,3666.42,3374.42,1.5667110481180828,1.5537231540993883,1.5154606419322636,1.4660221795633137,2.1933333333333254,-0.34000000000000213,False,False,False,False,-930.4800000000032
or_retest_slip_shape|long|buffer_points=0|confirm_pattern=break_prev|end=11:00|max_risk_points=120|max_stop=120|min_reward_points=8|or_class=normal_tight|rr=1.25|start=10:20|stop_mode=fixed|stop_points=60|target_mode=rr|time_exit=15:55|touch_tolerance=5,131,4092.4599999999987,3542.459999999999,3253.459999999999,1.6123503710797218,1.5490435347514242,1.5118022867743304,1.462300747136073,9.358113207547166,7.037358490566033,False,False,False,False,-614.3800000000002
or_retest_slip_shape|long|buffer_points=0|confirm_pattern=break_prev|end=11:00|max_risk_points=120|max_stop=120|min_reward_points=8|or_class=normal_tight|rr=2|start=10:20|stop_mode=fixed|stop_points=60|target_mode=rr|time_exit=15:55|touch_tolerance=5,131,5147.959999999999,4465.959999999999,3740.4599999999996,1.6702985638207835,1.6568662017473361,1.5622906814530546,1.4556657627564633,-0.5569811320754751,-3.868301886792454,False,False,False,False,-1010.7200000000012
or_retest_slip_shape|long|buffer_points=0|confirm_pattern=break_prev|end=11:00|max_risk_points=120|max_stop=120|min_reward_points=8|or_class=normal_tight|rr=1.5|start=10:20|stop_mode=fixed|stop_points=60|target_mode=rr|time_exit=15:55|touch_tolerance=10,143,4420.879999999999,4104.879999999999,3788.88,1.5423540842665198,1.5304173823386407,1.4952034434836317,1.4495970230014903,1.5048275862068947,-0.7365517241379355,False,False,False,False,-910.560000000005
or_retest_slip_shape|long|buffer_points=0|confirm_pattern=break_prev|end=10:45|max_risk_points=120|max_stop=120|min_reward_points=8|or_class=normal_tight|rr=1.5|start=10:20|stop_mode=fixed|stop_points=60|target_mode=rr|time_exit=15:55|touch_tolerance=10,126,3805.6599999999985,3527.6599999999985,3249.6599999999985,1.5283760218588944,1.5165750439678343,1.4817522833544552,1.4366320190902053,-4.575294117647068,-6.771372549019616,False,False,False,False,-1118.5400000000045
or_retest_slip_shape|long|buffer_points=0|confirm_pattern=break_prev|end=11:00|max_risk_points=120|max_stop=120|min_reward_points=8|or_class=normal_tight|rr=2.5|start=10:20|stop_mode=fixed|stop_points=60|target_mode=rr|time_exit=15:55|touch_tolerance=5,131,4282.459999999999,3934.459999999999,3586.459999999999,1.5236369416626927,1.5106575135714113,1.4724205420073726,1.423016406590944,5.943018867924529,3.3392452830188666,False,False,False,False,-1010.7200000000012
or_retest_slip_filter|long|buffer_points=0|confirm_pattern=break_prev|end=11:00|max_risk_points=120|max_signal_volume_ratio=2.25|max_stop=120|min_reward_points=8|or_class=normal_tight|rr=2|start=10:00|stop_mode=fixed|stop_points=40|target_mode=rr|time_exit=15:55|touch_tolerance=5,161,4127.259999999998,3551.2599999999984,3135.7599999999984,1.5828442476176483,1.5675356248526153,1.4839824574314686,1.4174567800649127,18.744615384615383,15.429230769230765,True,True,False,False,-680.4600000000006
or_retest_slip_shape|long|buffer_points=0|confirm_pattern=break_prev|end=11:00|max_risk_points=120|max_stop=120|min_reward_points=8|or_class=normal_tight|rr=2.5|start=10:10|stop_mode=fixed|stop_points=40|target_mode=rr|time_exit=15:55|touch_tolerance=10,166,4646.059999999998,3824.0599999999977,3456.0599999999977,1.59395062833182,1.5788660448804284,1.4723020907438145,1.4167703750868255,25.555522388059696,23.25701492537313,True,True,False,False,-1059.4800000000005
or_retest_slip_shape|long|buffer_points=0|confirm_pattern=break_prev|end=11:00|max_risk_points=120|max_stop=120|min_reward_points=8|or_class=normal_tight|rr=1.25|start=10:00|stop_mode=fixed|stop_points=60|target_mode=rr|time_exit=15:55|touch_tolerance=10,196,6102.859999999998,5148.859999999997,4342.859999999997,1.6098761632183172,1.5969381764777288,1.4936870769171764,1.4045989561886165,25.691645569620256,23.47645569620253,True,True,False,False,-993.4000000000001
or_retest_slip_shape|long|buffer_points=0|confirm_pattern=break_prev|end=11:00|max_risk_points=120|max_stop=120|min_reward_points=8|or_class=normal_tight|rr=1.5|start=10:00|stop_mode=fixed|stop_points=60|target_mode=rr|time_exit=15:55|touch_tolerance=5,183,5465.279999999997,5053.279999999997,4341.279999999997,1.5331252316756738,1.5208170242523724,1.4845225995742806,1.4044517567967922,16.227567567567565,13.930270270270263,False,False,False,False,-1200.4599999999998
or_retest_slip_shape|long|buffer_points=0|confirm_pattern=break_prev|end=11:00|max_risk_points=120|max_stop=120|min_reward_points=8|or_class=normal_tight|rr=2|start=10:10|stop_mode=fixed|stop_points=40|target_mode=rr|time_exit=15:55|touch_tolerance=10,166,4356.559999999998,3530.5599999999977,3105.059999999998,1.6012431823702162,1.5857485404503748,1.4651226517007874,1.3993933968234364,25.839104477611933,22.503283582089544,True,True,False,False,-920.4600000000003
or_retest_slip_shape|long|buffer_points=0|confirm_pattern=break_prev|end=11:00|max_risk_points=120|max_stop=120|min_reward_points=8|or_class=normal_tight|rr=1.25|start=10:00|stop_mode=fixed|stop_points=60|target_mode=rr|time_exit=12:00|touch_tolerance=5,183,4704.779999999999,3764.279999999999,3183.2799999999997,1.632731996890659,1.6126688462186196,1.4859744069074492,1.3960111266477238,21.73432432432432,19.19378378378378,True,True,False,False,-920.6200000000003
or_retest_slip_filter|long|buffer_points=0|confirm_pattern=break_prev|end=11:00|max_risk_points=120|max_stop=120|min_reward_points=8|or_class=normal_tight|rr=2|start=10:00|stop_mode=fixed|stop_points=40|target_mode=rr|time_exit=15:55|touch_tolerance=5,183,4715.779999999997,3855.779999999998,3396.279999999998,1.584408599485458,1.5691793375969407,1.4571709746265116,1.3933611304146394,19.180270270270267,16.02486486486486,True,True,False,False,-834.1200000000006
or_retest_slip_shape|long|buffer_points=0|confirm_pattern=break_prev|end=11:00|max_risk_points=120|max_stop=120|min_reward_points=8|or_class=normal_tight|rr=2|start=10:00|stop_mode=fixed|stop_points=40|target_mode=rr|time_exit=15:55|touch_tolerance=5,183,4715.779999999997,3855.779999999998,3396.279999999998,1.584408599485458,1.5691793375969407,1.4571709746265116,1.3933611304146394,19.180270270270267,16.02486486486486,True,True,False,False,-834.1200000000006
or_retest_slip_shape|long|buffer_points=0|confirm_pattern=break_prev|end=10:45|max_risk_points=120|max_stop=120|min_reward_points=8|or_class=normal_tight|rr=1.5|start=10:00|stop_mode=fixed|stop_points=60|target_mode=rr|time_exit=15:55|touch_tolerance=5,168,4905.38,4527.38,3849.379999999999,1.5204636170533323,1.5082531123488194,1.4722405919670554,1.3897964226114288,15.52764705882352,13.26294117647058,False,False,False,False,-947.7799999999987
or_retest_slip_shape|long|buffer_points=0|confirm_pattern=break_prev|end=11:00|max_risk_points=120|max_stop=120|min_reward_points=8|or_class=normal_tight|rr=1.25|start=10:20|stop_mode=fixed|stop_points=60|target_mode=rr|time_exit=15:55|touch_tolerance=10,143,3974.3799999999983,3400.379999999999,3087.379999999999,1.5271354637791492,1.4715599096488101,1.436398217640838,1.3897262279851346,7.1427586206896505,4.849655172413788,False,False,False,False,-897.5400000000045
or_retest_slip_shape|long|buffer_points=0|confirm_pattern=break_prev|end=10:45|max_risk_points=120|max_stop=120|min_reward_points=8|or_class=normal_tight|rr=1.25|start=10:00|stop_mode=fixed|stop_points=60|target_mode=rr|time_exit=15:55|touch_tolerance=5,168,4638.379999999999,4012.3799999999987,3543.379999999999,1.5262920216218177,1.5139775762259187,1.4414224514448284,1.3833308451414266,21.75558823529412,19.66735294117647,True,True,False,False,-740.7199999999999
or_retest_slip_shape|long|buffer_points=0|confirm_pattern=break_prev|end=10:45|max_risk_points=120|max_stop=120|min_reward_points=8|or_class=normal_tight|rr=2|start=10:20|stop_mode=fixed|stop_points=60|target_mode=rr|time_exit=15:55|touch_tolerance=10,126,4464.659999999998,3804.6599999999985,3101.159999999998,1.5790664193719923,1.566839271187097,1.4773462945583928,1.3765929387306033,-4.153725490196089,-7.359607843137265,False,False,False,False,-1252.2600000000057
or_retest_slip_shape|long|buffer_points=0|confirm_pattern=break_prev|end=10:45|max_risk_points=120|max_stop=120|min_reward_points=8|or_class=normal_tight|rr=1.25|start=10:00|stop_mode=fixed|stop_points=60|target_mode=rr|time_exit=15:55|touch_tolerance=10,183,5503.279999999998,4577.279999999998,3808.279999999999,1.583901148220375,1.57120792095944,1.4653740964039164,1.3760135228533852,20.85594594594594,18.77486486486486,True,True,False,False,-800.5800000000017
or_retest_slip_shape|long|buffer_points=0|confirm_pattern=break_prev|end=11:00|max_risk_points=120|max_stop=120|min_reward_points=8|or_class=normal_tight|rr=2.5|start=10:00|stop_mode=fixed|stop_points=40|target_mode=rr|time_exit=15:55|touch_tolerance=5,183,4701.779999999997,3839.7799999999984,3431.779999999999,1.5419269620702527,1.5270930656139952,1.4278601975846794,1.3734100222188852,8.389729729729723,6.0924324324324255,False,False,False,False,-1115.440000000006
or_retest_slip_shape|long|buffer_points=0|confirm_pattern=break_prev|end=11:30|max_risk_points=120|max_stop=120|min_reward_points=8|or_class=normal_tight|rr=1.25|start=10:00|stop_mode=fixed|stop_points=60|target_mode=rr|time_exit=15:55|touch_tolerance=5,195,5193.199999999997,4507.199999999998,3969.199999999998,1.506584466511891,1.4942938451228158,1.4270713510092157,1.3697872316638935,27.615128205128205,25.39717948717949,True,False,False,False,-1050.4600000000005
or_retest_slip_shape|long|buffer_points=0|confirm_pattern=break_prev|end=11:00|max_risk_points=120|max_stop=120|min_reward_points=8|or_class=normal_tight|rr=1.5|start=10:00|stop_mode=fixed|stop_points=60|target_mode=rr|time_exit=12:00|touch_tolerance=10,196,5059.359999999999,4479.859999999999,3294.8599999999988,1.6110913830046791,1.587952304704473,1.5277215616334434,1.363821268382312,15.381518987341762,12.622025316455685,False,False,False,False,-1130.6200000000003
or_retest_slip_shape|long|buffer_points=0|confirm_pattern=break_prev|end=11:30|max_risk_points=120|max_stop=120|min_reward_points=8|or_class=normal_tight|rr=1.5|start=10:00|stop_mode=fixed|stop_points=60|target_mode=rr|time_exit=12:00|touch_tolerance=5,195,4664.199999999999,4080.699999999999,3125.6999999999994,1.5728764929277843,1.549402542124685,1.4882738650776555,1.3548061205957136,16.29461538461538,13.474102564102559,True,True,False,False,-1256.9600000000003
or_retest_slip_shape|long|buffer_points=0|confirm_pattern=break_prev|end=11:00|max_risk_points=120|max_stop=120|min_reward_points=8|or_class=normal_tight|rr=2|start=10:20|stop_mode=fixed|stop_points=60|target_mode=rr|time_exit=15:55|touch_tolerance=10,143,4759.879999999999,4053.8799999999997,3304.379999999999,1.5420559470502757,1.52985206617567,1.4473740550681453,1.3535669345933592,1.1858620689655133,-2.0124137931034523,False,False,False,False,-974.6200000000063
or_retest_slip_shape|long|buffer_points=0|confirm_pattern=break_prev|end=11:30|max_risk_points=120|max_stop=120|min_reward_points=8|or_class=normal_tight|rr=1.5|start=10:00|stop_mode=fixed|stop_points=60|target_mode=rr|time_exit=15:55|touch_tolerance=5,195,5215.199999999997,4775.199999999999,4035.199999999998,1.4695087587258662,1.4576282429377418,1.4225922982571344,1.3473195319036126,16.711282051282048,14.429230769230761,False,False,False,False,-1326.8000000000004
or_retest_slip_shape|long|buffer_points=0|confirm_pattern=break_prev|end=11:30|max_risk_points=120|max_stop=120|min_reward_points=8|or_class=normal_tight|rr=1.5|start=10:20|stop_mode=fixed|stop_points=60|target_mode=rr|time_exit=15:55|touch_tolerance=5,151,3795.659999999999,3455.659999999999,3115.6599999999994,1.4331471713960318,1.4216668674246984,1.387797975082426,1.3439305528878525,2.446885245901637,0.18459016393442376,False,False,False,False,-710.7200000000003
or_retest_slip_shape|long|buffer_points=0|confirm_pattern=break_prev|end=11:30|max_risk_points=120|max_stop=120|min_reward_points=8|or_class=normal_tight|rr=2|start=10:00|stop_mode=fixed|stop_points=40|target_mode=rr|time_exit=15:55|touch_tolerance=5,195,4563.699999999997,3677.6999999999975,3192.199999999998,1.5228779886434982,1.508163042190902,1.4037559613205803,1.3423373570466455,23.102307692307694,20.006153846153847,True,True,False,False,-958.5000000000002
or_retest_slip_shape|long|buffer_points=0|confirm_pattern=break_prev|end=11:30|max_risk_points=120|max_stop=120|min_reward_points=8|or_class=normal_tight|rr=1.25|start=10:00|stop_mode=fixed|stop_points=60|target_mode=rr|time_exit=12:00|touch_tolerance=10,209,5199.939999999999,4076.9399999999987,3153.9399999999987,1.6088751604170373,1.5889339836914023,1.4588947194251405,1.3375920260830656,17.08857142857142,14.564761904761898,True,True,False,False,-1046.9600000000005
or_retest_slip_shape|long|buffer_points=0|confirm_pattern=break_prev|end=11:00|max_risk_points=120|max_stop=120|min_reward_points=8|or_class=normal_tight|rr=2.5|start=10:20|stop_mode=fixed|stop_points=60|target_mode=rr|time_exit=15:55|touch_tolerance=10,143,3961.880000000001,3587.880000000001,3213.88,1.4269561693909922,1.4150016735755295,1.3797759374047351,1.3342443756656017,4.323793103448272,1.7031034482758582,False,False,False,False,-1130.1399999999987
or_retest_slip_shape|long|buffer_points=0|confirm_pattern=break_prev|end=11:00|max_risk_points=120|max_stop=120|min_reward_points=8|or_class=normal_tight|rr=1.5|start=10:10|stop_mode=fixed|stop_points=60|target_mode=rr|time_exit=15:55|touch_tolerance=5,153,4103.479999999998,3763.4799999999987,3123.4799999999987,1.4607721381683105,1.4492602290081453,1.4153190475034372,1.3341392236067366,14.159999999999991,11.869677419354831,False,False,False,False,-963.4000000000002
or_retest_slip_shape|long|buffer_points=0|confirm_pattern=break_prev|end=11:30|max_risk_points=120|max_stop=120|min_reward_points=8|or_class=normal_tight|rr=1.25|start=10:00|stop_mode=fixed|stop_points=60|target_mode=rr|time_exit=15:55|touch_tolerance=10,209,5640.439999999997,4656.439999999998,3820.439999999998,1.5134468897012774,1.5011755706094658,1.4075972591324322,1.3252972039582918,21.523095238095237,19.34452380952381,True,True,False,False,-1050.4600000000005
or_retest_slip_shape|long|buffer_points=0|confirm_pattern=break_prev|end=10:45|max_risk_points=120|max_stop=120|min_reward_points=8|or_class=normal_tight|rr=2|start=10:00|stop_mode=fixed|stop_points=60|target_mode=rr|time_exit=15:55|touch_tolerance=5,168,5421.879999999999,4420.379999999999,3486.879999999999,1.53210983963727,1.519878052355407,1.4213063567948396,1.3226722288747448,12.623235294117642,7.777647058823523,False,False,False,False,-1425.7799999999993
or_retest_slip_shape|long|buffer_points=0|confirm_pattern=break_prev|end=10:45|max_risk_points=120|max_stop=120|min_reward_points=8|or_class=normal_tight|rr=1.5|start=10:00|stop_mode=fixed|stop_points=60|target_mode=rr|time_exit=15:55|touch_tolerance=10,183,5269.279999999999,4557.279999999999,3545.279999999999,1.5125060789386662,1.4657511695749716,1.4306739723334727,1.3219346882883145,10.876216216216202,8.605945945945932,False,False,False,False,-1350.7400000000052
or_retest_slip_shape|long|buffer_points=0|confirm_pattern=break_prev|end=11:00|max_risk_points=120|max_stop=120|min_reward_points=8|or_class=normal_tight|rr=1.5|start=10:00|stop_mode=fixed|stop_points=60|target_mode=rr|time_exit=15:55|touch_tolerance=10,196,5473.859999999999,4731.859999999999,3689.859999999998,1.492795139982967,1.4489343554441947,1.4141990805418712,1.3108349900596423,9.799240506329099,7.49544303797467,False,False,False,False,-1200.4600000000005
or_retest_slip_shape|long|buffer_points=0|confirm_pattern=break_prev|end=11:00|max_risk_points=120|max_stop=120|min_reward_points=8|or_class=normal_tight|rr=1.5|start=10:10|stop_mode=fixed|stop_points=60|target_mode=rr|time_exit=15:55|touch_tolerance=10,166,4154.059999999998,3786.0599999999977,3118.0599999999986,1.4255319584840875,1.4143039857045818,1.3811966121763506,1.3047295699271517,14.85402985074626,12.555522388059693,False,False,False,False,-1247.7800000000004
or_retest_slip_shape|long|buffer_points=0|confirm_pattern=break_prev|end=11:00|max_risk_points=120|max_stop=120|min_reward_points=8|or_class=normal_tight|rr=2|start=10:00|stop_mode=fixed|stop_points=60|target_mode=rr|time_exit=15:55|touch_tolerance=5,183,5601.779999999998,4558.279999999999,3582.779999999999,1.502937659138167,1.4907232603207976,1.3977973260725383,1.3038576946106264,12.20729729729729,7.484324324324317,False,False,False,False,-1678.4599999999991
or_retest_slip_shape|long|buffer_points=0|confirm_pattern=break_prev|end=10:45|max_risk_points=120|max_stop=120|min_reward_points=8|or_class=normal_tight|rr=2.5|start=10:00|stop_mode=fixed|stop_points=60|target_mode=rr|time_exit=15:55|touch_tolerance=5,168,4127.38,3679.38,3231.38,1.383475021137033,1.3714298928829114,1.3359109101798157,1.2897765996369923,10.115882352941174,7.439411764705881,False,False,False,False,-1737.4599999999994
or_retest_slip_shape|long|buffer_points=0|confirm_pattern=break_prev|end=11:00|max_risk_points=120|max_stop=120|min_reward_points=8|or_class=normal_tight|rr=2.5|start=10:00|stop_mode=fixed|stop_points=60|target_mode=rr|time_exit=15:55|touch_tolerance=5,183,4357.28,3865.2799999999997,3373.2799999999997,1.372041236972563,1.3599409035500376,1.3242641038375327,1.2779564930784446,9.903243243243239,7.17351351351351,False,False,False,False,-1990.1399999999994
or_retest_slip_shape|long|buffer_points=0|confirm_pattern=break_prev|end=11:30|max_risk_points=120|max_stop=120|min_reward_points=8|or_class=normal_tight|rr=1.5|start=10:00|stop_mode=fixed|stop_points=60|target_mode=rr|time_exit=15:55|touch_tolerance=10,209,5101.439999999997,4329.439999999998,3257.4399999999982,1.4220775245108181,1.3819680393823188,1.348618711570485,1.2528769896720264,10.862380952380946,8.600476190476183,False,False,False,False,-1395.4399999999991
or_retest_slip_shape|long|buffer_points=0|confirm_pattern=break_prev|end=11:00|max_risk_points=120|max_stop=120|min_reward_points=8|or_class=normal_tight|rr=2|start=10:00|stop_mode=fixed|stop_points=60|target_mode=rr|time_exit=15:55|touch_tolerance=10,196,5968.359999999999,4536.86,3173.3599999999988,1.497591396056526,1.4510626269531892,1.364303425858713,1.245463349432706,6.033417721518976,1.4574683544303684,False,False,False,False,-1678.4599999999994
or_retest_slip_shape|long|buffer_points=0|confirm_pattern=break_prev|end=11:30|max_risk_points=120|max_stop=120|min_reward_points=8|or_class=normal_tight|rr=2|start=10:00|stop_mode=fixed|stop_points=60|target_mode=rr|time_exit=15:55|touch_tolerance=5,195,5171.699999999998,4100.199999999999,3096.699999999999,1.42681920368677,1.4151821223615102,1.3292402469342002,1.241897560480249,9.820256410256402,5.236923076923071,False,False,False,False,-1804.7999999999993
